x,y,z,u,v,w
0, -15470, 0, -52, 56, 18
0, -16270, 0, -53, 56, 18
0, -17070, 0, -53, 57, 17
0, -17870, 0, -54, 58, 16
0, -18670, 0, -55, 58, 15
0, -19470, 0, -56, 59, 15
0, -20270, 0, -56, 59, 14
0, -21070, 0, -57, 60, 13
0, -21870, 0, -59, 60, 13
0, -22670, 0, -60, 61, 12
0, -23470, 0, -62, 61, 11
0, -24270, 0, -64, 62, 11
0, -25070, 0, -67, 63, 10
0, -25870, 0, -69, 63, 10
0, -26670, 0, -71, 63, 9
0, -27470, 0, -74, 63, 9
0, -28270, 0, -76, 64, 8
0, -29070, 0, -79, 64, 8
0, -29870, 0, -81, 65, 7
0, -30670, 0, -83, 65, 6
0, -31470, 0, -85, 65, 6
0, -32270, 0, -87, 64, 5
0, -33070, 0, -87, 64, 4
0, -33870, 0, -88, 64, 2
0, -34670, 0, -89, 64, 0
0, -35470, 0, -89, 63, -1
0, -36270, 0, -88, 63, -3
0, -37070, 0, -88, 62, -5
0, -37870, 0, -86, 61, -7
0, -38670, 0, -84, 60, -10
0, -39470, 0, -81, 60, -12
0, -40270, 0, -76, 58, -14
0, -41070, 0, -72, 57, -17
0, -41870, 0, -67, 56, -20
0, -42670, 0, -61, 55, -22
0, -43470, 0, -57, 53, -25
0, -44270, 0, -52, 53, -27
0, -45070, 0, -46, 51, -28
0, -45870, 0, -43, 50, -30
0, -46670, 0, -39, 49, -32
0, -47470, 0, -35, 48, -34
0, -48270, 0, -33, 46, -35
0, -49070, 0, -30, 45, -35
0, -49870, 0, -27, 44, -36
0, -50670, 0, -25, 43, -35
0, -51470, 0, -23, 41, -36
0, -52270, 0, -21, 40, -36
0, -53070, 0, -19, 39, -35
0, -53870, 0, -17, 38, -35
0, -54670, 0, -16, 37, -35
0, -55470, 0, -15, 36, -34
0, -56270, 0, -14, 35, -33
0, -57070, 0, -13, 34, -32
0, -57870, 0, -12, 33, -32
0, -58670, 0, -11, 32, -31
0, -59470, 0, -10, 31, -30
0, -60270, 0, -9, 30, -29
0, -61070, 0, -9, 29, -29
0, -61870, 0, -8, 29, -28
0, -62670, 0, -8, 28, -26
0, -63470, 0, -7, 26, -26
0, -64270, 0, -7, 26, -25
0, -65070, 0, -6, 25, -24
0, -65870, 0, -6, 24, -24
0, -66670, 0, -5, 25, -23
0, -67470, 0, -5, 23, -23
0, -68270, 0, -5, 22, -22
0, -69070, 0, -4, 21, -21
0, -69870, 0, -4, 20, -20
0, -70670, 0, -4, 19, -20
0, -71470, 0, -3, 19, -19
0, -72270, 0, -3, 19, -18
0, -73070, 0, -3, 18, -18
0, -73870, 0, -3, 18, -18
0, -74670, 0, -2, 17, -17
0, -75470, 0, -2, 17, -16
0, -76270, 0, -2, 16, -16
0, -77070, 0, -2, 16, -15
0, -77870, 0, -1, 15, -15
0, -78670, 0, -1, 15, -15
0, -79470, 0, -1, 14, -14
0, -80270, 0, -1, 13, -14
0, -81070, 0, -1, 13, -14
0, -81870, 0, -1, 13, -13
0, -82670, 0, -1, 12, -13
0, -83470, 0, -1, 12, -13
0, -84270, 0, -1, 12, -12
0, -85070, 0, -1, 11, -12
0, -85870, 0, 0, 10, -12
0, -86670, 0, 0, 10, -11
0, -87470, 0, 0, 10, -11
0, -88270, 0, -1, 10, -11
0, -89070, 0, 0, 9, -11
0, -89870, 0, 0, 9, -10
0, -90670, 0, 0, 9, -10
0, -91470, 0, 0, 8, -10
0, -92270, 0, 1, 8, -10
0, -93070, 0, -1, 7, -9
0, -93870, 0, 0, 8, -9
0, -94670, 0, 0, 7, -9
0, -95470, 0, 0, 7, -9
270, -96000, 0, 0, 7, -9
1070, -96000, 0, -1, 7, -9
1870, -96000, 0, 0, 6, -9
2670, -96000, 0, 0, 7, -8
3470, -96000, 0, 0, 7, -7
4270, -96000, 0, 0, 7, -8
5070, -96000, 0, 0, 6, -7
5870, -96000, 0, 0, 7, -7
6670, -96000, 0, 0, 7, -6
7470, -96000, 0, 0, 7, -6
8000, -95730, 0, 0, 8, -6
8000, -94930, 0, 0, 7, -6
8000, -94130, 0, 1, 7, -6
8000, -93330, 0, -1, 8, -6
8000, -92530, 0, 0, 8, -6
8000, -91730, 0, 0, 8, -6
8000, -90930, 0, 0, 8, -6
8000, -90130, 0, 0, 9, -6
8000, -89330, 0, 0, 9, -6
8000, -88530, 0, 0, 9, -7
8000, -87730, 0, 0, 9, -7
8000, -86930, 0, 0, 10, -7
8000, -86130, 0, 0, 10, -7
8000, -85330, 0, 0, 11, -7
8000, -84530, 0, 0, 11, -7
8000, -83730, 0, 0, 12, -7
8000, -82930, 0, 0, 12, -7
8000, -82130, 0, -1, 13, -7
8000, -81330, 0, 0, 13, -8
8000, -80530, 0, 0, 14, -8
8000, -79730, 0, 1, 14, -8
8000, -78930, 0, 0, 15, -8
8000, -78130, 0, 0, 14, -8
8000, -77330, 0, 0, 15, -9
8000, -76530, 0, 0, 16, -9
8000, -75730, 0, -1, 16, -9
8000, -74930, 0, 0, 17, -9
8000, -74130, 0, 0, 17, -9
8000, -73330, 0, -1, 18, -10
8000, -72530, 0, -1, 18, -10
8000, -71730, 0, -1, 19, -10
8000, -70930, 0, -1, 20, -11
8000, -70130, 0, -1, 21, -11
8000, -69330, 0, -1, 21, -11
8000, -68530, 0, -2, 23, -11
8000, -67730, 0, -2, 23, -12
8000, -66930, 0, -2, 24, -12
8000, -66130, 0, -2, 24, -12
8000, -65330, 0, -2, 26, -13
8000, -64530, 0, -3, 27, -13
8000, -63730, 0, -3, 27, -14
8000, -62930, 0, -3, 28, -14
8000, -62130, 0, -3, 29, -14
8000, -61330, 0, -4, 30, -15
8000, -60530, 0, -4, 31, -15
8000, -59730, 0, -4, 32, -16
8000, -58930, 0, -4, 34, -16
8000, -58130, 0, -5, 35, -17
8000, -57330, 0, -5, 36, -17
8000, -56530, 0, -6, 37, -17
8000, -55730, 0, -6, 38, -18
8000, -54930, 0, -7, 39, -19
8000, -54130, 0, -8, 41, -19
8000, -53330, 0, -8, 42, -19
8000, -52530, 0, -9, 43, -19
8000, -51730, 0, -9, 45, -20
8000, -50930, 0, -10, 46, -20
8000, -50130, 0, -11, 48, -20
8000, -49330, 0, -12, 49, -20
8000, -48530, 0, -14, 51, -20
8000, -47730, 0, -15, 52, -20
8000, -46930, 0, -16, 54, -20
8000, -46130, 0, -18, 55, -19
8000, -45330, 0, -20, 57, -20
8000, -44530, 0, -21, 59, -19
8000, -43730, 0, -24, 61, -18
8000, -42930, 0, -25, 62, -17
8000, -42130, 0, -28, 64, -16
8000, -41330, 0, -30, 65, -15
8000, -40530, 0, -33, 67, -14
8000, -39730, 0, -35, 68, -13
8000, -38930, 0, -37, 70, -12
8000, -38130, 0, -40, 71, -10
8000, -37330, 0, -42, 73, -9
8000, -36530, 0, -42, 74, -8
8000, -35730, 0, -44, 74, -8
8000, -34930, 0, -44, 76, -7
8000, -34130, 0, -45, 76, -6
8000, -33330, 0, -45, 77, -5
8000, -32530, 0, -45, 77, -4
8000, -31730, 0, -44, 78, -3
8000, -30930, 0, -44, 78, -2
8000, -30130, 0, -44, 78, -1
8000, -29330, 0, -43, 78, -1
8000, -28530, 0, -43, 78, 0
8000, -27730, 0, -42, 77, 0
8000, -26930, 0, -41, 77, 1
8000, -26130, 0, -41, 76, 2
8000, -25330, 0, -40, 75, 2
8000, -24530, 0, -39, 76, 3
8000, -23730, 0, -39, 74, 3
8000, -22930, 0, -38, 74, 3
8000, -22130, 0, -38, 74, 4
8000, -21330, 0, -37, 73, 5
8000, -20530, 0, -37, 72, 5
8000, -19730, 0, -36, 73, 6
8000, -18930, 0, -37, 71, 6
8000, -18130, 0, -36, 71, 6
8000, -17330, 0, -35, 70, 8
8000, -16530, 0, -36, 70, 8
8000, -15730, 0, -36, 69, 9
8000, -14930, 0, -36, 69, 9
8000, -14130, 0, -36, 69, 10
8000, -13330, 0, -36, 69, 10
8000, -12530, 0, -36, 68, 10
8000, -11730, 0, -35, 68, 11
8000, -10930, 0, -35, 67, 11
8000, -10130, 0, -34, 67, 11
8000, -9330, 0, -35, 66, 11
8000, -8530, 0, -34, 66, 11
8000, -7730, 0, -33, 65, 12
8000, -6930, 0, -32, 65, 11
8000, -6130, 0, -31, 64, 11
8000, -5330, 0, -29, 63, 11
8000, -4530, 0, -27, 62, 11
8000, -3730, 0, -25, 61, 10
8000, -2930, 0, -23, 60, 10
8000, -2130, 0, -21, 58, 10
8000, -1330, 0, -18, 57, 9
8000, -530, 0, -17, 56, 9
8270, 0, 0, -15, 55, 8
9070, 0, 0, -13, 55, 7
9870, 0, 0, -12, 58, 5
10670, 0, 0, -10, 57, 4
11470, 0, 0, -8, 58, 4
12270, 0, 0, -7, 59, 1
13070, 0, 0, -5, 59, 0
13870, 0, 0, -3, 60, -2
14670, 0, 0, -2, 61, -3
15470, 0, 0, 0, 61, -4
16000, -270, 0, 1, 63, -5
16000, -1070, 0, 1, 62, -4
16000, -1870, 0, 1, 63, -5
16000, -2670, 0, 0, 65, -5
16000, -3470, 0, 1, 66, -5
16000, -4270, 0, 1, 67, -4
16000, -5070, 0, 1, 68, -4
16000, -5870, 0, 0, 69, -4
16000, -6670, 0, 1, 71, -3
16000, -7470, 0, 0, 72, -3
16000, -8270, 0, -1, 73, -2
16000, -9070, 0, -1, 75, -2
16000, -9870, 0, -3, 76, -2
16000, -10670, 0, -3, 76, -2
16000, -11470, 0, -5, 77, -1
16000, -12270, 0, -6, 78, -1
16000, -13070, 0, -8, 79, 0
16000, -13870, 0, -10, 80, 0
16000, -14670, 0, -12, 81, 1
16000, -15470, 0, -14, 81, 0
16000, -16270, 0, -16, 82, 1
16000, -17070, 0, -17, 82, 1
16000, -17870, 0, -18, 83, 1
16000, -18670, 0, -20, 84, 1
16000, -19470, 0, -20, 84, 1
16000, -20270, 0, -21, 84, 1
16000, -21070, 0, -20, 84, 1
16000, -21870, 0, -21, 85, 0
16000, -22670, 0, -20, 85, 0
16000, -23470, 0, -20, 86, -1
16000, -24270, 0, -19, 86, -1
16000, -25070, 0, -18, 86, -2
16000, -25870, 0, -17, 87, -3
16000, -26670, 0, -16, 86, -4
16000, -27470, 0, -14, 87, -4
16000, -28270, 0, -13, 87, -5
16000, -29070, 0, -11, 87, -6
16000, -29870, 0, -9, 87, -6
16000, -30670, 0, -8, 87, -6
16000, -31470, 0, -7, 87, -7
16000, -32270, 0, -6, 87, -7
16000, -33070, 0, -4, 87, -8
16000, -33870, 0, -4, 86, -8
16000, -34670, 0, -3, 86, -8
16000, -35470, 0, -2, 86, -8
16000, -36270, 0, -2, 85, -8
16000, -37070, 0, -1, 84, -8
16000, -37870, 0, -1, 83, -8
16000, -38670, 0, -2, 82, -8
16000, -39470, 0, -1, 81, -8
16000, -40270, 0, -1, 80, -7
16000, -41070, 0, -2, 78, -7
16000, -41870, 0, -2, 76, -7
16000, -42670, 0, -2, 74, -7
16000, -43470, 0, -2, 73, -6
16000, -44270, 0, -2, 71, -6
16000, -45070, 0, -2, 69, -6
16000, -45870, 0, -2, 67, -6
16000, -46670, 0, -1, 65, -6
16000, -47470, 0, -1, 63, -5
16000, -48270, 0, -1, 61, -5
16000, -49070, 0, -2, 60, -5
16000, -49870, 0, -1, 58, -5
16000, -50670, 0, 0, 56, -4
16000, -51470, 0, 0, 54, -4
16000, -52270, 0, 0, 52, -4
16000, -53070, 0, 0, 51, -4
16000, -53870, 0, 0, 49, -4
16000, -54670, 0, 0, 47, -4
16000, -55470, 0, 1, 46, -4
16000, -56270, 0, 1, 44, -2
16000, -57070, 0, 0, 43, -3
16000, -57870, 0, 1, 41, -4
16000, -58670, 0, 1, 40, -3
16000, -59470, 0, 1, 39, -3
16000, -60270, 0, 1, 37, -3
16000, -61070, 0, 1, 36, -3
16000, -61870, 0, 1, 34, -3
16000, -62670, 0, 1, 34, -3
16000, -63470, 0, 1, 33, -3
16000, -64270, 0, 1, 31, -2
16000, -65070, 0, 1, 30, -2
16000, -65870, 0, 1, 29, -3
16000, -66670, 0, 2, 28, -2
16000, -67470, 0, 1, 27, -3
16000, -68270, 0, 1, 26, -2
16000, -69070, 0, 1, 25, -2
16000, -69870, 0, 1, 24, -2
16000, -70670, 0, 1, 24, -2
16000, -71470, 0, 2, 23, -2
16000, -72270, 0, 1, 22, -2
16000, -73070, 0, 1, 22, -2
16000, -73870, 0, 1, 21, -2
16000, -74670, 0, 1, 20, -2
16000, -75470, 0, 1, 19, -2
16000, -76270, 0, 1, 18, -2
16000, -77070, 0, 1, 18, -2
16000, -77870, 0, 2, 17, -2
16000, -78670, 0, 1, 16, -2
16000, -79470, 0, 1, 16, -2
16000, -80270, 0, 1, 15, -2
16000, -81070, 0, 1, 15, -2
16000, -81870, 0, 1, 14, -2
16000, -82670, 0, 1, 13, -2
16000, -83470, 0, 1, 13, -2
16000, -84270, 0, 1, 13, -2
16000, -85070, 0, 1, 12, -2
16000, -85870, 0, 1, 12, -2
16000, -86670, 0, 1, 11, -2
16000, -87470, 0, 2, 11, -2
16000, -88270, 0, 1, 10, -2
16000, -89070, 0, 1, 11, -2
16000, -89870, 0, 1, 10, -2
16000, -90670, 0, 1, 10, -2
16000, -91470, 0, 1, 9, -2
16000, -92270, 0, 2, 9, -2
16000, -93070, 0, 2, 10, -2
16000, -93870, 0, 1, 8, -2
16000, -94670, 0, 1, 8, -2
16000, -95470, 0, 1, 8, -2
16270, -96000, 0, 1, 8, -2
17070, -96000, 0, 0, 8, -1
17870, -96000, 0, 1, 7, -2
18670, -96000, 0, 1, 7, -1
19470, -96000, 0, 1, 8, -1
20270, -96000, 0, 1, 7, -1
21070, -96000, 0, 1, 7, 0
21870, -96000, 0, 2, 9, 0
22670, -96000, 0, 1, 7, 0
23470, -96000, 0, 1, 7, 1
24000, -95730, 0, 1, 7, 1
24000, -94930, 0, 1, 7, 1
24000, -94130, 0, 1, 7, 1
24000, -93330, 0, 2, 7, 1
24000, -92530, 0, 2, 8, 2
24000, -91730, 0, 1, 7, 2
24000, -90930, 0, 2, 8, 2
24000, -90130, 0, 2, 8, 2
24000, -89330, 0, 2, 8, 2
24000, -88530, 0, 1, 9, 2
24000, -87730, 0, 2, 9, 2
24000, -86930, 0, 2, 9, 2
24000, -86130, 0, 2, 10, 3
24000, -85330, 0, 2, 10, 3
24000, -84530, 0, 2, 10, 3
24000, -83730, 0, 2, 11, 3
24000, -82930, 0, 2, 12, 4
24000, -82130, 0, 2, 12, 4
24000, -81330, 0, 2, 12, 4
24000, -80530, 0, 2, 13, 4
24000, -79730, 0, 2, 13, 4
24000, -78930, 0, 3, 14, 5
24000, -78130, 0, 3, 14, 5
24000, -77330, 0, 2, 15, 5
24000, -76530, 0, 3, 16, 6
24000, -75730, 0, 3, 16, 6
24000, -74930, 0, 3, 17, 6
24000, -74130, 0, 3, 17, 5
24000, -73330, 0, 3, 18, 6
24000, -72530, 0, 4, 19, 7
24000, -71730, 0, 3, 19, 7
24000, -70930, 0, 4, 20, 7
24000, -70130, 0, 4, 21, 8
24000, -69330, 0, 4, 22, 8
24000, -68530, 0, 4, 23, 9
24000, -67730, 0, 4, 24, 9
24000, -66930, 0, 4, 24, 9
24000, -66130, 0, 5, 26, 9
24000, -65330, 0, 5, 27, 10
24000, -64530, 0, 5, 27, 10
24000, -63730, 0, 5, 28, 10
24000, -62930, 0, 5, 29, 11
24000, -62130, 0, 5, 30, 13
24000, -61330, 0, 6, 31, 12
24000, -60530, 0, 6, 33, 12
24000, -59730, 0, 7, 34, 12
24000, -58930, 0, 7, 35, 13
24000, -58130, 0, 7, 37, 13
24000, -57330, 0, 7, 38, 13
24000, -56530, 0, 8, 39, 14
24000, -55730, 0, 8, 41, 14
24000, -54930, 0, 9, 43, 14
24000, -54130, 0, 9, 45, 14
24000, -53330, 0, 10, 46, 15
24000, -52530, 0, 10, 48, 15
24000, -51730, 0, 11, 50, 15
24000, -50930, 0, 12, 53, 14
24000, -50130, 0, 13, 54, 14
24000, -49330, 0, 14, 56, 14
24000, -48530, 0, 14, 58, 13
24000, -47730, 0, 15, 60, 13
24000, -46930, 0, 16, 62, 13
24000, -46130, 0, 17, 65, 12
24000, -45330, 0, 19, 67, 10
24000, -44530, 0, 19, 70, 9
24000, -43730, 0, 21, 72, 8
24000, -42930, 0, 22, 75, 7
24000, -42130, 0, 24, 78, 5
24000, -41330, 0, 26, 80, 4
24000, -40530, 0, 27, 83, 2
24000, -39730, 0, 29, 85, 1
24000, -38930, 0, 30, 87, -1
24000, -38130, 0, 31, 90, -2
24000, -37330, 0, 32, 92, -3
24000, -36530, 0, 32, 94, -4
24000, -35730, 0, 32, 96, -5
24000, -34930, 0, 31, 97, -6
24000, -34130, 0, 29, 99, -7
24000, -33330, 0, 27, 100, -7
24000, -32530, 0, 25, 102, -8
24000, -31730, 0, 22, 103, -8
24000, -30930, 0, 21, 104, -8
24000, -30130, 0, 17, 104, -8
24000, -29330, 0, 15, 105, -9
24000, -28530, 0, 12, 106, -8
24000, -27730, 0, 10, 106, -8
24000, -26930, 0, 9, 106, -8
24000, -26130, 0, 7, 106, -8
24000, -25330, 0, 5, 107, -8
24000, -24530, 0, 5, 108, -7
24000, -23730, 0, 4, 106, -7
24000, -22930, 0, 2, 106, -7
24000, -22130, 0, 1, 107, -7
24000, -21330, 0, 1, 107, -7
24000, -20530, 0, 1, 106, -7
24000, -19730, 0, 2, 106, -8
24000, -18930, 0, 1, 106, -8
24000, -18130, 0, 1, 105, -7
24000, -17330, 0, 2, 105, -9
24000, -16530, 0, 3, 105, -10
24000, -15730, 0, 4, 104, -10
24000, -14930, 0, 5, 103, -11
24000, -14130, 0, 6, 102, -12
24000, -13330, 0, 7, 101, -13
24000, -12530, 0, 9, 101, -14
24000, -11730, 0, 10, 100, -14
24000, -10930, 0, 11, 98, -15
24000, -10130, 0, 12, 97, -16
24000, -9330, 0, 13, 95, -16
24000, -8530, 0, 13, 94, -17
24000, -7730, 0, 13, 91, -18
24000, -6930, 0, 14, 90, -18
24000, -6130, 0, 14, 88, -19
24000, -5330, 0, 15, 86, -19
24000, -4530, 0, 15, 84, -20
24000, -3730, 0, 15, 81, -20
24000, -2930, 0, 15, 79, -20
24000, -2130, 0, 14, 77, -20
24000, -1330, 0, 15, 74, -21
24000, -530, 0, 15, 72, -21
24270, 0, 0, 15, 70, -21
25070, 0, 0, 16, 71, -23
25870, 0, 0, 19, 72, -25
26670, 0, 0, 21, 72, -27
27470, 0, 0, 23, 73, -28
28270, 0, 0, 26, 72, -30
29070, 0, 0, 29, 72, -32
29870, 0, 0, 31, 72, -34
30670, 0, 0, 33, 72, -36
31470, 0, 0, 36, 71, -38
32000, -270, 0, 39, 71, -39
32000, -1070, 0, 38, 71, -39
32000, -1870, 0, 40, 73, -40
32000, -2670, 0, 42, 76, -40
32000, -3470, 0, 45, 79, -40
32000, -4270, 0, 46, 80, -40
32000, -5070, 0, 49, 84, -41
32000, -5870, 0, 53, 86, -41
32000, -6670, 0, 54, 88, -41
32000, -7470, 0, 56, 90, -39
32000, -8270, 0, 59, 94, -41
32000, -9070, 0, 61, 96, -40
32000, -9870, 0, 62, 98, -39
32000, -10670, 0, 63, 99, -38
32000, -11470, 0, 63, 101, -37
32000, -12270, 0, 64, 103, -35
32000, -13070, 0, 63, 104, -34
32000, -13870, 0, 63, 105, -33
32000, -14670, 0, 63, 107, -31
32000, -15470, 0, 62, 108, -30
32000, -16270, 0, 62, 109, -28
32000, -17070, 0, 61, 110, -26
32000, -17870, 0, 61, 110, -25
32000, -18670, 0, 59, 111, -23
32000, -19470, 0, 59, 112, -22
32000, -20270, 0, 58, 112, -20
32000, -21070, 0, 58, 113, -17
32000, -21870, 0, 57, 114, -18
32000, -22670, 0, 56, 114, -17
32000, -23470, 0, 56, 114, -16
32000, -24270, 0, 57, 114, -15
32000, -25070, 0, 57, 114, -14
32000, -25870, 0, 57, 114, -14
32000, -26670, 0, 60, 114, -13
32000, -27470, 0, 60, 114, -12
32000, -28270, 0, 63, 114, -12
32000, -29070, 0, 64, 114, -12
32000, -29870, 0, 64, 113, -10
32000, -30670, 0, 67, 113, -10
32000, -31470, 0, 69, 112, -10
32000, -32270, 0, 71, 112, -9
32000, -33070, 0, 73, 110, -8
32000, -33870, 0, 75, 109, -7
32000, -34670, 0, 77, 108, -6
32000, -35470, 0, 79, 106, -4
32000, -36270, 0, 80, 105, -3
32000, -37070, 0, 80, 103, -2
32000, -37870, 0, 81, 101, 0
32000, -38670, 0, 79, 98, 3
32000, -39470, 0, 78, 96, 5
32000, -40270, 0, 75, 93, 8
32000, -41070, 0, 72, 91, 9
32000, -41870, 0, 68, 87, 12
32000, -42670, 0, 63, 84, 15
32000, -43470, 0, 59, 81, 18
32000, -44270, 0, 55, 78, 21
32000, -45070, 0, 52, 75, 23
32000, -45870, 0, 47, 72, 26
32000, -46670, 0, 44, 69, 28
32000, -47470, 0, 40, 66, 29
32000, -48270, 0, 38, 63, 31
32000, -49070, 0, 35, 61, 32
32000, -49870, 0, 33, 58, 33
32000, -50670, 0, 30, 56, 34
32000, -51470, 0, 28, 54, 34
32000, -52270, 0, 26, 51, 34
32000, -53070, 0, 24, 49, 34
32000, -53870, 0, 23, 47, 34
32000, -54670, 0, 21, 45, 34
32000, -55470, 0, 20, 43, 33
32000, -56270, 0, 18, 41, 33
32000, -57070, 0, 17, 40, 32
32000, -57870, 0, 16, 38, 31
32000, -58670, 0, 16, 37, 30
32000, -59470, 0, 15, 36, 30
32000, -60270, 0, 14, 33, 29
32000, -61070, 0, 13, 33, 28
32000, -61870, 0, 12, 31, 28
32000, -62670, 0, 11, 29, 26
32000, -63470, 0, 11, 29, 25
32000, -64270, 0, 10, 28, 24
32000, -65070, 0, 9, 27, 24
32000, -65870, 0, 9, 25, 23
32000, -66670, 0, 9, 25, 22
32000, -67470, 0, 9, 23, 21
32000, -68270, 0, 8, 22, 21
32000, -69070, 0, 7, 21, 21
32000, -69870, 0, 7, 22, 19
32000, -70670, 0, 7, 20, 19
32000, -71470, 0, 7, 19, 18
32000, -72270, 0, 6, 18, 17
32000, -73070, 0, 6, 18, 16
32000, -73870, 0, 6, 17, 16
32000, -74670, 0, 7, 16, 15
32000, -75470, 0, 5, 16, 14
32000, -76270, 0, 5, 15, 14
32000, -77070, 0, 5, 14, 13
32000, -77870, 0, 5, 14, 13
32000, -78670, 0, 4, 14, 12
32000, -79470, 0, 4, 13, 12
32000, -80270, 0, 4, 13, 11
32000, -81070, 0, 4, 12, 11
32000, -81870, 0, 4, 12, 11
32000, -82670, 0, 4, 11, 10
32000, -83470, 0, 4, 11, 10
32000, -84270, 0, 3, 11, 10
32000, -85070, 0, 4, 10, 9
32000, -85870, 0, 3, 10, 8
32000, -86670, 0, 3, 9, 8
32000, -87470, 0, 3, 9, 8
32000, -88270, 0, 3, 9, 8
32000, -89070, 0, 3, 9, 7
32000, -89870, 0, 3, 8, 7
32000, -90670, 0, 3, 8, 7
32000, -91470, 0, 3, 7, 6
32000, -92270, 0, 2, 7, 5
32000, -93070, 0, 3, 7, 5
32000, -93870, 0, 2, 7, 5
32000, -94670, 0, 2, 7, 5
32000, -95470, 0, 3, 7, 5
32270, -96000, 0, 2, 6, 5
33070, -96000, 0, 2, 5, 5
33870, -96000, 0, 2, 6, 5
34670, -96000, 0, 2, 5, 5
35470, -96000, 0, 3, 5, 6
36270, -96000, 0, 2, 5, 6
37070, -96000, 0, 2, 5, 6
37870, -96000, 0, 2, 4, 6
38670, -96000, 0, 2, 5, 7
39470, -96000, 0, 2, 5, 7
40000, -95730, 0, 2, 4, 7
40000, -94930, 0, 3, 5, 7
40000, -94130, 0, 3, 4, 7
40000, -93330, 0, 4, 5, 8
40000, -92530, 0, 3, 4, 8
40000, -91730, 0, 3, 5, 8
40000, -90930, 0, 3, 5, 9
40000, -90130, 0, 2, 5, 9
40000, -89330, 0, 3, 5, 10
40000, -88530, 0, 3, 5, 10
40000, -87730, 0, 3, 6, 10
40000, -86930, 0, 3, 6, 11
40000, -86130, 0, 4, 6, 11
40000, -85330, 0, 4, 7, 12
40000, -84530, 0, 4, 7, 12
40000, -83730, 0, 4, 7, 13
40000, -82930, 0, 4, 7, 14
40000, -82130, 0, 4, 7, 14
40000, -81330, 0, 4, 8, 15
40000, -80530, 0, 5, 8, 15
40000, -79730, 0, 6, 9, 15
40000, -78930, 0, 5, 9, 17
40000, -78130, 0, 5, 9, 17
40000, -77330, 0, 5, 9, 18
40000, -76530, 0, 5, 10, 19
40000, -75730, 0, 6, 10, 20
40000, -74930, 0, 6, 10, 20
40000, -74130, 0, 6, 11, 22
40000, -73330, 0, 7, 11, 22
40000, -72530, 0, 6, 12, 23
40000, -71730, 0, 8, 12, 24
40000, -70930, 0, 8, 13, 25
40000, -70130, 0, 8, 13, 26
40000, -69330, 0, 9, 14, 27
40000, -68530, 0, 9, 14, 28
40000, -67730, 0, 10, 15, 29
40000, -66930, 0, 10, 16, 31
40000, -66130, 0, 11, 16, 31
40000, -65330, 0, 11, 17, 33
40000, -64530, 0, 12, 18, 34
40000, -63730, 0, 13, 18, 36
40000, -62930, 0, 14, 19, 37
40000, -62130, 0, 14, 20, 38
40000, -61330, 0, 15, 21, 40
40000, -60530, 0, 16, 22, 41
40000, -59730, 0, 17, 23, 42
40000, -58930, 0, 19, 24, 43
40000, -58130, 0, 19, 25, 45
40000, -57330, 0, 21, 26, 46
40000, -56530, 0, 23, 28, 48
40000, -55730, 0, 24, 29, 50
40000, -54930, 0, 27, 30, 50
40000, -54130, 0, 27, 31, 52
40000, -53330, 0, 29, 33, 52
40000, -52530, 0, 32, 35, 54
40000, -51730, 0, 35, 37, 55
40000, -50930, 0, 37, 38, 55
40000, -50130, 0, 39, 40, 56
40000, -49330, 0, 43, 42, 56
40000, -48530, 0, 47, 44, 55
40000, -47730, 0, 51, 46, 55
40000, -46930, 0, 55, 48, 55
40000, -46130, 0, 60, 51, 53
40000, -45330, 0, 65, 54, 51
40000, -44530, 0, 71, 56, 49
40000, -43730, 0, 76, 59, 46
40000, -42930, 0, 84, 61, 43
40000, -42130, 0, 91, 64, 39
40000, -41330, 0, 99, 69, 36
40000, -40530, 0, 106, 70, 32
40000, -39730, 0, 114, 73, 28
40000, -38930, 0, 122, 75, 24
40000, -38130, 0, 129, 78, 20
40000, -37330, 0, 135, 81, 17
40000, -36530, 0, 138, 83, 13
40000, -35730, 0, 142, 86, 10
40000, -34930, 0, 143, 88, 7
40000, -34130, 0, 144, 90, 4
40000, -33330, 0, 143, 91, 2
40000, -32530, 0, 141, 93, -1
40000, -31730, 0, 141, 94, -4
40000, -30930, 0, 139, 96, -5
40000, -30130, 0, 137, 97, -7
40000, -29330, 0, 135, 98, -9
40000, -28530, 0, 133, 99, -11
40000, -27730, 0, 132, 99, -12
40000, -26930, 0, 130, 99, -14
40000, -26130, 0, 128, 100, -15
40000, -25330, 0, 126, 100, -17
40000, -24530, 0, 125, 100, -18
40000, -23730, 0, 124, 100, -20
40000, -22930, 0, 122, 100, -21
40000, -22130, 0, 122, 100, -23
40000, -21330, 0, 121, 99, -24
40000, -20530, 0, 121, 98, -26
40000, -19730, 0, 120, 98, -28
40000, -18930, 0, 122, 98, -30
40000, -18130, 0, 120, 97, -33
40000, -17330, 0, 121, 96, -35
40000, -16530, 0, 121, 95, -38
40000, -15730, 0, 123, 95, -40
40000, -14930, 0, 124, 93, -43
40000, -14130, 0, 124, 92, -46
40000, -13330, 0, 124, 91, -48
40000, -12530, 0, 125, 90, -51
40000, -11730, 0, 126, 89, -54
40000, -10930, 0, 125, 87, -55
40000, -10130, 0, 124, 85, -57
40000, -9330, 0, 124, 85, -59
40000, -8530, 0, 123, 82, -61
40000, -7730, 0, 119, 80, -62
40000, -6930, 0, 116, 78, -63
40000, -6130, 0, 113, 76, -64
40000, -5330, 0, 109, 73, -64
40000, -4530, 0, 102, 70, -63
40000, -3730, 0, 95, 68, -63
40000, -2930, 0, 89, 66, -63
40000, -2130, 0, 81, 63, -61
40000, -1330, 0, 75, 60, -60
40000, -530, 0, 69, 57, -59
40270, 0, 0, 66, 55, -58
41070, 0, 0, 68, 53, -60
41870, 0, 0, 70, 51, -62
42670, 0, 0, 72, 48, -63
43470, 0, 0, 74, 46, -64
44270, 0, 0, 75, 44, -66
45070, 0, 0, 77, 42, -68
45870, 0, 0, 79, 38, -69
46670, 0, 0, 82, 36, -70
47470, 0, 0, 82, 33, -71
48000, -270, 0, 83, 32, -72
48000, -1070, 0, 82, 32, -71
48000, -1870, 0, 88, 34, -73
48000, -2670, 0, 96, 36, -75
48000, -3470, 0, 104, 37, -76
48000, -4270, 0, 108, 38, -76
48000, -5070, 0, 116, 40, -78
48000, -5870, 0, 124, 42, -78
48000, -6670, 0, 133, 44, -80
48000, -7470, 0, 140, 46, -80
48000, -8270, 0, 147, 48, -80
48000, -9070, 0, 153, 50, -80
48000, -9870, 0, 157, 52, -79
48000, -10670, 0, 159, 54, -78
48000, -11470, 0, 164, 55, -76
48000, -12270, 0, 166, 58, -74
48000, -13070, 0, 166, 59, -72
48000, -13870, 0, 167, 59, -69
48000, -14670, 0, 169, 61, -66
48000, -15470, 0, 168, 62, -63
48000, -16270, 0, 169, 64, -60
48000, -17070, 0, 168, 65, -56
48000, -17870, 0, 169, 65, -53
48000, -18670, 0, 169, 67, -50
48000, -19470, 0, 169, 68, -46
48000, -20270, 0, 169, 68, -44
48000, -21070, 0, 170, 69, -41
48000, -21870, 0, 171, 70, -39
48000, -22670, 0, 171, 71, -36
48000, -23470, 0, 171, 71, -33
48000, -24270, 0, 173, 72, -31
48000, -25070, 0, 174, 73, -29
48000, -25870, 0, 175, 73, -27
48000, -26670, 0, 176, 73, -24
48000, -27470, 0, 178, 74, -22
48000, -28270, 0, 179, 74, -19
48000, -29070, 0, 180, 74, -17
48000, -29870, 0, 181, 74, -15
48000, -30670, 0, 183, 74, -12
48000, -31470, 0, 185, 74, -10
48000, -32270, 0, 185, 74, -7
48000, -33070, 0, 185, 73, -5
48000, -33870, 0, 187, 73, -1
48000, -34670, 0, 187, 72, 2
48000, -35470, 0, 186, 71, 5
48000, -36270, 0, 184, 70, 8
48000, -37070, 0, 183, 68, 12
48000, -37870, 0, 180, 66, 17
48000, -38670, 0, 174, 64, 22
48000, -39470, 0, 167, 61, 26
48000, -40270, 0, 161, 59, 30
48000, -41070, 0, 153, 57, 35
48000, -41870, 0, 143, 54, 40
48000, -42670, 0, 132, 50, 45
48000, -43470, 0, 123, 48, 50
48000, -44270, 0, 114, 45, 54
48000, -45070, 0, 105, 42, 59
48000, -45870, 0, 97, 39, 62
48000, -46670, 0, 89, 38, 65
48000, -47470, 0, 82, 35, 68
48000, -48270, 0, 76, 34, 70
48000, -49070, 0, 69, 31, 71
48000, -49870, 0, 64, 29, 73
48000, -50670, 0, 59, 27, 73
48000, -51470, 0, 54, 26, 73
48000, -52270, 0, 51, 24, 72
48000, -53070, 0, 46, 23, 72
48000, -53870, 0, 43, 22, 71
48000, -54670, 0, 40, 21, 69
48000, -55470, 0, 37, 19, 68
48000, -56270, 0, 34, 18, 66
48000, -57070, 0, 32, 17, 64
48000, -57870, 0, 30, 17, 62
48000, -58670, 0, 28, 16, 61
48000, -59470, 0, 26, 15, 58
48000, -60270, 0, 25, 14, 57
48000, -61070, 0, 23, 13, 55
48000, -61870, 0, 21, 13, 53
48000, -62670, 0, 20, 13, 51
48000, -63470, 0, 19, 12, 49
48000, -64270, 0, 18, 11, 47
48000, -65070, 0, 17, 11, 46
48000, -65870, 0, 16, 10, 44
48000, -66670, 0, 15, 10, 42
48000, -67470, 0, 14, 10, 41
48000, -68270, 0, 13, 10, 39
48000, -69070, 0, 13, 9, 37
48000, -69870, 0, 12, 9, 36
48000, -70670, 0, 11, 8, 34
48000, -71470, 0, 10, 8, 33
48000, -72270, 0, 10, 8, 32
48000, -73070, 0, 9, 8, 31
48000, -73870, 0, 9, 7, 29
48000, -74670, 0, 9, 7, 28
48000, -75470, 0, 8, 7, 27
48000, -76270, 0, 8, 7, 26
48000, -77070, 0, 8, 6, 25
48000, -77870, 0, 7, 6, 24
48000, -78670, 0, 7, 6, 23
48000, -79470, 0, 6, 6, 22
48000, -80270, 0, 6, 6, 21
48000, -81070, 0, 6, 5, 20
48000, -81870, 0, 6, 5, 19
48000, -82670, 0, 6, 5, 20
48000, -83470, 0, 5, 4, 18
48000, -84270, 0, 5, 4, 17
48000, -85070, 0, 5, 4, 16
48000, -85870, 0, 5, 5, 17
48000, -86670, 0, 4, 4, 15
48000, -87470, 0, 4, 4, 14
48000, -88270, 0, 5, 4, 14
48000, -89070, 0, 4, 4, 13
48000, -89870, 0, 4, 4, 13
48000, -90670, 0, 4, 3, 13
48000, -91470, 0, 4, 3, 13
48000, -92270, 0, 3, 3, 11
48000, -93070, 0, 4, 3, 11
48000, -93870, 0, 3, 3, 10
48000, -94670, 0, 3, 3, 10
48000, -95470, 0, 3, 3, 10
48270, -96000, 0, 3, 2, 9
49070, -96000, 0, 2, 2, 9
49870, -96000, 0, 3, 2, 9
50670, -96000, 0, 3, 2, 10
51470, -96000, 0, 3, 2, 10
52270, -96000, 0, 3, 1, 10
53070, -96000, 0, 3, 1, 10
53870, -96000, 0, 3, 1, 10
54670, -96000, 0, 3, 1, 10
55470, -96000, 0, 3, 1, 10
56000, -95730, 0, 3, 0, 10
56000, -94930, 0, 3, 0, 10
56000, -94130, 0, 3, 0, 10
56000, -93330, 0, 3, 0, 11
56000, -92530, 0, 3, 0, 11
56000, -91730, 0, 4, 1, 11
56000, -90930, 0, 3, 0, 12
56000, -90130, 0, 4, 0, 13
56000, -89330, 0, 4, 1, 13
56000, -88530, 0, 4, 0, 14
56000, -87730, 0, 3, 1, 14
56000, -86930, 0, 4, 0, 14
56000, -86130, 0, 4, 0, 15
56000, -85330, 0, 5, 1, 16
56000, -84530, 0, 4, 0, 16
56000, -83730, 0, 4, 1, 17
56000, -82930, 0, 5, 1, 18
56000, -82130, 0, 5, 1, 18
56000, -81330, 0, 5, 1, 19
56000, -80530, 0, 5, 0, 20
56000, -79730, 0, 6, 0, 22
56000, -78930, 0, 6, 0, 22
56000, -78130, 0, 6, 1, 23
56000, -77330, 0, 7, 0, 23
56000, -76530, 0, 8, 0, 25
56000, -75730, 0, 7, 1, 26
56000, -74930, 0, 7, 1, 27
56000, -74130, 0, 8, 1, 28
56000, -73330, 0, 9, 1, 29
56000, -72530, 0, 9, 1, 31
56000, -71730, 0, 9, 1, 32
56000, -70930, 0, 9, 1, 32
56000, -70130, 0, 10, 0, 34
56000, -69330, 0, 11, 1, 36
56000, -68530, 0, 12, 0, 37
56000, -67730, 0, 12, 1, 39
56000, -66930, 0, 13, 1, 40
56000, -66130, 0, 13, 1, 42
56000, -65330, 0, 14, 0, 43
56000, -64530, 0, 15, 0, 45
56000, -63730, 0, 16, 0, 47
56000, -62930, 0, 17, 0, 48
56000, -62130, 0, 18, 0, 51
56000, -61330, 0, 19, 0, 53
56000, -60530, 0, 21, 0, 55
56000, -59730, 0, 22, 0, 57
56000, -58930, 0, 24, 0, 60
56000, -58130, 0, 26, 0, 62
56000, -57330, 0, 28, -1, 64
56000, -56530, 0, 30, 0, 67
56000, -55730, 0, 32, -1, 69
56000, -54930, 0, 35, -1, 72
56000, -54130, 0, 37, -1, 73
56000, -53330, 0, 40, -2, 76
56000, -52530, 0, 44, -2, 78
56000, -51730, 0, 48, -2, 80
56000, -50930, 0, 51, -2, 82
56000, -50130, 0, 55, -1, 83
56000, -49330, 0, 61, -2, 84
56000, -48530, 0, 67, -2, 85
56000, -47730, 0, 72, -2, 85
56000, -46930, 0, 79, -1, 85
56000, -46130, 0, 88, -2, 83
56000, -45330, 0, 96, -1, 81
56000, -44530, 0, 105, -2, 79
56000, -43730, 0, 116, -1, 75
56000, -42930, 0, 127, -2, 72
56000, -42130, 0, 140, -1, 66
56000, -41330, 0, 153, -1, 61
56000, -40530, 0, 167, -1, 56
56000, -39730, 0, 182, 0, 49
56000, -38930, 0, 195, 1, 43
56000, -38130, 0, 210, 1, 38
56000, -37330, 0, 221, 2, 33
56000, -36530, 0, 230, 2, 27
56000, -35730, 0, 238, 3, 21
56000, -34930, 0, 244, 3, 16
56000, -34130, 0, 247, 3, 12
56000, -33330, 0, 247, 3, 7
56000, -32530, 0, 249, 4, 3
56000, -31730, 0, 249, 4, -1
56000, -30930, 0, 248, 3, -4
56000, -30130, 0, 245, 3, -8
56000, -29330, 0, 243, 4, -12
56000, -28530, 0, 242, 4, -15
56000, -27730, 0, 239, 3, -17
56000, -26930, 0, 236, 3, -20
56000, -26130, 0, 234, 3, -23
56000, -25330, 0, 233, 3, -26
56000, -24530, 0, 231, 2, -29
56000, -23730, 0, 228, 2, -31
56000, -22930, 0, 226, 2, -35
56000, -22130, 0, 225, 2, -37
56000, -21330, 0, 223, 1, -40
56000, -20530, 0, 221, 1, -43
56000, -19730, 0, 219, 1, -46
56000, -18930, 0, 219, 1, -50
56000, -18130, 0, 217, 0, -52
56000, -17330, 0, 215, 0, -56
56000, -16530, 0, 213, 0, -59
56000, -15730, 0, 213, -1, -62
56000, -14930, 0, 211, -1, -66
56000, -14130, 0, 209, -1, -69
56000, -13330, 0, 207, -1, -72
56000, -12530, 0, 206, -2, -76
56000, -11730, 0, 203, -2, -78
56000, -10930, 0, 199, -3, -81
56000, -10130, 0, 196, -3, -83
56000, -9330, 0, 193, -4, -85
56000, -8530, 0, 189, -4, -87
56000, -7730, 0, 182, -4, -87
56000, -6930, 0, 176, -4, -88
56000, -6130, 0, 169, -5, -87
56000, -5330, 0, 161, -5, -87
56000, -4530, 0, 150, -5, -86
56000, -3730, 0, 140, -5, -85
56000, -2930, 0, 130, -5, -83
56000, -2130, 0, 119, -6, -82
56000, -1330, 0, 109, -6, -79
56000, -530, 0, 99, -6, -78
56270, 0, 0, 93, -7, -76
57070, 0, 0, 94, -12, -76
57870, 0, 0, 93, -17, -76
58670, 0, 0, 93, -20, -75
59470, 0, 0, 92, -23, -75
60270, 0, 0, 91, -27, -73
61070, 0, 0, 89, -30, -72
61870, 0, 0, 87, -32, -71
62670, 0, 0, 84, -35, -69
63470, 0, 0, 80, -37, -68
64000, -270, 0, 79, -37, -67
64000, -1070, 0, 78, -37, -67
64000, -1870, 0, 85, -39, -69
64000, -2670, 0, 93, -41, -71
64000, -3470, 0, 101, -43, -72
64000, -4270, 0, 105, -43, -72
64000, -5070, 0, 115, -46, -74
64000, -5870, 0, 124, -48, -75
64000, -6670, 0, 134, -49, -76
64000, -7470, 0, 142, -51, -77
64000, -8270, 0, 151, -53, -77
64000, -9070, 0, 159, -55, -78
64000, -9870, 0, 165, -56, -77
64000, -10670, 0, 171, -57, -76
64000, -11470, 0, 176, -59, -75
64000, -12270, 0, 182, -61, -74
64000, -13070, 0, 185, -61, -72
64000, -13870, 0, 188, -62, -70
64000, -14670, 0, 191, -63, -68
64000, -15470, 0, 195, -64, -65
64000, -16270, 0, 198, -65, -63
64000, -17070, 0, 199, -65, -60
64000, -17870, 0, 202, -66, -57
64000, -18670, 0, 205, -68, -54
64000, -19470, 0, 207, -67, -52
64000, -20270, 0, 208, -68, -49
64000, -21070, 0, 211, -68, -45
64000, -21870, 0, 214, -69, -43
64000, -22670, 0, 215, -69, -40
64000, -23470, 0, 217, -69, -38
64000, -24270, 0, 219, -70, -35
64000, -25070, 0, 222, -70, -32
64000, -25870, 0, 224, -70, -29
64000, -26670, 0, 225, -69, -27
64000, -27470, 0, 227, -71, -24
64000, -28270, 0, 231, -71, -21
64000, -29070, 0, 232, -70, -18
64000, -29870, 0, 234, -70, -15
64000, -30670, 0, 236, -70, -13
64000, -31470, 0, 239, -70, -10
64000, -32270, 0, 240, -69, -6
64000, -33070, 0, 239, -68, -3
64000, -33870, 0, 240, -67, 1
64000, -34670, 0, 241, -67, 4
64000, -35470, 0, 240, -65, 8
64000, -36270, 0, 236, -63, 12
64000, -37070, 0, 232, -62, 16
64000, -37870, 0, 227, -61, 21
64000, -38670, 0, 215, -57, 27
64000, -39470, 0, 204, -56, 32
64000, -40270, 0, 192, -53, 37
64000, -41070, 0, 182, -51, 42
64000, -41870, 0, 164, -49, 48
64000, -42670, 0, 150, -46, 53
64000, -43470, 0, 135, -43, 58
64000, -44270, 0, 124, -41, 63
64000, -45070, 0, 113, -38, 66
64000, -45870, 0, 103, -36, 69
64000, -46670, 0, 93, -34, 72
64000, -47470, 0, 84, -32, 75
64000, -48270, 0, 77, -30, 76
64000, -49070, 0, 70, -28, 76
64000, -49870, 0, 64, -26, 77
64000, -50670, 0, 59, -25, 77
64000, -51470, 0, 54, -23, 75
64000, -52270, 0, 50, -22, 75
64000, -53070, 0, 46, -20, 73
64000, -53870, 0, 42, -19, 72
64000, -54670, 0, 39, -17, 70
64000, -55470, 0, 36, -17, 68
64000, -56270, 0, 34, -16, 66
64000, -57070, 0, 31, -15, 65
64000, -57870, 0, 29, -13, 62
64000, -58670, 0, 27, -13, 60
64000, -59470, 0, 25, -12, 58
64000, -60270, 0, 23, -11, 57
64000, -61070, 0, 22, -10, 55
64000, -61870, 0, 21, -10, 52
64000, -62670, 0, 20, -9, 51
64000, -63470, 0, 18, -9, 49
64000, -64270, 0, 17, -8, 47
64000, -65070, 0, 16, -8, 45
64000, -65870, 0, 15, -7, 43
64000, -66670, 0, 14, -7, 41
64000, -67470, 0, 14, -6, 40
64000, -68270, 0, 13, -6, 39
64000, -69070, 0, 12, -6, 37
64000, -69870, 0, 11, -5, 37
64000, -70670, 0, 11, -5, 35
64000, -71470, 0, 11, -5, 33
64000, -72270, 0, 10, -5, 33
64000, -73070, 0, 10, -5, 31
64000, -73870, 0, 9, -4, 30
64000, -74670, 0, 9, -4, 29
64000, -75470, 0, 8, -4, 28
64000, -76270, 0, 8, -4, 27
64000, -77070, 0, 7, -3, 25
64000, -77870, 0, 8, -3, 25
64000, -78670, 0, 7, -3, 24
64000, -79470, 0, 7, -3, 23
64000, -80270, 0, 6, -3, 22
64000, -81070, 0, 6, -3, 21
64000, -81870, 0, 6, -3, 20
64000, -82670, 0, 6, -3, 19
64000, -83470, 0, 5, -2, 19
64000, -84270, 0, 5, -2, 18
64000, -85070, 0, 5, 0, 17
64000, -85870, 0, 5, -2, 17
64000, -86670, 0, 5, -2, 16
64000, -87470, 0, 5, -2, 16
64000, -88270, 0, 4, -2, 15
64000, -89070, 0, 4, -2, 15
64000, -89870, 0, 4, -2, 14
64000, -90670, 0, 4, -1, 14
64000, -91470, 0, 5, -2, 13
64000, -92270, 0, 4, -2, 12
64000, -93070, 0, 4, 0, 12
64000, -93870, 0, 4, -2, 12
64000, -94670, 0, 3, -2, 12
64000, -95470, 0, 4, -1, 11
64270, -96000, 0, 3, -2, 11
65070, -96000, 0, 3, -2, 10
65870, -96000, 0, 3, -2, 10
66670, -96000, 0, 4, -2, 9
67470, -96000, 0, 3, -3, 10
68270, -96000, 0, 3, -3, 10
69070, -96000, 0, 3, -4, 10
69870, -96000, 0, 3, -3, 10
70670, -96000, 0, 3, -3, 9
71470, -96000, 0, 3, -3, 10
72000, -95730, 0, 3, -3, 9
72000, -94930, 0, 3, -4, 9
72000, -94130, 0, 3, -3, 10
72000, -93330, 0, 3, -3, 10
72000, -92530, 0, 3, -4, 10
72000, -91730, 0, 3, -4, 11
72000, -90930, 0, 4, -4, 11
72000, -90130, 0, 3, -2, 11
72000, -89330, 0, 4, -4, 12
72000, -88530, 0, 4, -4, 12
72000, -87730, 0, 4, -4, 13
72000, -86930, 0, 4, -4, 13
72000, -86130, 0, 4, -4, 14
72000, -85330, 0, 4, -5, 15
72000, -84530, 0, 4, -5, 15
72000, -83730, 0, 4, -5, 15
72000, -82930, 0, 4, -5, 15
72000, -82130, 0, 5, -5, 16
72000, -81330, 0, 5, -5, 16
72000, -80530, 0, 5, -6, 17
72000, -79730, 0, 5, -6, 18
72000, -78930, 0, 5, -6, 18
72000, -78130, 0, 6, -6, 19
72000, -77330, 0, 6, -6, 20
72000, -76530, 0, 6, -6, 20
72000, -75730, 0, 6, -7, 21
72000, -74930, 0, 6, -7, 22
72000, -74130, 0, 7, -8, 22
72000, -73330, 0, 7, -8, 24
72000, -72530, 0, 8, -8, 24
72000, -71730, 0, 8, -9, 25
72000, -70930, 0, 9, -9, 26
72000, -70130, 0, 8, -9, 27
72000, -69330, 0, 9, -9, 27
72000, -68530, 0, 9, -10, 28
72000, -67730, 0, 10, -10, 29
72000, -66930, 0, 10, -11, 30
72000, -66130, 0, 10, -11, 31
72000, -65330, 0, 11, -12, 32
72000, -64530, 0, 12, -12, 33
72000, -63730, 0, 12, -13, 34
72000, -62930, 0, 13, -13, 35
72000, -62130, 0, 14, -15, 36
72000, -61330, 0, 14, -15, 37
72000, -60530, 0, 15, -16, 38
72000, -59730, 0, 16, -16, 39
72000, -58930, 0, 17, -17, 40
72000, -58130, 0, 18, -18, 41
72000, -57330, 0, 19, -19, 42
72000, -56530, 0, 20, -20, 43
72000, -55730, 0, 21, -21, 45
72000, -54930, 0, 24, -22, 45
72000, -54130, 0, 24, -23, 46
72000, -53330, 0, 26, -24, 46
72000, -52530, 0, 27, -25, 47
72000, -51730, 0, 29, -27, 48
72000, -50930, 0, 31, -28, 48
72000, -50130, 0, 33, -30, 48
72000, -49330, 0, 35, -31, 48
72000, -48530, 0, 37, -33, 48
72000, -47730, 0, 39, -34, 48
72000, -46930, 0, 42, -35, 47
72000, -46130, 0, 45, -37, 46
72000, -45330, 0, 48, -39, 45
72000, -44530, 0, 51, -41, 44
72000, -43730, 0, 54, -43, 42
72000, -42930, 0, 57, -45, 40
72000, -42130, 0, 60, -46, 38
72000, -41330, 0, 63, -48, 36
72000, -40530, 0, 66, -50, 34
72000, -39730, 0, 70, -53, 31
72000, -38930, 0, 73, -53, 29
72000, -38130, 0, 76, -56, 26
72000, -37330, 0, 79, -57, 23
72000, -36530, 0, 82, -59, 20
72000, -35730, 0, 84, -60, 17
72000, -34930, 0, 86, -62, 14
72000, -34130, 0, 88, -63, 12
72000, -33330, 0, 90, -64, 9
72000, -32530, 0, 92, -66, 6
72000, -31730, 0, 92, -67, 4
72000, -30930, 0, 93, -67, 1
72000, -30130, 0, 94, -68, -2
72000, -29330, 0, 94, -69, -5
72000, -28530, 0, 94, -68, -7
72000, -27730, 0, 94, -70, -9
72000, -26930, 0, 94, -70, -11
72000, -26130, 0, 94, -71, -14
72000, -25330, 0, 93, -71, -16
72000, -24530, 0, 93, -71, -18
72000, -23730, 0, 93, -70, -20
72000, -22930, 0, 92, -70, -23
72000, -22130, 0, 91, -71, -25
72000, -21330, 0, 91, -70, -25
72000, -20530, 0, 90, -70, -29
72000, -19730, 0, 89, -70, -31
72000, -18930, 0, 88, -69, -33
72000, -18130, 0, 87, -69, -34
72000, -17330, 0, 86, -68, -37
72000, -16530, 0, 85, -68, -39
72000, -15730, 0, 84, -66, -40
72000, -14930, 0, 83, -66, -42
72000, -14130, 0, 81, -65, -43
72000, -13330, 0, 78, -64, -45
72000, -12530, 0, 78, -64, -46
72000, -11730, 0, 76, -62, -47
72000, -10930, 0, 75, -61, -49
72000, -10130, 0, 73, -60, -49
72000, -9330, 0, 70, -59, -51
72000, -8530, 0, 68, -58, -51
72000, -7730, 0, 66, -56, -52
72000, -6930, 0, 64, -55, -52
72000, -6130, 0, 61, -54, -52
72000, -5330, 0, 59, -52, -52
72000, -4530, 0, 56, -50, -52
72000, -3730, 0, 54, -48, -52
72000, -2930, 0, 50, -47, -52
72000, -2130, 0, 48, -46, -51
72000, -1330, 0, 46, -44, -50
72000, -530, 0, 43, -42, -50
72270, 0, 0, 40, -41, -49
73070, 0, 0, 37, -41, -47
73870, 0, 0, 35, -40, -44
74670, 0, 0, 33, -40, -44
75470, 0, 0, 31, -39, -42
76270, 0, 0, 28, -38, -41
77070, 0, 0, 27, -38, -39
77870, 0, 0, 25, -37, -38
78670, 0, 0, 23, -36, -36
79470, 0, 0, 22, -35, -35
80000, -270, 0, 21, -35, -34
80000, -1070, 0, 21, -36, -34
80000, -1870, 0, 22, -37, -34
80000, -2670, 0, 22, -37, -35
80000, -3470, 0, 24, -38, -34
80000, -4270, 0, 24, -39, -34
80000, -5070, 0, 25, -39, -34
80000, -5870, 0, 26, -41, -34
80000, -6670, 0, 27, -42, -34
80000, -7470, 0, 28, -43, -34
80000, -8270, 0, 29, -44, -33
80000, -9070, 0, 29, -45, -33
80000, -9870, 0, 31, -46, -32
80000, -10670, 0, 31, -46, -32
80000, -11470, 0, 31, -47, -32
80000, -12270, 0, 33, -48, -32
80000, -13070, 0, 34, -49, -30
80000, -13870, 0, 34, -49, -30
80000, -14670, 0, 35, -49, -28
80000, -15470, 0, 36, -50, -29
80000, -16270, 0, 36, -51, -28
80000, -17070, 0, 37, -51, -26
80000, -17870, 0, 38, -52, -25
80000, -18670, 0, 38, -52, -24
80000, -19470, 0, 39, -53, -23
80000, -20270, 0, 38, -53, -22
80000, -21070, 0, 39, -53, -21
80000, -21870, 0, 40, -54, -19
80000, -22670, 0, 40, -54, -19
80000, -23470, 0, 40, -54, -17
80000, -24270, 0, 40, -53, -15
80000, -25070, 0, 40, -54, -14
80000, -25870, 0, 41, -54, -13
80000, -26670, 0, 41, -54, -11
80000, -27470, 0, 41, -53, -10
80000, -28270, 0, 41, -54, -8
80000, -29070, 0, 41, -54, -7
80000, -29870, 0, 41, -53, -5
80000, -30670, 0, 41, -53, -4
80000, -31470, 0, 41, -53, -2
80000, -32270, 0, 40, -52, -1
80000, -33070, 0, 40, -51, 1
80000, -33870, 0, 40, -51, 3
80000, -34670, 0, 40, -50, 5
80000, -35470, 0, 39, -50, 6
80000, -36270, 0, 39, -49, 7
80000, -37070, 0, 38, -48, 9
80000, -37870, 0, 37, -47, 11
80000, -38670, 0, 37, -46, 12
80000, -39470, 0, 36, -45, 13
80000, -40270, 0, 35, -44, 15
80000, -41070, 0, 33, -43, 17
80000, -41870, 0, 33, -42, 18
80000, -42670, 0, 32, -41, 20
80000, -43470, 0, 31, -40, 20
80000, -44270, 0, 30, -38, 22
80000, -45070, 0, 29, -38, 23
80000, -45870, 0, 28, -37, 24
80000, -46670, 0, 27, -35, 25
80000, -47470, 0, 26, -34, 26
80000, -48270, 0, 25, -33, 27
80000, -49070, 0, 24, -32, 28
80000, -49870, 0, 23, -31, 28
80000, -50670, 0, 22, -30, 29
80000, -51470, 0, 21, -29, 29
80000, -52270, 0, 20, -28, 30
80000, -53070, 0, 19, -27, 29
80000, -53870, 0, 18, -26, 30
80000, -54670, 0, 17, -25, 30
80000, -55470, 0, 17, -24, 29
80000, -56270, 0, 17, -23, 29
80000, -57070, 0, 15, -22, 30
80000, -57870, 0, 15, -22, 29
80000, -58670, 0, 15, -20, 29
80000, -59470, 0, 14, -20, 29
80000, -60270, 0, 13, -19, 28
80000, -61070, 0, 12, -18, 28
80000, -61870, 0, 12, -18, 27
80000, -62670, 0, 12, -17, 27
80000, -63470, 0, 11, -16, 26
80000, -64270, 0, 10, -16, 26
80000, -65070, 0, 11, -15, 26
80000, -65870, 0, 10, -15, 25
80000, -66670, 0, 10, -14, 25
80000, -67470, 0, 9, -14, 24
80000, -68270, 0, 9, -13, 24
80000, -69070, 0, 9, -13, 22
80000, -69870, 0, 8, -12, 22
80000, -70670, 0, 8, -12, 22
80000, -71470, 0, 7, -12, 21
80000, -72270, 0, 7, -11, 22
80000, -73070, 0, 7, -10, 20
80000, -73870, 0, 7, -10, 20
80000, -74670, 0, 7, -10, 19
80000, -75470, 0, 6, -9, 19
80000, -76270, 0, 6, -9, 18
80000, -77070, 0, 6, -8, 18
80000, -77870, 0, 6, -8, 17
80000, -78670, 0, 6, -8, 16
80000, -79470, 0, 5, -7, 16
80000, -80270, 0, 5, -7, 15
80000, -81070, 0, 5, -8, 15
80000, -81870, 0, 5, -7, 15
80000, -82670, 0, 5, -7, 14
80000, -83470, 0, 4, -7, 14
80000, -84270, 0, 4, -7, 13
80000, -85070, 0, 4, -6, 13
80000, -85870, 0, 4, -6, 13
80000, -86670, 0, 4, -6, 13
80000, -87470, 0, 4, -5, 12
80000, -88270, 0, 4, -5, 12
80000, -89070, 0, 4, -6, 11
80000, -89870, 0, 4, -5, 11
80000, -90670, 0, 4, -5, 10
80000, -91470, 0, 4, -5, 10
80000, -92270, 0, 4, -5, 10
80000, -93070, 0, 4, -5, 9
80000, -93870, 0, 3, -5, 9
80000, -94670, 0, 3, -5, 9
80000, -95470, 0, 3, -4, 8
80270, -96000, 0, 3, -5, 8
81070, -96000, 0, 3, -5, 8
81870, -96000, 0, 3, -5, 8
82670, -96000, 0, 3, -5, 8
83470, -96000, 0, 3, -5, 8
84270, -96000, 0, 3, -5, 8
85070, -96000, 0, 3, -5, 8
85870, -96000, 0, 3, -5, 7
86670, -96000, 0, 3, -6, 7
87470, -96000, 0, 2, -6, 7
88000, -95730, 0, 3, -6, 7
88000, -94930, 0, 2, -5, 7
88000, -94130, 0, 3, -6, 7
88000, -93330, 0, 2, -6, 7
88000, -92530, 0, 3, -6, 8
88000, -91730, 0, 4, -6, 7
88000, -90930, 0, 3, -6, 7
88000, -90130, 0, 3, -6, 8
88000, -89330, 0, 2, -6, 8
88000, -88530, 0, 3, -7, 8
88000, -87730, 0, 4, -7, 9
88000, -86930, 0, 3, -7, 9
88000, -86130, 0, 3, -7, 9
88000, -85330, 0, 3, -7, 9
88000, -84530, 0, 3, -8, 9
88000, -83730, 0, 3, -8, 10
88000, -82930, 0, 4, -8, 10
88000, -82130, 0, 3, -9, 10
88000, -81330, 0, 3, -8, 10
88000, -80530, 0, 4, -9, 11
88000, -79730, 0, 4, -9, 12
88000, -78930, 0, 4, -9, 11
88000, -78130, 0, 4, -9, 11
88000, -77330, 0, 4, -9, 11
88000, -76530, 0, 4, -9, 12
88000, -75730, 0, 4, -9, 12
88000, -74930, 0, 4, -11, 12
88000, -74130, 0, 5, -11, 13
88000, -73330, 0, 4, -11, 13
88000, -72530, 0, 5, -11, 13
88000, -71730, 0, 5, -11, 13
88000, -70930, 0, 5, -12, 15
88000, -70130, 0, 6, -12, 14
88000, -69330, 0, 6, -13, 15
88000, -68530, 0, 6, -13, 15
88000, -67730, 0, 6, -13, 15
88000, -66930, 0, 6, -13, 15
88000, -66130, 0, 6, -14, 15
88000, -65330, 0, 6, -15, 16
88000, -64530, 0, 6, -15, 16
88000, -63730, 0, 7, -15, 16
88000, -62930, 0, 7, -15, 16
88000, -62130, 0, 7, -16, 16
88000, -61330, 0, 8, -16, 17
88000, -60530, 0, 8, -17, 17
88000, -59730, 0, 8, -17, 18
88000, -58930, 0, 8, -18, 17
88000, -58130, 0, 9, -19, 18
88000, -57330, 0, 9, -19, 18
88000, -56530, 0, 9, -19, 17
88000, -55730, 0, 9, -20, 17
88000, -54930, 0, 11, -21, 17
88000, -54130, 0, 10, -21, 17
88000, -53330, 0, 10, -22, 18
88000, -52530, 0, 11, -22, 17
88000, -51730, 0, 11, -23, 17
88000, -50930, 0, 11, -24, 17
88000, -50130, 0, 12, -24, 16
88000, -49330, 0, 12, -25, 16
88000, -48530, 0, 12, -26, 15
88000, -47730, 0, 13, -27, 15
88000, -46930, 0, 13, -27, 15
88000, -46130, 0, 14, -27, 14
88000, -45330, 0, 14, -28, 13
88000, -44530, 0, 14, -29, 13
88000, -43730, 0, 15, -30, 13
88000, -42930, 0, 15, -30, 12
88000, -42130, 0, 15, -31, 11
88000, -41330, 0, 16, -32, 11
88000, -40530, 0, 16, -32, 11
88000, -39730, 0, 16, -33, 9
88000, -38930, 0, 17, -33, 8
88000, -38130, 0, 17, -34, 8
88000, -37330, 0, 17, -34, 7
88000, -36530, 0, 17, -35, 6
88000, -35730, 0, 18, -35, 5
88000, -34930, 0, 18, -36, 4
88000, -34130, 0, 18, -37, 4
88000, -33330, 0, 18, -36, 2
88000, -32530, 0, 19, -37, 1
88000, -31730, 0, 19, -38, 1
88000, -30930, 0, 19, -38, -1
88000, -30130, 0, 19, -38, -2
88000, -29330, 0, 19, -39, -2
88000, -28530, 0, 19, -39, -3
88000, -27730, 0, 19, -40, -4
88000, -26930, 0, 20, -39, -5
88000, -26130, 0, 19, -39, -7
88000, -25330, 0, 19, -40, -7
88000, -24530, 0, 19, -40, -8
88000, -23730, 0, 19, -40, -9
88000, -22930, 0, 19, -40, -10
88000, -22130, 0, 19, -40, -10
88000, -21330, 0, 19, -40, -11
88000, -20530, 0, 19, -39, -12
88000, -19730, 0, 19, -40, -13
88000, -18930, 0, 18, -39, -13
88000, -18130, 0, 18, -39, -15
88000, -17330, 0, 18, -39, -15
88000, -16530, 0, 18, -39, -16
88000, -15730, 0, 18, -38, -17
88000, -14930, 0, 18, -38, -18
88000, -14130, 0, 18, -38, -18
88000, -13330, 0, 17, -37, -19
88000, -12530, 0, 16, -37, -19
88000, -11730, 0, 16, -37, -20
88000, -10930, 0, 17, -35, -19
88000, -10130, 0, 16, -36, -21
88000, -9330, 0, 15, -36, -21
88000, -8530, 0, 15, -34, -22
88000, -7730, 0, 15, -34, -22
88000, -6930, 0, 15, -34, -22
88000, -6130, 0, 15, -34, -23
88000, -5330, 0, 14, -33, -23
88000, -4530, 0, 13, -33, -23
88000, -3730, 0, 13, -32, -23
88000, -2930, 0, 13, -31, -23
88000, -2130, 0, 12, -31, -24
88000, -1330, 0, 12, -30, -23
88000, -530, 0, 12, -29, -23
88270, 0, 0, 11, -29, -24
89070, 0, 0, 11, -28, -23
89870, 0, 0, 10, -28, -21
90670, 0, 0, 9, -27, -21
91470, 0, 0, 9, -26, -20
92270, 0, 0, 8, -25, -19
93070, 0, 0, 8, -25, -19
93870, 0, 0, 8, -25, -18
94670, 0, 0, 7, -24, -18
95470, 0, 0, 7, -24, -17
96000, -270, 0, 7, -23, -16
96000, -1070, 0, 7, -23, -16
96000, -1870, 0, 7, -23, -16
96000, -2670, 0, 7, -24, -16
96000, -3470, 0, 8, -25, -16
96000, -4270, 0, 7, -24, -16
96000, -5070, 0, 8, -25, -16
96000, -5870, 0, 8, -26, -16
96000, -6670, 0, 8, -26, -16
96000, -7470, 0, 8, -26, -16
96000, -8270, 0, 8, -27, -15
96000, -9070, 0, 8, -27, -15
96000, -9870, 0, 8, -27, -15
96000, -10670, 0, 9, -27, -15
96000, -11470, 0, 9, -26, -14
96000, -12270, 0, 9, -28, -14
96000, -13070, 0, 9, -28, -14
96000, -13870, 0, 9, -28, -13
96000, -14670, 0, 10, -28, -13
96000, -15470, 0, 10, -29, -13
96000, -16270, 0, 9, -29, -12
96000, -17070, 0, 10, -30, -12
96000, -17870, 0, 10, -29, -11
96000, -18670, 0, 10, -30, -11
96000, -19470, 0, 10, -29, -9
96000, -20270, 0, 10, -30, -9
96000, -21070, 0, 10, -30, -9
96000, -21870, 0, 10, -30, -9
96000, -22670, 0, 11, -30, -9
96000, -23470, 0, 10, -30, -8
96000, -24270, 0, 11, -30, -7
96000, -25070, 0, 10, -30, -7
96000, -25870, 0, 10, -30, -6
96000, -26670, 0, 11, -30, -6
96000, -27470, 0, 11, -30, -5
96000, -28270, 0, 11, -30, -5
96000, -29070, 0, 11, -30, -4
96000, -29870, 0, 10, -30, -2
96000, -30670, 0, 10, -29, -3
96000, -31470, 0, 10, -29, -2
96000, -32270, 0, 10, -29, -2
96000, -33070, 0, 10, -29, -1
96000, -33870, 0, 10, -29, -1
96000, -34670, 0, 10, -28, 0
96000, -35470, 0, 10, -28, 0
96000, -36270, 0, 11, -28, 1
96000, -37070, 0, 10, -27, 2
96000, -37870, 0, 10, -27, 2
96000, -38670, 0, 10, -27, 3
96000, -39470, 0, 10, -27, 4
96000, -40270, 0, 10, -26, 4
96000, -41070, 0, 10, -26, 4
96000, -41870, 0, 10, -26, 5
96000, -42670, 0, 9, -25, 5
96000, -43470, 0, 9, -25, 6
96000, -44270, 0, 9, -24, 7
96000, -45070, 0, 9, -24, 7
96000, -45870, 0, 9, -23, 7
96000, -46670, 0, 10, -23, 8
96000, -47470, 0, 9, -24, 8
96000, -48270, 0, 9, -22, 10
96000, -49070, 0, 9, -22, 9
96000, -49870, 0, 8, -22, 9
96000, -50670, 0, 8, -21, 9
96000, -51470, 0, 7, -21, 9
96000, -52270, 0, 8, -20, 10
96000, -53070, 0, 8, -20, 10
96000, -53870, 0, 8, -20, 10
96000, -54670, 0, 7, -19, 10
96000, -55470, 0, 7, -18, 10
96000, -56270, 0, 7, -17, 11
96000, -57070, 0, 7, -18, 11
96000, -57870, 0, 7, -17, 11
96000, -58670, 0, 6, -17, 10
96000, -59470, 0, 6, -17, 11
96000, -60270, 0, 5, -16, 11
96000, -61070, 0, 6, -16, 11
96000, -61870, 0, 6, -16, 11
96000, -62670, 0, 6, -15, 11
96000, -63470, 0, 6, -15, 11
96000, -64270, 0, 6, -14, 11
96000, -65070, 0, 5, -14, 11
96000, -65870, 0, 5, -14, 11
96000, -66670, 0, 5, -13, 11
96000, -67470, 0, 6, -13, 11
96000, -68270, 0, 5, -12, 11
96000, -69070, 0, 4, -13, 11
96000, -69870, 0, 5, -12, 10
96000, -70670, 0, 5, -12, 10
96000, -71470, 0, 5, -10, 10
96000, -72270, 0, 5, -11, 11
96000, -73070, 0, 4, -11, 10
96000, -73870, 0, 4, -11, 10
96000, -74670, 0, 4, -10, 9
96000, -75470, 0, 4, -10, 9
96000, -76270, 0, 4, -10, 9
96000, -77070, 0, 4, -10, 9
96000, -77870, 0, 4, -9, 9
96000, -78670, 0, 4, -10, 9
96000, -79470, 0, 4, -9, 9
96000, -80270, 0, 4, -9, 9
96000, -81070, 0, 4, -9, 9
96000, -81870, 0, 4, -8, 8
96000, -82670, 0, 3, -8, 8
96000, -83470, 0, 3, -8, 8
96000, -84270, 0, 3, -8, 8
96000, -85070, 0, 3, -8, 8
96000, -85870, 0, 3, -8, 7
96000, -86670, 0, 4, -7, 8
96000, -87470, 0, 3, -7, 7
96000, -88270, 0, 3, -7, 7
96000, -89070, 0, 3, -7, 7
96000, -89870, 0, 3, -7, 6
96000, -90670, 0, 3, -7, 7
96000, -91470, 0, 3, -7, 8
96000, -92270, 0, 2, -7, 6
96000, -93070, 0, 3, -6, 6
96000, -93870, 0, 3, -6, 6
96000, -94670, 0, 3, -6, 7
96000, -95470, 0, 3, -6, 6
96270, -96000, 0, 2, -6, 5
97070, -96000, 0, 3, -6, 5
97870, -96000, 0, 2, -6, 5
98670, -96000, 0, 2, -7, 4
99470, -96000, 0, 2, -6, 5
100270, -96000, 0, 2, -6, 5
101070, -96000, 0, 2, -6, 4
101870, -96000, 0, 2, -6, 4
102670, -96000, 0, 2, -6, 4
103470, -96000, 0, 2, -7, 4
104000, -95730, 0, 2, -6, 4
104000, -94930, 0, 2, -6, 4
104000, -94130, 0, 2, -7, 4
104000, -93330, 0, 2, -7, 4
104000, -92530, 0, 2, -7, 4
104000, -91730, 0, 2, -7, 4
104000, -90930, 0, 2, -7, 4
104000, -90130, 0, 1, -7, 4
104000, -89330, 0, 2, -7, 4
104000, -88530, 0, 2, -7, 4
104000, -87730, 0, 2, -7, 4
104000, -86930, 0, 3, -7, 4
104000, -86130, 0, 3, -8, 5
104000, -85330, 0, 2, -8, 6
104000, -84530, 0, 2, -8, 4
104000, -83730, 0, 2, -8, 5
104000, -82930, 0, 3, -8, 5
104000, -82130, 0, 2, -8, 5
104000, -81330, 0, 3, -8, 5
104000, -80530, 0, 3, -9, 5
104000, -79730, 0, 3, -8, 5
104000, -78930, 0, 2, -9, 5
104000, -78130, 0, 3, -9, 5
104000, -77330, 0, 2, -10, 5
104000, -76530, 0, 3, -9, 6
104000, -75730, 0, 3, -10, 6
104000, -74930, 0, 3, -10, 6
104000, -74130, 0, 3, -10, 6
104000, -73330, 0, 3, -10, 6
104000, -72530, 0, 3, -11, 6
104000, -71730, 0, 3, -11, 6
104000, -70930, 0, 3, -11, 6
104000, -70130, 0, 3, -12, 6
104000, -69330, 0, 3, -11, 6
104000, -68530, 0, 3, -12, 6
104000, -67730, 0, 3, -11, 7
104000, -66930, 0, 3, -12, 8
104000, -66130, 0, 3, -12, 6
104000, -65330, 0, 4, -12, 6
104000, -64530, 0, 4, -13, 6
104000, -63730, 0, 3, -13, 6
104000, -62930, 0, 4, -13, 6
104000, -62130, 0, 3, -14, 6
104000, -61330, 0, 5, -14, 6
104000, -60530, 0, 4, -14, 7
104000, -59730, 0, 4, -14, 7
104000, -58930, 0, 4, -14, 6
104000, -58130, 0, 4, -14, 6
104000, -57330, 0, 4, -15, 6
104000, -56530, 0, 4, -15, 6
104000, -55730, 0, 4, -15, 6
104000, -54930, 0, 4, -16, 5
104000, -54130, 0, 5, -16, 6
104000, -53330, 0, 5, -16, 6
104000, -52530, 0, 5, -17, 5
104000, -51730, 0, 4, -17, 5
104000, -50930, 0, 5, -17, 5
104000, -50130, 0, 5, -17, 5
104000, -49330, 0, 5, -18, 4
104000, -48530, 0, 5, -18, 5
104000, -47730, 0, 5, -18, 4
104000, -46930, 0, 6, -19, 4
104000, -46130, 0, 5, -19, 4
104000, -45330, 0, 5, -19, 4
104000, -44530, 0, 5, -19, 4
104000, -43730, 0, 5, -19, 3
104000, -42930, 0, 6, -20, 3
104000, -42130, 0, 5, -20, 3
104000, -41330, 0, 5, -20, 2
104000, -40530, 0, 6, -20, 2
104000, -39730, 0, 6, -19, 2
104000, -38930, 0, 6, -21, 2
104000, -38130, 0, 6, -20, 1
104000, -37330, 0, 6, -21, 1
104000, -36530, 0, 6, -21, 0
104000, -35730, 0, 6, -21, 0
104000, -34930, 0, 6, -22, -1
104000, -34130, 0, 6, -22, -1
104000, -33330, 0, 6, -22, -1
104000, -32530, 0, 6, -22, -2
104000, -31730, 0, 5, -22, -2
104000, -30930, 0, 6, -22, -2
104000, -30130, 0, 6, -23, -3
104000, -29330, 0, 6, -23, -2
104000, -28530, 0, 6, -22, -3
104000, -27730, 0, 6, -23, -4
104000, -26930, 0, 6, -23, -4
104000, -26130, 0, 6, -23, -5
104000, -25330, 0, 6, -23, -5
104000, -24530, 0, 6, -23, -5
104000, -23730, 0, 6, -23, -5
104000, -22930, 0, 6, -23, -6
104000, -22130, 0, 5, -23, -6
104000, -21330, 0, 6, -23, -7
104000, -20530, 0, 6, -23, -7
104000, -19730, 0, 6, -23, -7
104000, -18930, 0, 6, -23, -7
104000, -18130, 0, 6, -23, -8
104000, -17330, 0, 6, -23, -8
104000, -16530, 0, 6, -23, -8
104000, -15730, 0, 5, -23, -9
104000, -14930, 0, 5, -23, -9
104000, -14130, 0, 5, -23, -9
104000, -13330, 0, 6, -23, -9
104000, -12530, 0, 5, -22, -10
104000, -11730, 0, 4, -22, -10
104000, -10930, 0, 6, -21, -10
104000, -10130, 0, 5, -22, -10
104000, -9330, 0, 5, -22, -11
104000, -8530, 0, 5, -21, -10
104000, -7730, 0, 5, -21, -11
104000, -6930, 0, 5, -21, -12
104000, -6130, 0, 4, -21, -12
104000, -5330, 0, 5, -20, -12
104000, -4530, 0, 5, -21, -12
104000, -3730, 0, 5, -20, -12
104000, -2930, 0, 4, -20, -12
104000, -2130, 0, 4, -20, -13
104000, -1330, 0, 3, -19, -13
104000, -530, 0, 4, -19, -12
104270, 0, 0, 3, -19, -12
105070, 0, 0, 4, -19, -12
105870, 0, 0, 4, -19, -12
106670, 0, 0, 4, -18, -11
107470, 0, 0, 3, -18, -11
108270, 0, 0, 3, -18, -11
109070, 0, 0, 4, -17, -11
109870, 0, 0, 4, -16, -10
110670, 0, 0, 3, -16, -10
111470, 0, 0, 3, -16, -10
112000, -270, 0, 3, -16, -9
112000, -1070, 0, 3, -16, -9
112000, -1870, 0, 4, -16, -10
112000, -2670, 0, 3, -16, -9
112000, -3470, 0, 3, -16, -9
112000, -4270, 0, 3, -16, -9
112000, -5070, 0, 3, -16, -10
112000, -5870, 0, 4, -17, -9
112000, -6670, 0, 4, -17, -9
112000, -7470, 0, 3, -17, -9
112000, -8270, 0, 3, -17, -9
112000, -9070, 0, 3, -17, -8
112000, -9870, 0, 3, -17, -8
112000, -10670, 0, 3, -17, -8
112000, -11470, 0, 3, -17, -9
112000, -12270, 0, 3, -17, -8
112000, -13070, 0, 4, -18, -8
112000, -13870, 0, 4, -18, -8
112000, -14670, 0, 4, -18, -8
112000, -15470, 0, 4, -18, -7
112000, -16270, 0, 4, -18, -7
112000, -17070, 0, 4, -18, -7
112000, -17870, 0, 4, -18, -6
112000, -18670, 0, 4, -18, -6
112000, -19470, 0, 4, -18, -6
112000, -20270, 0, 4, -18, -6
112000, -21070, 0, 4, -18, -6
112000, -21870, 0, 4, -19, -6
112000, -22670, 0, 4, -19, -6
112000, -23470, 0, 3, -19, -5
112000, -24270, 0, 4, -18, -5
112000, -25070, 0, 3, -18, -5
112000, -25870, 0, 4, -18, -5
112000, -26670, 0, 3, -18, -4
112000, -27470, 0, 4, -18, -4
112000, -28270, 0, 4, -18, -4
112000, -29070, 0, 4, -18, -4
112000, -29870, 0, 4, -18, -3
112000, -30670, 0, 4, -18, -3
112000, -31470, 0, 4, -18, -3
112000, -32270, 0, 3, -18, -2
112000, -33070, 0, 5, -18, -2
112000, -33870, 0, 4, -17, -2
112000, -34670, 0, 4, -18, -1
112000, -35470, 0, 4, -18, -1
112000, -36270, 0, 4, -18, -1
112000, -37070, 0, 3, -18, -2
112000, -37870, 0, 4, -17, -1
112000, -38670, 0, 4, -17, -1
112000, -39470, 0, 4, -17, 0
112000, -40270, 0, 4, -17, 0
112000, -41070, 0, 4, -17, 0
112000, -41870, 0, 5, -17, 0
112000, -42670, 0, 4, -16, 0
112000, -43470, 0, 4, -16, 1
112000, -44270, 0, 4, -16, 1
112000, -45070, 0, 4, -16, 1
112000, -45870, 0, 5, -16, 1
112000, -46670, 0, 4, -15, 2
112000, -47470, 0, 4, -16, 2
112000, -48270, 0, 4, -16, 2
112000, -49070, 0, 3, -15, 2
112000, -49870, 0, 4, -15, 2
112000, -50670, 0, 4, -14, 2
112000, -51470, 0, 3, -15, 2
112000, -52270, 0, 4, -14, 2
112000, -53070, 0, 3, -14, 3
112000, -53870, 0, 4, -14, 3
112000, -54670, 0, 3, -14, 3
112000, -55470, 0, 3, -14, 3
112000, -56270, 0, 3, -13, 3
112000, -57070, 0, 3, -13, 4
112000, -57870, 0, 3, -13, 3
112000, -58670, 0, 3, -13, 4
112000, -59470, 0, 3, -13, 4
112000, -60270, 0, 3, -13, 3
112000, -61070, 0, 3, -12, 4
112000, -61870, 0, 2, -12, 4
112000, -62670, 0, 3, -12, 3
112000, -63470, 0, 3, -12, 4
112000, -64270, 0, 3, -12, 4
112000, -65070, 0, 3, -11, 4
112000, -65870, 0, 3, -11, 4
112000, -66670, 0, 3, -11, 4
112000, -67470, 0, 3, -11, 4
112000, -68270, 0, 3, -11, 4
112000, -69070, 0, 3, -10, 4
112000, -69870, 0, 3, -10, 4
112000, -70670, 0, 3, -11, 4
112000, -71470, 0, 3, -10, 4
112000, -72270, 0, 3, -10, 4
112000, -73070, 0, 3, -10, 4
112000, -73870, 0, 2, -10, 4
112000, -74670, 0, 3, -9, 4
112000, -75470, 0, 2, -9, 4
112000, -76270, 0, 3, -9, 4
112000, -77070, 0, 2, -9, 4
112000, -77870, 0, 3, -8, 4
112000, -78670, 0, 4, -9, 4
112000, -79470, 0, 2, -9, 4
112000, -80270, 0, 3, -8, 4
112000, -81070, 0, 3, -8, 4
112000, -81870, 0, 2, -8, 4
112000, -82670, 0, 2, -8, 4
112000, -83470, 0, 2, -8, 4
112000, -84270, 0, 2, -8, 4
112000, -85070, 0, 2, -8, 3
112000, -85870, 0, 2, -7, 3
112000, -86670, 0, 2, -7, 4
112000, -87470, 0, 2, -7, 4
112000, -88270, 0, 2, -7, 3
112000, -89070, 0, 4, -7, 3
112000, -89870, 0, 2, -7, 3
112000, -90670, 0, 2, -7, 3
112000, -91470, 0, 2, -7, 3
112000, -92270, 0, 2, -7, 4
112000, -93070, 0, 3, -7, 3
112000, -93870, 0, 2, -6, 3
112000, -94670, 0, 2, -7, 3
112000, -95470, 0, 2, -6, 3
112270, -96000, 0, 1, -6, 2
113070, -96000, 0, 2, -7, 2
113870, -96000, 0, 2, -6, 2
114670, -96000, 0, 2, -7, 2
115470, -96000, 0, 2, -7, 2
116270, -96000, 0, 2, -7, 2
117070, -96000, 0, 2, -6, 2
117870, -96000, 0, 2, -7, 2
118670, -96000, 0, 2, -6, 2
119470, -96000, 0, 2, -7, 1
120000, -95730, 0, 2, -7, 1
120000, -94930, 0, 2, -7, 1
120000, -94130, 0, 1, -6, 2
120000, -93330, 0, 2, -7, 1
120000, -92530, 0, 2, -7, 2
120000, -91730, 0, 1, -6, 1
120000, -90930, 0, 2, -7, 1
120000, -90130, 0, 1, -7, 1
120000, -89330, 0, 2, -7, 1
120000, -88530, 0, 1, -7, 2
120000, -87730, 0, 2, -7, 2
120000, -86930, 0, 2, -7, 1
120000, -86130, 0, 2, -7, 2
120000, -85330, 0, 2, -8, 2
120000, -84530, 0, 2, -7, 2
120000, -83730, 0, 2, -7, 2
120000, -82930, 0, 2, -7, 2
120000, -82130, 0, 2, -8, 3
120000, -81330, 0, 2, -8, 2
120000, -80530, 0, 2, -8, 2
120000, -79730, 0, 2, -8, 2
120000, -78930, 0, 1, -8, 2
120000, -78130, 0, 2, -8, 2
120000, -77330, 0, 2, -9, 2
120000, -76530, 0, 2, -9, 2
120000, -75730, 0, 2, -9, 2
120000, -74930, 0, 1, -9, 2
120000, -74130, 0, 1, -9, 2
120000, -73330, 0, 2, -9, 2
120000, -72530, 0, 2, -9, 2
120000, -71730, 0, 3, -9, 2
120000, -70930, 0, 2, -9, 2
120000, -70130, 0, 2, -9, 2
120000, -69330, 0, 2, -10, 2
120000, -68530, 0, 2, -9, 2
120000, -67730, 0, 2, -10, 3
120000, -66930, 0, 2, -10, 2
120000, -66130, 0, 2, -10, 2
120000, -65330, 0, 2, -10, 2
120000, -64530, 0, 2, -11, 2
120000, -63730, 0, 2, -10, 1
120000, -62930, 0, 2, -11, 1
120000, -62130, 0, 2, -11, 2
120000, -61330, 0, 2, -11, 1
120000, -60530, 0, 1, -11, 1
120000, -59730, 0, 2, -11, 3
120000, -58930, 0, 2, -11, 1
120000, -58130, 0, 3, -11, 1
120000, -57330, 0, 2, -11, 1
120000, -56530, 0, 2, -11, 1
120000, -55730, 0, 2, -12, 1
120000, -54930, 0, 2, -13, 1
120000, -54130, 0, 2, -12, 1
120000, -53330, 0, 2, -12, 1
120000, -52530, 0, 2, -12, 1
120000, -51730, 0, 2, -12, 0
120000, -50930, 0, 2, -13, 0
120000, -50130, 0, 2, -12, 0
120000, -49330, 0, 2, -13, 0
120000, -48530, 0, 2, -13, 0
120000, -47730, 0, 2, -11, 0
120000, -46930, 0, 3, -13, 0
120000, -46130, 0, 2, -14, 0
120000, -45330, 0, 2, -14, 0
120000, -44530, 0, 3, -13, 0
120000, -43730, 0, 3, -13, 0
120000, -42930, 0, 3, -14, -1
120000, -42130, 0, 2, -14, -1
120000, -41330, 0, 3, -13, 0
120000, -40530, 0, 3, -14, -1
120000, -39730, 0, 4, -14, -2
120000, -38930, 0, 2, -14, -1
120000, -38130, 0, 3, -14, -2
120000, -37330, 0, 3, -14, -2
120000, -36530, 0, 3, -15, -2
120000, -35730, 0, 3, -14, -2
120000, -34930, 0, 2, -14, -2
120000, -34130, 0, 3, -15, -2
120000, -33330, 0, 2, -15, -2
120000, -32530, 0, 2, -15, -2
120000, -31730, 0, 2, -15, -3
120000, -30930, 0, 3, -15, -3
120000, -30130, 0, 2, -15, -3
120000, -29330, 0, 2, -15, -3
120000, -28530, 0, 2, -15, -4
120000, -27730, 0, 2, -15, -3
120000, -26930, 0, 2, -15, -4
120000, -26130, 0, 2, -15, -4
120000, -25330, 0, 3, -15, -4
120000, -24530, 0, 3, -15, -4
120000, -23730, 0, 3, -15, -4
120000, -22930, 0, 2, -15, -5
120000, -22130, 0, 2, -15, -5
120000, -21330, 0, 2, -15, -5
120000, -20530, 0, 3, -15, -5
120000, -19730, 0, 2, -15, -5
120000, -18930, 0, 3, -15, -5
120000, -18130, 0, 2, -15, -5
120000, -17330, 0, 2, -15, -5
120000, -16530, 0, 2, -15, -6
120000, -15730, 0, 3, -15, -6
120000, -14930, 0, 4, -15, -6
120000, -14130, 0, 2, -15, -6
120000, -13330, 0, 2, -15, -7
120000, -12530, 0, 2, -15, -6
120000, -11730, 0, 2, -15, -7
120000, -10930, 0, 2, -15, -7
120000, -10130, 0, 2, -15, -7
120000, -9330, 0, 2, -15, -7
120000, -8530, 0, 2, -15, -7
120000, -7730, 0, 2, -14, -7
120000, -6930, 0, 2, -15, -7
120000, -6130, 0, 2, -14, -7
120000, -5330, 0, 2, -14, -7
120000, -4530, 0, 2, -14, -7
120000, -3730, 0, 2, -14, -8
120000, -2930, 0, 2, -14, -8
120000, -2130, 0, 2, -14, -8
120000, -1330, 0, 2, -14, -8
120000, -530, 0, 2, -14, -8
120270, 0, 0, 2, -13, -8
121070, 0, 0, 2, -13, -8
121870, 0, 0, 2, -13, -8
122670, 0, 0, 1, -13, -8
123470, 0, 0, 1, -12, -7
124270, 0, 0, 1, -12, -7
125070, 0, 0, 1, -13, -7
125870, 0, 0, 1, -12, -7
126670, 0, 0, 1, -12, -7
127470, 0, 0, 1, -11, -7
128000, -270, 0, 2, -11, -7
128000, -1070, 0, 2, -11, -7
128000, -1870, 0, 1, -12, -7
128000, -2670, 0, 2, -12, -6
128000, -3470, 0, 2, -11, -6
128000, -4270, 0, 2, -11, -7
128000, -5070, 0, 2, -12, -6
128000, -5870, 0, 2, -12, -6
128000, -6670, 0, 1, -12, -6
128000, -7470, 0, 2, -12, -6
128000, -8270, 0, 2, -12, -6
128000, -9070, 0, 1, -12, -6
128000, -9870, 0, 2, -12, -6
128000, -10670, 0, 2, -12, -6
128000, -11470, 0, 2, -11, -6
128000, -12270, 0, 1, -12, -6
128000, -13070, 0, 2, -12, -5
128000, -13870, 0, 2, -12, -5
128000, -14670, 0, 2, -12, -5
128000, -15470, 0, 1, -12, -5
128000, -16270, 0, 2, -12, -5
128000, -17070, 0, 2, -13, -5
128000, -17870, 0, 1, -13, -5
128000, -18670, 0, 2, -13, -5
128000, -19470, 0, 2, -12, -5
128000, -20270, 0, 2, -13, -5
128000, -21070, 0, 2, -13, -4
128000, -21870, 0, 2, -13, -5
128000, -22670, 0, 1, -13, -4
128000, -23470, 0, 2, -13, -4
128000, -24270, 0, 2, -12, -4
128000, -25070, 0, 2, -12, -4
128000, -25870, 0, 2, -13, -4
128000, -26670, 0, 2, -13, -3
128000, -27470, 0, 2, -13, -4
128000, -28270, 0, 2, -13, -3
128000, -29070, 0, 2, -13, -3
128000, -29870, 0, 2, -12, -3
128000, -30670, 0, 2, -12, -2
128000, -31470, 0, 2, -12, -3
128000, -32270, 0, 2, -12, -3
128000, -33070, 0, 2, -12, -3
128000, -33870, 0, 3, -11, -3
128000, -34670, 0, 2, -12, -2
128000, -35470, 0, 2, -12, -3
128000, -36270, 0, 2, -12, -2
128000, -37070, 0, 2, -12, -2
128000, -37870, 0, 2, -12, -2
128000, -38670, 0, 2, -12, -2
128000, -39470, 0, 2, -12, -2
128000, -40270, 0, 2, -12, -2
128000, -41070, 0, 2, -13, -2
128000, -41870, 0, 2, -12, -1
128000, -42670, 0, 2, -11, -2
128000, -43470, 0, 2, -12, -1
128000, -44270, 0, 2, -12, -2
128000, -45070, 0, 2, -12, -1
128000, -45870, 0, 2, -11, -1
128000, -46670, 0, 2, -11, 0
128000, -47470, 0, 2, -12, -1
128000, -48270, 0, 2, -11, -1
128000, -49070, 0, 2, -11, -1
128000, -49870, 0, 2, -11, 0
128000, -50670, 0, 2, -11, -1
128000, -51470, 0, 2, -11, 0
128000, -52270, 0, 2, -11, 0
128000, -53070, 0, 2, -11, 0
128000, -53870, 0, 3, -11, 0
128000, -54670, 0, 2, -10, 0
128000, -55470, 0, 2, -11, 0
128000, -56270, 0, 2, -10, 0
128000, -57070, 0, 2, -10, 0
128000, -57870, 0, 2, -10, 0
128000, -58670, 0, 2, -10, 0
128000, -59470, 0, 2, -10, 1
128000, -60270, 0, 2, -10, 0
128000, -61070, 0, 2, -10, 0
128000, -61870, 0, 2, -10, 0
128000, -62670, 0, 2, -10, 0
128000, -63470, 0, 2, -10, 0
128000, -64270, 0, 2, -9, 1
128000, -65070, 0, 2, -10, 1
128000, -65870, 0, 2, -9, 0
128000, -66670, 0, 2, -9, 1
128000, -67470, 0, 2, -9, 1
128000, -68270, 0, 2, -9, 0
128000, -69070, 0, 2, -9, 1
128000, -69870, 0, 2, -9, 1
128000, -70670, 0, 2, -9, 0
128000, -71470, 0, 3, -8, 1
128000, -72270, 0, 2, -9, 1
128000, -73070, 0, 2, -8, 1
128000, -73870, 0, 2, -8, 1
128000, -74670, 0, 2, -9, 1
128000, -75470, 0, 2, -8, 1
128000, -76270, 0, 2, -8, 2
128000, -77070, 0, 2, -8, 1
128000, -77870, 0, 2, -8, 1
128000, -78670, 0, 2, -7, 1
128000, -79470, 0, 2, -7, 1
128000, -80270, 0, 2, -8, 1
128000, -81070, 0, 2, -7, 1
128000, -81870, 0, 2, -7, 1
128000, -82670, 0, 2, -7, 1
128000, -83470, 0, 2, -7, 1
128000, -84270, 0, 2, -6, 1
128000, -85070, 0, 2, -6, 1
128000, -85870, 0, 2, -7, 1
128000, -86670, 0, 2, -7, 1
128000, -87470, 0, 1, -7, 0
128000, -88270, 0, 2, -7, 2
128000, -89070, 0, 2, -7, 1
128000, -89870, 0, 2, -7, 1
128000, -90670, 0, 2, -7, 1
128000, -91470, 0, 2, -6, 1
128000, -92270, 0, 2, -7, 1
128000, -93070, 0, 2, -7, 1
128000, -93870, 0, 2, -7, 0
128000, -94670, 0, 2, -6, 1
128000, -95470, 0, 2, -6, 1
128270, -96000, 0, 2, -7, 1
129070, -96000, 0, 1, -7, 0
129870, -96000, 0, 2, -6, 0
130670, -96000, 0, 2, -7, 0
131470, -96000, 0, 1, -7, 0
132270, -96000, 0, 1, -6, 0
133070, -96000, 0, 1, -6, 0
133870, -96000, 0, 1, -6, 0
134670, -96000, 0, 1, -6, 0
135470, -96000, 0, 0, -6, -1
136000, -95730, 0, 1, -6, 0
136000, -94930, 0, 1, -7, -1
136000, -94130, 0, 1, -6, 0
136000, -93330, 0, 1, -6, 0
136000, -92530, 0, 1, -6, 0
136000, -91730, 0, 1, -6, 0
136000, -90930, 0, 1, -6, -1
136000, -90130, 0, 2, -6, 0
136000, -89330, 0, 2, -6, -1
136000, -88530, 0, 1, -6, 0
136000, -87730, 0, 1, -7, 0
136000, -86930, 0, 1, -7, 0
136000, -86130, 0, 1, -6, 0
136000, -85330, 0, 1, -7, -1
136000, -84530, 0, 1, -7, 0
136000, -83730, 0, 1, -7, 0
136000, -82930, 0, 2, -7, 0
136000, -82130, 0, 1, -7, 0
136000, -81330, 0, 1, -7, -1
136000, -80530, 0, 1, -7, 0
136000, -79730, 0, 1, -7, 0
136000, -78930, 0, 1, -8, 0
136000, -78130, 0, 1, -8, 0
136000, -77330, 0, 2, -8, -1
136000, -76530, 0, 1, -8, 0
136000, -75730, 0, 1, -8, 0
136000, -74930, 0, 1, -7, -1
136000, -74130, 0, 2, -8, 0
136000, -73330, 0, 1, -8, 0
136000, -72530, 0, 1, -8, 0
136000, -71730, 0, 1, -8, 0
136000, -70930, 0, 1, -8, 0
136000, -70130, 0, 2, -9, 0
136000, -69330, 0, 1, -8, -1
136000, -68530, 0, 1, -8, 0
136000, -67730, 0, 1, -9, -1
136000, -66930, 0, 1, -8, -1
136000, -66130, 0, 1, -8, -1
136000, -65330, 0, 1, -9, -1
136000, -64530, 0, 2, -8, 0
136000, -63730, 0, 1, -9, -1
136000, -62930, 0, 2, -9, -1
136000, -62130, 0, 1, -9, -1
136000, -61330, 0, 1, -9, -1
136000, -60530, 0, 1, -9, 0
136000, -59730, 0, 1, -8, -1
136000, -58930, 0, 1, -9, -1
136000, -58130, 0, 1, -9, -1
136000, -57330, 0, 2, -9, -1
136000, -56530, 0, 1, -9, -1
136000, -55730, 0, 1, -8, -1
136000, -54930, 0, 1, -10, -1
136000, -54130, 0, 2, -10, -1
136000, -53330, 0, 1, -9, -1
136000, -52530, 0, 1, -10, -1
136000, -51730, 0, 1, -10, -1
136000, -50930, 0, 1, -9, -1
136000, -50130, 0, 1, -9, -2
136000, -49330, 0, 1, -10, -2
136000, -48530, 0, 1, -10, -1
136000, -47730, 0, 1, -10, -2
136000, -46930, 0, 1, -10, -2
136000, -46130, 0, 1, -10, -2
136000, -45330, 0, 1, -10, -2
136000, -44530, 0, 1, -10, -2
136000, -43730, 0, 1, -11, -2
136000, -42930, 0, 1, -9, -3
136000, -42130, 0, 1, -11, -2
136000, -41330, 0, 1, -10, -2
136000, -40530, 0, 1, -10, -3
136000, -39730, 0, 1, -10, -2
136000, -38930, 0, 1, -10, -2
136000, -38130, 0, 1, -11, -3
136000, -37330, 0, 1, -11, -2
136000, -36530, 0, 1, -11, -3
136000, -35730, 0, 1, -11, -3
136000, -34930, 0, 1, -11, -3
136000, -34130, 0, 1, -11, -3
136000, -33330, 0, 1, -11, -3
136000, -32530, 0, 1, -10, -3
136000, -31730, 0, 1, -11, -3
136000, -30930, 0, 1, -11, -4
136000, -30130, 0, 1, -11, -4
136000, -29330, 0, 1, -11, -3
136000, -28530, 0, 1, -11, -2
136000, -27730, 0, 1, -11, -4
136000, -26930, 0, 1, -11, -4
136000, -26130, 0, 1, -11, -4
136000, -25330, 0, 1, -12, -4
136000, -24530, 0, 1, -11, -4
136000, -23730, 0, 1, -11, -4
136000, -22930, 0, 1, -11, -4
136000, -22130, 0, 1, -11, -4
136000, -21330, 0, 1, -11, -4
136000, -20530, 0, 1, -11, -4
136000, -19730, 0, 1, -11, -5
136000, -18930, 0, 1, -11, -5
136000, -18130, 0, 1, -11, -5
136000, -17330, 0, 1, -11, -4
136000, -16530, 0, 1, -11, -5
136000, -15730, 0, 1, -11, -5
136000, -14930, 0, 1, -11, -5
136000, -14130, 0, 1, -11, -5
136000, -13330, 0, 1, -11, -5
136000, -12530, 0, 1, -11, -5
136000, -11730, 0, 1, -11, -5
136000, -10930, 0, 1, -11, -4
136000, -10130, 0, 1, -11, -5
136000, -9330, 0, 1, -11, -5
136000, -8530, 0, 0, -11, -5
136000, -7730, 0, 0, -11, -6
136000, -6930, 0, 1, -11, -6
136000, -6130, 0, 1, -11, -6
136000, -5330, 0, 0, -11, -6
136000, -4530, 0, 1, -11, -6
136000, -3730, 0, 1, -11, -5
136000, -2930, 0, 1, -10, -6
136000, -2130, 0, 0, -10, -6
136000, -1330, 0, 1, -10, -6
136000, -530, 0, 0, -10, -6
136270, 0, 0, 0, -10, -6
137070, 0, 0, 1, -10, -6
137870, 0, 0, 2, -10, -6
138670, 0, 0, 1, -10, -5
139470, 0, 0, 1, -10, -6
140270, 0, 0, 1, -10, -6
141070, 0, 0, 1, -10, -5
141870, 0, 0, 1, -9, -6
142670, 0, 0, 1, -9, -6
143470, 0, 0, 1, -9, -5
144000, -270, 0, 2, -9, -5
144000, -1070, 0, 1, -9, -5
144000, -1870, 0, 1, -9, -5
144000, -2670, 0, 1, -9, -5
144000, -3470, 0, 1, -9, -5
144000, -4270, 0, 1, -9, -5
144000, -5070, 0, 1, -9, -5
144000, -5870, 0, 1, -9, -4
144000, -6670, 0, 1, -9, -4
144000, -7470, 0, 1, -9, -4
144000, -8270, 0, 1, -9, -4
144000, -9070, 0, 1, -9, -5
144000, -9870, 0, 1, -9, -5
144000, -10670, 0, 1, -10, -5
144000, -11470, 0, 1, -9, -4
144000, -12270, 0, 1, -9, -5
144000, -13070, 0, 1, -9, -4
144000, -13870, 0, 1, -9, -4
144000, -14670, 0, 0, -9, -5
144000, -15470, 0, 1, -9, -4
144000, -16270, 0, 1, -9, -5
144000, -17070, 0, 1, -9, -4
144000, -17870, 0, 1, -9, -4
144000, -18670, 0, 1, -9, -4
144000, -19470, 0, 1, -9, -4
144000, -20270, 0, 1, -10, -4
144000, -21070, 0, 1, -10, -4
144000, -21870, 0, 1, -9, -4
144000, -22670, 0, 1, -9, -4
144000, -23470, 0, 1, -10, -4
144000, -24270, 0, 1, -10, -3
144000, -25070, 0, 1, -10, -4
144000, -25870, 0, 1, -9, -3
144000, -26670, 0, 1, -9, -3
144000, -27470, 0, 1, -10, -3
144000, -28270, 0, 1, -9, -3
144000, -29070, 0, 1, -9, -3
144000, -29870, 0, 1, -10, -4
144000, -30670, 0, 2, -10, -3
144000, -31470, 0, 1, -9, -3
144000, -32270, 0, 2, -9, -3
144000, -33070, 0, 1, -9, -3
144000, -33870, 0, 2, -9, -3
144000, -34670, 0, 1, -9, -3
144000, -35470, 0, 1, -9, -3
144000, -36270, 0, 1, -8, -3
144000, -37070, 0, 1, -9, -3
144000, -37870, 0, 2, -9, -3
144000, -38670, 0, 1, -8, -3
144000, -39470, 0, 1, -9, -3
144000, -40270, 0, 1, -9, -3
144000, -41070, 0, 1, -9, -3
144000, -41870, 0, 2, -9, -2
144000, -42670, 0, 2, -9, -2
144000, -43470, 0, 1, -9, -2
144000, -44270, 0, 1, -9, -3
144000, -45070, 0, 1, -9, -2
144000, -45870, 0, 1, -9, -2
144000, -46670, 0, 1, -9, -2
144000, -47470, 0, 1, -9, -2
144000, -48270, 0, 1, -8, -2
144000, -49070, 0, 2, -9, -2
144000, -49870, 0, 1, -8, -2
144000, -50670, 0, 1, -9, -2
144000, -51470, 0, 1, -9, -2
144000, -52270, 0, 1, -8, -2
144000, -53070, 0, 1, -9, -1
144000, -53870, 0, 2, -8, -2
144000, -54670, 0, 2, -8, -2
144000, -55470, 0, 1, -8, -1
144000, -56270, 0, 1, -8, -1
144000, -57070, 0, 1, -8, -1
144000, -57870, 0, 2, -8, -1
144000, -58670, 0, 1, -8, -1
144000, -59470, 0, 2, -8, -1
144000, -60270, 0, 1, -8, -1
144000, -61070, 0, 2, -8, -1
144000, -61870, 0, 1, -8, -1
144000, -62670, 0, 2, -7, -1
144000, -63470, 0, 2, -8, -1
144000, -64270, 0, 1, -8, -1
144000, -65070, 0, 1, -8, -1
144000, -65870, 0, 1, -8, -1
144000, -66670, 0, 1, -6, -1
144000, -67470, 0, 1, -7, -1
144000, -68270, 0, 2, -8, -1
144000, -69070, 0, 2, -8, -1
144000, -69870, 0, 1, -7, -1
144000, -70670, 0, 1, -7, -1
144000, -71470, 0, 1, -7, -1
144000, -72270, 0, 2, -7, -1
144000, -73070, 0, 2, -7, -1
144000, -73870, 0, 1, -7, -1
144000, -74670, 0, 1, -7, -1
144000, -75470, 0, 1, -7, -1
144000, -76270, 0, 1, -6, -1
144000, -77070, 0, 1, -7, -1
144000, -77870, 0, 1, -7, -1
144000, -78670, 0, 1, -7, -1
144000, -79470, 0, 1, -7, -1
144000, -80270, 0, 2, -7, -1
144000, -81070, 0, 2, -7, -1
144000, -81870, 0, 1, -7, -1
144000, -82670, 0, 1, -7, -1
144000, -83470, 0, 1, -6, -1
144000, -84270, 0, 1, -7, -1
144000, -85070, 0, 2, -6, -1
144000, -85870, 0, 1, -7, 0
144000, -86670, 0, 1, -6, -1
144000, -87470, 0, 1, -6, 0
144000, -88270, 0, 1, -6, -1
144000, -89070, 0, 2, -7, -1
144000, -89870, 0, 2, -5, -1
144000, -90670, 0, 2, -6, -1
144000, -91470, 0, 1, -6, 0
144000, -92270, 0, 2, -6, -1
144000, -93070, 0, 2, -6, -1
144000, -93870, 0, 1, -6, -1
144000, -94670, 0, 2, -5, -1
144000, -95470, 0, 2, -6, -1
144270, -96000, 0, 1, -6, -1
145070, -96000, 0, 2, -6, -1
145870, -96000, 0, 1, -6, -1
146670, -96000, 0, 1, -6, -1
147470, -96000, 0, 1, -6, -1
148270, -96000, 0, 1, -6, -1
149070, -96000, 0, 1, -6, -1
149870, -96000, 0, 1, -6, -1
150670, -96000, 0, 1, -6, -2
151470, -96000, 0, 2, -6, -1
152000, -95730, 0, 1, -6, -2
152000, -94930, 0, 1, -6, -1
152000, -94130, 0, 1, -6, -1
152000, -93330, 0, 1, -6, -2
152000, -92530, 0, 1, -6, -1
152000, -91730, 0, 1, -6, -2
152000, -90930, 0, 1, -7, -2
152000, -90130, 0, 1, -6, -1
152000, -89330, 0, 1, -6, -1
152000, -88530, 0, 1, -6, -1
152000, -87730, 0, 1, -6, -2
152000, -86930, 0, 1, -6, -1
152000, -86130, 0, 1, -6, -2
152000, -85330, 0, 2, -6, -2
152000, -84530, 0, 1, -6, -1
152000, -83730, 0, 1, -7, -2
152000, -82930, 0, 1, -7, -2
152000, -82130, 0, 1, -6, -2
152000, -81330, 0, 1, -6, -1
152000, -80530, 0, 0, -4, 5
152000, -79730, 0, 7, -33, 53
152000, -78930, 0, -6, -23, 108
152000, -78130, 0, -8, -22, 115
152000, -77330, 0, -9, -22, 120
152000, -76530, 0, -7, -19, 129
152000, -75730, 0, 4, -15, 149
152000, -74930, 0, 10, -9, 124
152000, -74130, 0, 33, 4, 99
152000, -73330, 0, 99, 16, 100
152000, -72530, 0, 236, 35, 14
152000, -71730, 0, 216, 36, 6
152000, -70930, 0, 208, 32, 25
152000, -70130, 0, 135, 30, 98
152000, -69330, 0, 29, 33, 80
152000, -68530, 0, 33, 79, 118
152000, -67730, 0, 19, 9, 179
152000, -66930, 0, 31, 39, 164
152000, -66130, 0, 9, 87, -6
152000, -65330, 0, 18, 109, 31
152000, -64530, 0, 15, 8, 104
152000, -63730, 0, 2, -7, 186
152000, -62930, 0, 25, -4, 155
152000, -62130, 0, 93, -1, 150
152000, -61330, 0, 141, 16, 59
152000, -60530, 0, 214, 25, 5
152000, -59730, 0, 156, 37, -61
152000, -58930, 0, -6, -1, -5
152000, -58130, 0, 0, -8, -2
152000, -57330, 0, 1, -8, -2
152000, -56530, 0, 0, -8, -2
152000, -55730, 0, 0, -8, -2
152000, -54930, 0, 0, -8, -3
152000, -54130, 0, 0, -8, -3
152000, -53330, 0, 1, -8, -2
152000, -52530, 0, 0, -8, -2
152000, -51730, 0, 1, -8, -3
152000, -50930, 0, 1, -8, -2
152000, -50130, 0, 1, -8, -3
152000, -49330, 0, 0, -8, -3
152000, -48530, 0, 0, -8, -3
152000, -47730, 0, 0, -8, -3
152000, -46930, 0, 0, -8, -3
152000, -46130, 0, 1, -8, -3
152000, -45330, 0, 0, -8, -3
152000, -44530, 0, 1, -8, -3
152000, -43730, 0, 0, -8, -3
152000, -42930, 0, 0, -8, -3
152000, -42130, 0, 0, -8, -3
152000, -41330, 0, 0, -8, -3
152000, -40530, 0, 0, -8, -3
152000, -39730, 0, 0, -8, -3
152000, -38930, 0, 0, -8, -3
152000, -38130, 0, 0, -8, -3
152000, -37330, 0, 0, -8, -3
152000, -36530, 0, 0, -8, -3
152000, -35730, 0, 0, -8, -3
152000, -34930, 0, 0, -9, -3
152000, -34130, 0, 0, -9, -3
152000, -33330, 0, 0, -9, -3
152000, -32530, 0, 0, -8, -3
152000, -31730, 0, 0, -7, -3
152000, -30930, 0, 0, -8, -3
152000, -30130, 0, 0, -9, -4
152000, -29330, 0, 1, -9, -4
152000, -28530, 0, 0, -8, -4
152000, -27730, 0, 0, -9, -3
152000, -26930, 0, 0, -8, -4
152000, -26130, 0, 1, -9, -4
152000, -25330, 0, 0, -9, -4
152000, -24530, 0, 0, -9, -4
152000, -23730, 0, 0, -8, -4
152000, -22930, 0, 0, -9, -4
152000, -22130, 0, 0, -9, -4
152000, -21330, 0, 0, -9, -4
152000, -20530, 0, 0, -9, -4
152000, -19730, 0, 0, -9, -4
152000, -18930, 0, 0, -8, -4
152000, -18130, 0, 0, -9, -4
152000, -17330, 0, 0, -9, -4
152000, -16530, 0, 0, -9, -4
152000, -15730, 0, 0, -9, -4
152000, -14930, 0, 0, -9, -4
152000, -14130, 0, 0, -8, -4
152000, -13330, 0, 0, -9, -4
152000, -12530, 0, 0, -8, -4
152000, -11730, 0, 0, -9, -4
152000, -10930, 0, 0, -8, -4
152000, -10130, 0, 0, -8, -4
152000, -9330, 0, 0, -8, -4
152000, -8530, 0, 0, -8, -4
152000, -7730, 0, 0, -9, -4
152000, -6930, 0, 0, -8, -5
152000, -6130, 0, 0, -9, -4
152000, -5330, 0, 0, -8, -4
152000, -4530, 0, 0, -9, -5
152000, -3730, 0, 0, -8, -4
152000, -2930, 0, 0, -8, -5
152000, -2130, 0, 0, -8, -5
152000, -1330, 0, 1, -8, -5
152000, -530, 0, 0, -8, -5
152270, 0, 0, 0, -8, -5
153070, 0, 0, 0, -8, -4
153870, 0, 0, 0, -8, -5
154670, 0, 0, 0, -8, -4
155470, 0, 0, 0, -8, -5
156270, 0, 0, 0, -8, -4
157070, 0, 0, 1, -8, -5
157870, 0, 0, 0, -7, -4
158670, 0, 0, 0, -8, -4
159470, 0, 0, 0, -8, -3
160000, -270, 0, 0, -7, -3
160000, -1070, 0, 1, -7, -4
160000, -1870, 0, 0, -7, -4
160000, -2670, 0, 1, -7, -4
160000, -3470, 0, 0, -7, -4
160000, -4270, 0, 1, -7, -4
160000, -5070, 0, 0, -7, -4
160000, -5870, 0, 0, -7, -4
160000, -6670, 0, 0, -7, -4
160000, -7470, 0, 1, -7, -4
160000, -8270, 0, 0, -7, -4
160000, -9070, 0, 0, -7, -4
160000, -9870, 0, 1, -8, -4
160000, -10670, 0, 1, -7, -4
160000, -11470, 0, 0, -7, -4
160000, -12270, 0, 0, -8, -4
160000, -13070, 0, 0, -8, -4
160000, -13870, 0, 1, -7, -4
160000, -14670, 0, 1, -8, -3
160000, -15470, 0, 1, -7, -3
160000, -16270, 0, 0, -8, -4
160000, -17070, 0, 0, -8, -3
160000, -17870, 0, 1, -7, -4
160000, -18670, 0, 0, -8, -3
160000, -19470, 0, 1, -7, -3
160000, -20270, 0, 0, -8, -4
160000, -21070, 0, 1, -8, -3
160000, -21870, 0, 0, -8, -4
160000, -22670, 0, 0, -8, -2
160000, -23470, 0, 0, -7, -3
160000, -24270, 0, 1, -8, -3
160000, -25070, 0, 0, -7, -3
160000, -25870, 0, 0, -8, -4
160000, -26670, 0, 1, -8, -3
160000, -27470, 0, 1, -8, -4
160000, -28270, 0, 1, -7, -4
160000, -29070, 0, 0, -7, -3
160000, -29870, 0, 1, -7, -4
160000, -30670, 0, 0, -7, -3
160000, -31470, 0, 1, -7, -3
160000, -32270, 0, 0, -8, -3
160000, -33070, 0, 1, -7, -3
160000, -33870, 0, 1, -7, -3
160000, -34670, 0, 2, -7, -3
160000, -35470, 0, 1, -7, -3
160000, -36270, 0, 0, -7, -3
160000, -37070, 0, 0, -7, -3
160000, -37870, 0, 1, -7, -3
160000, -38670, 0, 1, -7, -3
160000, -39470, 0, 0, -8, -3
160000, -40270, 0, 1, -7, -3
160000, -41070, 0, 1, -8, -3
160000, -41870, 0, 0, -7, -3
160000, -42670, 0, 0, -7, -3
160000, -43470, 0, 0, -8, -3
160000, -44270, 0, 1, -7, -2
160000, -45070, 0, 1, -6, -3
160000, -45870, 0, 1, -7, -3
160000, -46670, 0, 1, -7, -3
160000, -47470, 0, 0, -7, -3
160000, -48270, 0, 0, -7, -3
160000, -49070, 0, 1, -7, -3
160000, -49870, 0, 1, -7, -3
160000, -50670, 0, 0, -7, -3
160000, -51470, 0, 1, -7, -2
160000, -52270, 0, 1, -7, -3
160000, -53070, 0, 1, -7, -2
160000, -53870, 0, 2, -7, -3
160000, -54670, 0, 1, -7, -2
160000, -55470, 0, 1, -7, -3
160000, -56270, 0, 1, -7, -2
160000, -57070, 0, 1, -7, -2
160000, -57870, 0, 1, -7, -2
160000, -58670, 0, 1, -6, -2
160000, -59470, 0, 1, -7, -2
160000, -60270, 0, 1, -7, -2
160000, -61070, 0, 1, -7, -2
160000, -61870, 0, 1, -7, -2
160000, -62670, 0, 1, -7, -2
160000, -63470, 0, 0, -7, -2
160000, -64270, 0, 1, -7, -2
160000, -65070, 0, 2, -7, -2
160000, -65870, 0, 1, -7, -2
160000, -66670, 0, 1, -6, -2
160000, -67470, 0, 0, -6, -2
160000, -68270, 0, 1, -6, -2
160000, -69070, 0, 0, -6, -2
160000, -69870, 0, 1, -7, -2
160000, -70670, 0, 0, -6, -2
160000, -71470, 0, 2, -6, -2
160000, -72270, 0, 1, -7, -2
160000, -73070, 0, 1, -6, -2
160000, -73870, 0, 1, -6, -2
160000, -74670, 0, 2, -6, -2
160000, -75470, 0, 1, -6, -2
160000, -76270, 0, 1, -6, -2
160000, -77070, 0, 0, -6, -2
160000, -77870, 0, 1, -6, -1
160000, -78670, 0, 1, -6, -2
160000, -79470, 0, 1, -6, -1
160000, -80270, 0, 0, -6, -2
160000, -81070, 0, 1, -6, -2
160000, -81870, 0, 0, -6, -2
160000, -82670, 0, 1, -6, -2
160000, -83470, 0, 1, -6, -2
160000, -84270, 0, 2, -6, -2
160000, -85070, 0, 1, -6, -2
160000, -85870, 0, 1, -6, -1
160000, -86670, 0, 0, -6, -2
160000, -87470, 0, 1, -6, -2
160000, -88270, 0, 2, -6, -2
160000, -89070, 0, 1, -6, -2
160000, -89870, 0, 1, -6, -2
160000, -90670, 0, 1, -5, -2
160000, -91470, 0, 2, -5, -2
160000, -92270, 0, 1, -5, -2
160000, -93070, 0, 0, -5, -2
160000, -93870, 0, 1, -5, -2
160000, -94670, 0, 1, -5, -1
160000, -95470, 0, 1, -5, -2
160270, -96000, 0, 1, -6, -2
161070, -96000, 0, 1, -5, -2
161870, -96000, 0, 1, -6, -2
162670, -96000, 0, 1, -5, -2
163470, -96000, 0, 1, -6, -2
164270, -96000, 0, 1, -5, -2
165070, -96000, 0, 1, -5, -2
165870, -96000, 0, 1, -6, -2
166670, -96000, 0, 1, -6, -2
167470, -96000, 0, 1, -5, -3
168000, -95730, 0, 1, -5, -2
168000, -94930, 0, 1, -6, -2
168000, -94130, 0, 1, -5, -2
168000, -93330, 0, 1, -5, -2
168000, -92530, 0, 1, -5, -3
168000, -91730, 0, 1, -6, -2
168000, -90930, 0, 2, -5, -3
168000, -90130, 0, 1, -6, -2
168000, -89330, 0, 1, -6, -2
168000, -88530, 0, 1, -5, -2
168000, -87730, 0, 1, -6, -2
168000, -86930, 0, 1, -6, -3
168000, -86130, 0, 0, -6, -3
168000, -85330, 0, 1, -5, -2
168000, -84530, 0, 1, -6, -2
168000, -83730, 0, 1, -6, -2
168000, -82930, 0, 1, -6, -3
168000, -82130, 0, 1, -6, -3
168000, -81330, 0, 1, -6, -2
168000, -80530, 0, 1, -6, -3
168000, -79730, 0, 1, -6, -2
168000, -78930, 0, 0, -6, -3
168000, -78130, 0, 1, -6, -2
168000, -77330, 0, 1, -6, -3
168000, -76530, 0, 0, -6, -3
168000, -75730, 0, 0, -6, -2
168000, -74930, 0, 1, -6, -2
168000, -74130, 0, 1, -6, -2
168000, -73330, 0, 1, -6, -3
168000, -72530, 0, 1, -6, -2
168000, -71730, 0, 1, -6, -3
168000, -70930, 0, 1, -6, -3
168000, -70130, 0, 1, -6, -3
168000, -69330, 0, 0, -6, -3
168000, -68530, 0, 1, -6, -3
168000, -67730, 0, 1, -6, -3
168000, -66930, 0, 1, -7, -3
168000, -66130, 0, 1, -7, -3
168000, -65330, 0, 1, -6, -3
168000, -64530, 0, 1, -6, -2
168000, -63730, 0, 0, -6, -3
168000, -62930, 0, 1, -7, -3
168000, -62130, 0, 0, -7, -3
168000, -61330, 0, 0, -7, -3
168000, -60530, 0, 0, -6, -3
168000, -59730, 0, 0, -6, -3
168000, -58930, 0, 1, -7, -3
168000, -58130, 0, 1, -7, -3
168000, -57330, 0, 0, -7, -3
168000, -56530, 0, 1, -7, -3
168000, -55730, 0, 0, -7, -3
168000, -54930, 0, 0, -7, -3
168000, -54130, 0, 1, -7, -3
168000, -53330, 0, 0, -7, -3
168000, -52530, 0, 0, -6, -3
168000, -51730, 0, 1, -7, -3
168000, -50930, 0, 1, -7, -3
168000, -50130, 0, 1, -7, -3
168000, -49330, 0, 0, -6, -3
168000, -48530, 0, 0, -7, -3
168000, -47730, 0, 0, -7, -3
168000, -46930, 0, 1, -7, -2
168000, -46130, 0, 0, -7, -3
168000, -45330, 0, 0, -7, -3
168000, -44530, 0, 0, -7, -3
168000, -43730, 0, 0, -7, -3
168000, -42930, 0, 0, -6, -3
168000, -42130, 0, 0, -7, -3
168000, -41330, 0, 0, -7, -3
168000, -40530, 0, 0, -7, -3
168000, -39730, 0, 0, -7, -3
168000, -38930, 0, 0, -7, -4
168000, -38130, 0, 0, -7, -4
168000, -37330, 0, 0, -7, -3
168000, -36530, 0, 0, -7, -4
168000, -35730, 0, 0, -7, -3
168000, -34930, 0, 0, -7, -3
168000, -34130, 0, 0, -6, -3
168000, -33330, 0, 0, -7, -3
168000, -32530, 0, 0, -7, -3
168000, -31730, 0, 0, -7, -4
168000, -30930, 0, 0, -7, -3
168000, -30130, 0, 0, -7, -4
168000, -29330, 0, 0, -6, -4
168000, -28530, 0, 0, -7, -3
168000, -27730, 0, 1, -7, -4
168000, -26930, 0, 0, -7, -4
168000, -26130, 0, 0, -7, -4
168000, -25330, 0, 0, -7, -4
168000, -24530, 0, 0, -7, -4
168000, -23730, 0, 0, -7, -4
168000, -22930, 0, 0, -7, -4
168000, -22130, 0, 0, -7, -4
168000, -21330, 0, 0, -7, -4
168000, -20530, 0, 0, -7, -4
168000, -19730, 0, 1, -7, -4
168000, -18930, 0, 0, -7, -4
168000, -18130, 0, 0, -7, -4
168000, -17330, 0, 0, -7, -4
168000, -16530, 0, 0, -7, -4
168000, -15730, 0, 0, -7, -3
168000, -14930, 0, 0, -7, -4
168000, -14130, 0, 0, -7, -4
168000, -13330, 0, 0, -6, -3
168000, -12530, 0, 0, -7, -4
168000, -11730, 0, 0, -7, -4
168000, -10930, 0, 0, -7, -4
168000, -10130, 0, 0, -7, -4
168000, -9330, 0, 0, -7, -3
168000, -8530, 0, 0, -7, -4
168000, -7730, 0, 0, -7, -4
168000, -6930, 0, 0, -7, -4
168000, -6130, 0, 0, -7, -4
168000, -5330, 0, 0, -7, -4
168000, -4530, 0, 0, -7, -4
168000, -3730, 0, 0, -7, -4
168000, -2930, 0, 0, -7, -4
168000, -2130, 0, 0, -7, -4
168000, -1330, 0, 1, -7, -4
168000, -530, 0, 0, -7, -4
168270, 0, 0, 0, -7, -4
169070, 0, 0, 0, -7, -4
169870, 0, 0, 0, -6, -4
170670, 0, 0, 0, -7, -4
171470, 0, 0, 0, -7, -4
172270, 0, 0, 0, -7, -4
173070, 0, 0, 0, -7, -4
173870, 0, 0, 0, -7, -4
174670, 0, 0, 0, -7, -4
175470, 0, 0, 0, -7, -4
176000, -270, 0, 1, -6, -3
176000, -1070, 0, 0, -6, -4
176000, -1870, 0, 0, -6, -3
176000, -2670, 0, 1, -6, -4
176000, -3470, 0, 0, -6, -3
176000, -4270, 0, 0, -6, -4
176000, -5070, 0, 1, -6, -4
176000, -5870, 0, 1, -6, -4
176000, -6670, 0, 0, -6, -4
176000, -7470, 0, 1, -6, -3
176000, -8270, 0, 0, -6, -3
176000, -9070, 0, 1, -6, -4
176000, -9870, 0, 0, -6, -4
176000, -10670, 0, 0, -6, -4
176000, -11470, 0, -1, -6, -4
176000, -12270, 0, 0, -7, -4
176000, -13070, 0, 0, -6, -4
176000, -13870, 0, 0, -6, -4
176000, -14670, 0, 1, -6, -4
176000, -15470, 0, 0, -7, -3
176000, -16270, 0, 1, -6, -3
176000, -17070, 0, 0, -6, -4
176000, -17870, 0, 0, -6, -3
176000, -18670, 0, 0, -6, -3
176000, -19470, 0, 0, -7, -3
176000, -20270, 0, 0, -6, -3
176000, -21070, 0, 1, -7, -3
176000, -21870, 0, 0, -7, -4
176000, -22670, 0, 2, -6, -3
176000, -23470, 0, 1, -7, -4
176000, -24270, 0, 0, -6, -3
176000, -25070, 0, 1, -6, -3
176000, -25870, 0, 0, -6, -3
176000, -26670, 0, 0, -6, -3
176000, -27470, 0, 0, -6, -3
176000, -28270, 0, 0, -6, -3
176000, -29070, 0, 0, -7, -3
176000, -29870, 0, 0, -6, -3
176000, -30670, 0, 1, -6, -3
176000, -31470, 0, 0, -6, -3
176000, -32270, 0, 0, -6, -3
176000, -33070, 0, 1, -6, -3
176000, -33870, 0, 1, -6, -3
176000, -34670, 0, 0, -6, -3
176000, -35470, 0, 0, -6, -3
176000, -36270, 0, 0, -6, -3
176000, -37070, 0, 0, -6, -3
176000, -37870, 0, 0, -6, -3
176000, -38670, 0, 0, -6, -3
176000, -39470, 0, 0, -7, -3
176000, -40270, 0, 0, -6, -3
176000, -41070, 0, 1, -6, -3
176000, -41870, 0, 1, -6, -3
176000, -42670, 0, 0, -6, -3
176000, -43470, 0, 0, -6, -3
176000, -44270, 0, 1, -6, -3
176000, -45070, 0, 1, -6, -3
176000, -45870, 0, 0, -6, -3
176000, -46670, 0, 1, -7, -3
176000, -47470, 0, 1, -6, -4
176000, -48270, 0, 1, -6, -3
176000, -49070, 0, 1, -6, -3
176000, -49870, 0, 1, -6, -3
176000, -50670, 0, 1, -6, -3
176000, -51470, 0, 1, -6, -3
176000, -52270, 0, 1, -6, -3
176000, -53070, 0, 1, -6, -3
176000, -53870, 0, 1, -6, -3
176000, -54670, 0, 1, -6, -3
176000, -55470, 0, 1, -6, -3
176000, -56270, 0, 1, -6, -3
176000, -57070, 0, 1, -6, -3
176000, -57870, 0, 1, -6, -2
176000, -58670, 0, 1, -6, -3
176000, -59470, 0, 1, -6, -2
176000, -60270, 0, 1, -6, -3
176000, -61070, 0, 1, -6, -3
176000, -61870, 0, 1, -6, -3
176000, -62670, 0, 1, -6, -3
176000, -63470, 0, 1, -6, -2
176000, -64270, 0, 0, -6, -3
176000, -65070, 0, 0, -6, -2
176000, -65870, 0, 1, -6, -2
176000, -66670, 0, 1, -6, -3
176000, -67470, 0, 1, -5, -2
176000, -68270, 0, 1, -6, -3
176000, -69070, 0, 1, -6, -3
176000, -69870, 0, 2, -5, -3
176000, -70670, 0, 1, -6, -2
176000, -71470, 0, 1, -6, -3
176000, -72270, 0, 1, -5, -2
176000, -73070, 0, 1, -5, -2
176000, -73870, 0, 1, -6, -3
176000, -74670, 0, 1, -6, -3
176000, -75470, 0, 1, -5, -2
176000, -76270, 0, 1, -5, -3
176000, -77070, 0, 1, -6, -2
176000, -77870, 0, 1, -5, -2
176000, -78670, 0, 1, -5, -2
176000, -79470, 0, 1, -6, -2
176000, -80270, 0, 1, -5, -2
176000, -81070, 0, 1, -6, -3
176000, -81870, 0, 1, -5, -3
176000, -82670, 0, 1, -5, -2
176000, -83470, 0, 1, -5, -2
176000, -84270, 0, 1, -5, -2
176000, -85070, 0, 1, -5, -3
176000, -85870, 0, 1, -5, -2
176000, -86670, 0, 0, -5, -2
176000, -87470, 0, 2, -5, -2
176000, -88270, 0, 1, -6, -2
176000, -89070, 0, 1, -5, -2
176000, -89870, 0, 1, -5, -2
176000, -90670, 0, 1, -5, -2
176000, -91470, 0, 1, -5, -2
176000, -92270, 0, 1, -5, -2
176000, -93070, 0, 1, -5, -2
176000, -93870, 0, 1, -5, -2
176000, -94670, 0, 2, -5, -2
176000, -95470, 0, 1, -5, -2
176000, -96000, 270, 1, -5, -3
176000, -95548, 618, 1, -5, -2
176000, -94748, 618, 1, -5, -2
176000, -93948, 618, 1, -5, -2
176000, -93148, 618, 1, -5, -2
176000, -92348, 618, 2, -6, -3
176000, -91548, 618, 1, -5, -3
176000, -90748, 618, 2, -5, -3
176000, -89948, 618, 0, -5, -3
176000, -89148, 618, 2, -5, -3
176000, -88348, 618, 1, -5, -3
176000, -87548, 618, 1, -5, -2
176000, -86748, 618, 2, -6, -3
176000, -85948, 618, 1, -5, -3
176000, -85148, 618, 2, -5, -3
176000, -84348, 618, 1, -6, -3
176000, -83548, 618, 1, -6, -2
176000, -82748, 618, 1, -5, -3
176000, -81948, 618, 1, -6, -3
176000, -81148, 618, 1, -6, -3
176000, -80348, 618, 1, -5, -3
176000, -79548, 618, 1, -5, -3
176000, -78748, 618, 1, -5, -2
176000, -77948, 618, 1, -6, -2
176000, -77148, 618, 1, -5, -2
176000, -76348, 618, 1, -6, -3
176000, -75548, 618, 1, -6, -3
176000, -74748, 618, 2, -5, -3
176000, -73948, 618, 1, -5, -3
176000, -73148, 618, 1, -6, -3
176000, -72348, 618, 1, -6, -3
176000, -71548, 618, 1, -6, -3
176000, -70748, 618, 1, -6, -3
176000, -69948, 618, 1, -6, -3
176000, -69148, 618, 1, -4, -3
176000, -68348, 618, 2, -5, -3
176000, -67548, 618, 1, -6, -3
176000, -66748, 618, 1, -6, -3
176000, -65948, 618, 1, -6, -3
176000, -65148, 618, 2, -6, -3
176000, -64348, 618, 1, -6, -3
176000, -63548, 618, 1, -6, -3
176000, -62748, 618, 1, -6, -3
176000, -61948, 618, 1, -7, -3
176000, -61148, 618, 1, -6, -3
176000, -60348, 618, 1, -6, -3
176000, -59548, 618, 1, -6, -3
176000, -58748, 618, 1, -6, -3
176000, -57948, 618, 1, -6, -3
176000, -57148, 618, 1, -6, -3
176000, -56348, 618, 1, -6, -3
176000, -55548, 618, 1, -6, -3
176000, -54748, 618, 0, -6, -3
176000, -53948, 618, 1, -6, -3
176000, -53148, 618, 1, -6, -3
176000, -52348, 618, 1, -6, -3
176000, -51548, 618, 1, -6, -3
176000, -50748, 618, 1, -6, -3
176000, -49948, 618, 1, -6, -3
176000, -49148, 618, 1, -7, -3
176000, -48348, 618, 1, -6, -3
176000, -47548, 618, 1, -6, -3
176000, -46748, 618, 1, -7, -3
176000, -45948, 618, 1, -6, -3
176000, -45148, 618, 0, -6, -3
176000, -44348, 618, 2, -6, -3
176000, -43548, 618, 1, -6, -3
176000, -42748, 618, 1, -7, -3
176000, -41948, 618, 1, -6, -3
176000, -41148, 618, 0, -6, -3
176000, -40348, 618, 1, -6, -3
176000, -39548, 618, 1, -6, -3
176000, -38748, 618, 1, -7, -3
176000, -37948, 618, 1, -6, -4
176000, -37148, 618, 1, -6, -3
176000, -36348, 618, 1, -6, -4
176000, -35548, 618, 1, -6, -3
176000, -34748, 618, 1, -7, -3
176000, -33948, 618, 1, -6, -3
176000, -33148, 618, 1, -6, -3
176000, -32348, 618, 1, -6, -3
176000, -31548, 618, 0, -6, -3
176000, -30748, 618, 1, -6, -3
176000, -29948, 618, 1, -6, -4
176000, -29148, 618, 1, -6, -3
176000, -28348, 618, 1, -6, -3
176000, -27548, 618, 1, -6, -4
176000, -26748, 618, 1, -6, -4
176000, -25948, 618, 0, -6, -4
176000, -25148, 618, 1, -6, -4
176000, -24348, 618, 1, -7, -3
176000, -23548, 618, 1, -6, -4
176000, -22748, 618, 0, -6, -4
176000, -21948, 618, 1, -7, -3
176000, -21148, 618, 1, -6, -4
176000, -20348, 618, 0, -6, -3
176000, -19548, 618, 0, -6, -4
176000, -18748, 618, 1, -7, -4
176000, -17948, 618, 1, -7, -3
176000, -17148, 618, 1, -6, -4
176000, -16348, 618, 0, -6, -4
176000, -15548, 618, 1, -7, -4
176000, -14748, 618, 1, -6, -4
176000, -13948, 618, 0, -6, -4
176000, -13148, 618, 0, -6, -4
176000, -12348, 618, 0, -6, -4
176000, -11548, 618, 1, -6, -4
176000, -10748, 618, 1, -7, -4
176000, -9948, 618, 0, -6, -4
176000, -9148, 618, 1, -6, -4
176000, -8348, 618, 0, -7, -4
176000, -7548, 618, 1, -7, -4
176000, -6748, 618, 2, -6, -4
176000, -5948, 618, 1, -6, -4
176000, -5148, 618, 1, -6, -4
176000, -4348, 618, 1, -6, -4
176000, -3548, 618, 0, -6, -4
176000, -2748, 618, 0, -7, -4
176000, -1948, 618, 1, -6, -4
176000, -1148, 618, 0, -6, -4
176000, -348, 618, 1, -6, -4
175548, 0, 618, 1, -5, -4
174748, 0, 618, 1, -7, -4
173948, 0, 618, 1, -6, -4
173148, 0, 618, 1, -6, -4
172348, 0, 618, 1, -6, -4
171548, 0, 618, 1, -6, -4
170748, 0, 618, 1, -6, -4
169948, 0, 618, 1, -7, -4
169148, 0, 618, 1, -7, -3
168348, 0, 618, 1, -6, -4
168000, -452, 618, 1, -6, -5
168000, -1252, 618, 1, -6, -4
168000, -2052, 618, 1, -6, -4
168000, -2852, 618, 1, -6, -4
168000, -3652, 618, 1, -7, -4
168000, -4452, 618, 1, -7, -4
168000, -5252, 618, 1, -6, -4
168000, -6052, 618, 1, -6, -4
168000, -6852, 618, 1, -7, -4
168000, -7652, 618, 1, -6, -4
168000, -8452, 618, 1, -7, -4
168000, -9252, 618, 1, -7, -4
168000, -10052, 618, 1, -6, -3
168000, -10852, 618, 1, -7, -3
168000, -11652, 618, 0, -7, -4
168000, -12452, 618, 1, -7, -3
168000, -13252, 618, 1, -7, -4
168000, -14052, 618, 1, -6, -4
168000, -14852, 618, 1, -7, -3
168000, -15652, 618, 1, -7, -4
168000, -16452, 618, 1, -7, -3
168000, -17252, 618, 1, -7, -4
168000, -18052, 618, 1, -6, -4
168000, -18852, 618, 1, -7, -4
168000, -19652, 618, 1, -7, -3
168000, -20452, 618, 1, -7, -3
168000, -21252, 618, 1, -6, -4
168000, -22052, 618, 1, -7, -4
168000, -22852, 618, 1, -7, -3
168000, -23652, 618, 1, -6, -3
168000, -24452, 618, 1, -7, -4
168000, -25252, 618, 1, -7, -3
168000, -26052, 618, 1, -6, -3
168000, -26852, 618, 1, -7, -3
168000, -27652, 618, 1, -6, -3
168000, -28452, 618, 1, -6, -3
168000, -29252, 618, 1, -7, -3
168000, -30052, 618, 1, -7, -3
168000, -30852, 618, 1, -7, -3
168000, -31652, 618, 1, -7, -3
168000, -32452, 618, 1, -7, -3
168000, -33252, 618, 1, -7, -3
168000, -34052, 618, 1, -7, -3
168000, -34852, 618, 1, -6, -3
168000, -35652, 618, 1, -7, -3
168000, -36452, 618, 1, -6, -3
168000, -37252, 618, 1, -7, -3
168000, -38052, 618, 1, -6, -3
168000, -38852, 618, 1, -6, -3
168000, -39652, 618, 2, -7, -2
168000, -40452, 618, 1, -7, -3
168000, -41252, 618, 1, -7, -3
168000, -42052, 618, 1, -7, -3
168000, -42852, 618, 2, -6, -2
168000, -43652, 618, 1, -6, -3
168000, -44452, 618, 1, -6, -3
168000, -45252, 618, 1, -6, -3
168000, -46052, 618, 1, -6, -3
168000, -46852, 618, 1, -7, -3
168000, -47652, 618, 0, -6, -3
168000, -48452, 618, 1, -6, -3
168000, -49252, 618, 1, -6, -2
168000, -50052, 618, 1, -6, -2
168000, -50852, 618, 1, -6, -2
168000, -51652, 618, 1, -6, -3
168000, -52452, 618, 1, -7, -3
168000, -53252, 618, 1, -6, -3
168000, -54052, 618, 1, -6, -2
168000, -54852, 618, 1, -6, -2
168000, -55652, 618, 1, -6, -3
168000, -56452, 618, 1, -6, -2
168000, -57252, 618, 1, -6, -3
168000, -58052, 618, 2, -6, -3
168000, -58852, 618, 1, -6, -2
168000, -59652, 618, 2, -6, -2
168000, -60452, 618, 1, -6, -2
168000, -61252, 618, 1, -6, -3
168000, -62052, 618, 1, -6, -3
168000, -62852, 618, 1, -5, -2
168000, -63652, 618, 2, -6, -2
168000, -64452, 618, 1, -6, -2
168000, -65252, 618, 1, -6, -2
168000, -66052, 618, 1, -6, -2
168000, -66852, 618, 2, -6, -2
168000, -67652, 618, 1, -6, -2
168000, -68452, 618, 1, -6, -2
168000, -69252, 618, 1, -6, -2
168000, -70052, 618, 2, -6, -2
168000, -70852, 618, 1, -6, -2
168000, -71652, 618, 1, -5, -2
168000, -72452, 618, 1, -6, -3
168000, -73252, 618, 1, -6, -2
168000, -74052, 618, 1, -6, -2
168000, -74852, 618, 1, -6, -3
168000, -75652, 618, 1, -5, -2
168000, -76452, 618, 2, -6, -2
168000, -77252, 618, 1, -5, -1
168000, -78052, 618, 1, -6, -2
168000, -78852, 618, 1, -6, -2
168000, -79652, 618, 1, -6, -2
168000, -80452, 618, 1, -5, -2
168000, -81252, 618, 1, -6, -2
168000, -82052, 618, 2, -6, -2
168000, -82852, 618, 1, -6, -2
168000, -83652, 618, 1, -5, -2
168000, -84452, 618, 1, -5, -2
168000, -85252, 618, 1, -5, -2
168000, -86052, 618, 1, -5, -2
168000, -86852, 618, 1, -5, -2
168000, -87652, 618, 1, -5, -3
168000, -88452, 618, 1, -5, -3
168000, -89252, 618, 1, -5, -2
168000, -90052, 618, 1, -5, -2
168000, -90852, 618, 2, -5, -2
168000, -91652, 618, 2, -5, -2
168000, -92452, 618, 1, -5, -2
168000, -93252, 618, 1, -5, -2
168000, -94052, 618, 1, -5, -2
168000, -94852, 618, 1, -5, -2
168000, -95652, 618, 1, -5, -2
167548, -96000, 618, 1, -5, -2
166748, -96000, 618, 1, -5, -2
165948, -96000, 618, 2, -4, -2
165148, -96000, 618, 1, -5, -2
164348, -96000, 618, 2, -5, -2
163548, -96000, 618, 1, -5, -2
162748, -96000, 618, 1, -5, -2
161948, -96000, 618, 2, -5, -2
161148, -96000, 618, 1, -6, -2
160348, -96000, 618, 2, -6, -2
160000, -95548, 618, 1, -5, -2
160000, -94748, 618, 1, -5, -3
160000, -93948, 618, 1, -5, -2
160000, -93148, 618, 1, -6, -2
160000, -92348, 618, 1, -6, -2
160000, -91548, 618, 1, -5, -2
160000, -90748, 618, 1, -6, -2
160000, -89948, 618, 1, -6, -2
160000, -89148, 618, 1, -6, -2
160000, -88348, 618, 1, -6, -2
160000, -87548, 618, 2, -6, -2
160000, -86748, 618, 1, -6, -3
160000, -85948, 618, 2, -6, -2
160000, -85148, 618, 1, -6, -2
160000, -84348, 618, 1, -6, -2
160000, -83548, 618, 1, -5, -2
160000, -82748, 618, 2, -6, -2
160000, -81948, 618, 1, -6, -2
160000, -81148, 618, 1, -6, -3
160000, -80348, 618, 1, -6, -2
160000, -79548, 618, 1, -6, -2
160000, -78748, 618, 1, -6, -2
160000, -77948, 618, 1, -6, -2
160000, -77148, 618, 2, -6, -2
160000, -76348, 618, 1, -6, -3
160000, -75548, 618, 1, -6, -2
160000, -74748, 618, 1, -6, -2
160000, -73948, 618, 2, -6, -2
160000, -73148, 618, 1, -6, -3
160000, -72348, 618, 1, -6, -2
160000, -71548, 618, 1, -6, -2
160000, -70748, 618, 1, -6, -2
160000, -69948, 618, 1, -6, -2
160000, -69148, 618, 0, -6, -2
160000, -68348, 618, 1, -6, -3
160000, -67548, 618, 1, -7, -2
160000, -66748, 618, 1, -7, -3
160000, -65948, 618, 1, -6, -3
160000, -65148, 618, 1, -7, -2
160000, -64348, 618, 1, -7, -2
160000, -63548, 618, 1, -6, -2
160000, -62748, 618, 1, -7, -3
160000, -61948, 618, 1, -7, -2
160000, -61148, 618, 1, -7, -2
160000, -60348, 618, 1, -7, -3
160000, -59548, 618, 1, -7, -3
160000, -58748, 618, 1, -7, -3
160000, -57948, 618, 1, -7, -2
160000, -57148, 618, 1, -5, -2
160000, -56348, 618, 1, -7, -3
160000, -55548, 618, 1, -6, -3
160000, -54748, 618, 1, -7, -2
160000, -53948, 618, 1, -7, -2
160000, -53148, 618, 1, -7, -3
160000, -52348, 618, 1, -8, -3
160000, -51548, 618, 1, -7, -3
160000, -50748, 618, 1, -7, -3
160000, -49948, 618, 1, -8, -3
160000, -49148, 618, 0, -7, -3
160000, -48348, 618, 1, -7, -3
160000, -47548, 618, 1, -7, -2
160000, -46748, 618, 1, -7, -3
160000, -45948, 618, 1, -7, -3
160000, -45148, 618, 1, -7, -3
160000, -44348, 618, 1, -7, -3
160000, -43548, 618, 1, -7, -2
160000, -42748, 618, 1, -7, -3
160000, -41948, 618, 1, -7, -3
160000, -41148, 618, 1, -7, -3
160000, -40348, 618, 1, -8, -3
160000, -39548, 618, 1, -7, -3
160000, -38748, 618, 1, -7, -3
160000, -37948, 618, 0, -7, -3
160000, -37148, 618, 1, -7, -3
160000, -36348, 618, 1, -7, -3
160000, -35548, 618, 1, -8, -3
160000, -34748, 618, 1, -7, -3
160000, -33948, 618, 1, -8, -3
160000, -33148, 618, 1, -7, -3
160000, -32348, 618, 1, -8, -3
160000, -31548, 618, 0, -7, -3
160000, -30748, 618, 1, -7, -4
160000, -29948, 618, 1, -7, -4
160000, -29148, 618, 1, -8, -4
160000, -28348, 618, 1, -7, -3
160000, -27548, 618, 1, -8, -4
160000, -26748, 618, 0, -8, -3
160000, -25948, 618, 1, -7, -4
160000, -25148, 618, 0, -8, -3
160000, -24348, 618, 1, -7, -4
160000, -23548, 618, 0, -8, -4
160000, -22748, 618, 1, -7, -4
160000, -21948, 618, 1, -7, -5
160000, -21148, 618, 1, -8, -4
160000, -20348, 618, 1, -7, -4
160000, -19548, 618, 0, -8, -4
160000, -18748, 618, 1, -7, -4
160000, -17948, 618, 1, -7, -4
160000, -17148, 618, 1, -7, -5
160000, -16348, 618, 1, -6, -4
160000, -15548, 618, 1, -7, -4
160000, -14748, 618, 1, -8, -4
160000, -13948, 618, 0, -7, -4
160000, -13148, 618, 1, -7, -4
160000, -12348, 618, 1, -8, -4
160000, -11548, 618, 1, -7, -4
160000, -10748, 618, 0, -7, -4
160000, -9948, 618, 1, -7, -4
160000, -9148, 618, 0, -7, -4
160000, -8348, 618, 1, -7, -4
160000, -7548, 618, 1, -8, -4
160000, -6748, 618, 1, -7, -4
160000, -5948, 618, 1, -7, -4
160000, -5148, 618, 1, -7, -5
160000, -4348, 618, 1, -7, -4
160000, -3548, 618, 1, -6, -4
160000, -2748, 618, 1, -7, -4
160000, -1948, 618, 1, -7, -5
160000, -1148, 618, 0, -7, -4
160000, -348, 618, 1, -7, -4
159548, 0, 618, 0, -7, -4
158748, 0, 618, 1, -6, -4
157948, 0, 618, 1, -6, -4
157148, 0, 618, 1, -7, -4
156348, 0, 618, 1, -7, -4
155548, 0, 618, 1, -7, -5
154748, 0, 618, 1, -7, -4
153948, 0, 618, 1, -7, -3
153148, 0, 618, 1, -8, -4
152348, 0, 618, 1, -7, -4
152000, -452, 618, 1, -7, -5
152000, -1252, 618, 1, -8, -4
152000, -2052, 618, 1, -7, -5
152000, -2852, 618, 1, -7, -4
152000, -3652, 618, 1, -8, -4
152000, -4452, 618, 2, -8, -4
152000, -5252, 618, 1, -8, -4
152000, -6052, 618, 1, -8, -4
152000, -6852, 618, 1, -8, -4
152000, -7652, 618, 1, -8, -4
152000, -8452, 618, 2, -7, -4
152000, -9252, 618, 1, -7, -4
152000, -10052, 618, 2, -8, -4
152000, -10852, 618, 1, -8, -4
152000, -11652, 618, 2, -8, -4
152000, -12452, 618, 1, -8, -4
152000, -13252, 618, 2, -8, -4
152000, -14052, 618, 1, -8, -4
152000, -14852, 618, 1, -8, -4
152000, -15652, 618, 2, -8, -4
152000, -16452, 618, 1, -8, -4
152000, -17252, 618, 1, -8, -3
152000, -18052, 618, 1, -8, -4
152000, -18852, 618, 1, -8, -4
152000, -19652, 618, 1, -8, -4
152000, -20452, 618, 2, -8, -4
152000, -21252, 618, 1, -8, -4
152000, -22052, 618, 1, -8, -4
152000, -22852, 618, 1, -8, -4
152000, -23652, 618, 2, -8, -4
152000, -24452, 618, 1, -8, -4
152000, -25252, 618, 2, -8, -3
152000, -26052, 618, 1, -8, -3
152000, -26852, 618, 2, -7, -3
152000, -27652, 618, 2, -8, -3
152000, -28452, 618, 2, -8, -3
152000, -29252, 618, 1, -8, -3
152000, -30052, 618, 2, -8, -3
152000, -30852, 618, 1, -8, -3
152000, -31652, 618, 1, -8, -3
152000, -32452, 618, 1, -7, -3
152000, -33252, 618, 1, -8, -3
152000, -34052, 618, 1, -9, -3
152000, -34852, 618, 1, -8, -3
152000, -35652, 618, 1, -8, -3
152000, -36452, 618, 1, -8, -3
152000, -37252, 618, 1, -8, -3
152000, -38052, 618, 1, -7, -3
152000, -38852, 618, 1, -8, -3
152000, -39652, 618, 1, -8, -3
152000, -40452, 618, 2, -8, -3
152000, -41252, 618, 2, -8, -3
152000, -42052, 618, 2, -8, -3
152000, -42852, 618, 2, -6, -3
152000, -43652, 618, 2, -8, -2
152000, -44452, 618, 2, -8, -2
152000, -45252, 618, 2, -7, -2
152000, -46052, 618, 1, -8, -2
152000, -46852, 618, 1, -7, -2
152000, -47652, 618, 1, -7, -3
152000, -48452, 618, 1, -7, -3
152000, -49252, 618, 2, -7, -3
152000, -50052, 618, 2, -7, -1
152000, -50852, 618, 1, -6, -3
152000, -51652, 618, 2, -8, -2
152000, -52452, 618, 2, -7, -2
152000, -53252, 618, 1, -7, -2
152000, -54052, 618, 2, -7, -2
152000, -54852, 618, 2, -7, -2
152000, -55652, 618, 2, -7, -2
152000, -56452, 618, 2, -7, -1
152000, -57252, 618, 2, -7, -2
152000, -58052, 618, 1, -7, -2
152000, -58852, 618, 2, -7, -2
152000, -59652, 618, 2, -7, -2
152000, -60452, 618, 2, -6, -2
152000, -61252, 618, 1, -7, -2
152000, -62052, 618, 2, -7, -2
152000, -62852, 618, 2, -7, -2
152000, -63652, 618, 2, -7, -2
152000, -64452, 618, 2, -7, -2
152000, -65252, 618, 2, -7, -2
152000, -66052, 618, 1, -7, -2
152000, -66852, 618, 2, -7, -2
152000, -67652, 618, 0, -7, -1
152000, -68452, 618, 1, -6, -2
152000, -69252, 618, 2, -6, -2
152000, -70052, 618, 2, -6, -2
152000, -70852, 618, 2, -7, -2
152000, -71652, 618, 2, -6, -1
152000, -72452, 618, 2, -6, -1
152000, -73252, 618, 2, -7, -2
152000, -74052, 618, 2, -7, -2
152000, -74852, 618, 2, -6, -1
152000, -75652, 618, 2, -7, -1
152000, -76452, 618, 1, -6, -1
152000, -77252, 618, 2, -7, -1
152000, -78052, 618, 2, -5, -1
152000, -78852, 618, 2, -6, -2
152000, -79652, 618, 2, -6, -2
152000, -80452, 618, 1, -6, -1
152000, -81252, 618, 2, -6, -2
152000, -82052, 618, 1, -6, -1
152000, -82852, 618, 2, -6, -2
152000, -83652, 618, 2, -6, -2
152000, -84452, 618, 1, -6, -2
152000, -85252, 618, 2, -6, -1
152000, -86052, 618, 1, -6, -2
152000, -86852, 618, 1, -6, -1
152000, -87652, 618, 2, -6, -1
152000, -88452, 618, 1, -6, -1
152000, -89252, 618, 1, -6, -2
152000, -90052, 618, 1, -5, -2
152000, -90852, 618, 1, -6, -2
152000, -91652, 618, 2, -6, -2
152000, -92452, 618, 2, -6, -2
152000, -93252, 618, 2, -6, -1
152000, -94052, 618, 1, -5, -1
152000, -94852, 618, 2, -5, -1
152000, -95652, 618, 2, -5, -2
151548, -96000, 618, 1, -5, -1
150748, -96000, 618, 1, -5, -1
149948, -96000, 618, 2, -5, -1
149148, -96000, 618, 2, -6, -1
148348, -96000, 618, 2, -5, -1
147548, -96000, 618, 1, -6, -1
146748, -96000, 618, 3, -5, -1
145948, -96000, 618, 2, -5, -1
145148, -96000, 618, 2, -6, -1
144348, -96000, 618, 2, -5, -1
144000, -95548, 618, 2, -6, -1
144000, -94748, 618, 2, -6, -1
144000, -93948, 618, 2, -6, -1
144000, -93148, 618, 2, -6, -1
144000, -92348, 618, 2, -6, -1
144000, -91548, 618, 2, -6, -1
144000, -90748, 618, 2, -6, -1
144000, -89948, 618, 2, -6, -1
144000, -89148, 618, 1, -6, -1
144000, -88348, 618, 1, -6, -1
144000, -87548, 618, 1, -6, -1
144000, -86748, 618, 1, -6, -1
144000, -85948, 618, 1, -6, -2
144000, -85148, 618, 2, -6, -1
144000, -84348, 618, 1, -6, -1
144000, -83548, 618, 2, -6, -1
144000, -82748, 618, 1, -6, -1
144000, -81948, 618, 1, -6, -1
144000, -81148, 618, 2, -7, 0
144000, -80348, 618, 2, -6, -1
144000, -79548, 618, 1, -7, -2
144000, -78748, 618, 2, -7, -1
144000, -77948, 618, 2, -7, -1
144000, -77148, 618, 2, -7, -1
144000, -76348, 618, 1, -7, -2
144000, -75548, 618, 2, -7, -1
144000, -74748, 618, 1, -7, 0
144000, -73948, 618, 2, -7, -1
144000, -73148, 618, 1, -7, -1
144000, -72348, 618, 1, -7, -1
144000, -71548, 618, 1, -8, -1
144000, -70748, 618, 2, -7, -1
144000, -69948, 618, 1, -8, -1
144000, -69148, 618, 1, -7, -1
144000, -68348, 618, 2, -8, -2
144000, -67548, 618, 1, -7, -2
144000, -66748, 618, 1, -8, -2
144000, -65948, 618, 2, -7, -2
144000, -65148, 618, 2, -7, -2
144000, -64348, 618, 2, -8, -2
144000, -63548, 618, 2, -7, -2
144000, -62748, 618, 2, -7, -1
144000, -61948, 618, 2, -8, -2
144000, -61148, 618, 1, -8, -2
144000, -60348, 618, 1, -8, -1
144000, -59548, 618, 1, -8, -1
144000, -58748, 618, 2, -8, -2
144000, -57948, 618, 1, -8, -2
144000, -57148, 618, 1, -7, -2
144000, -56348, 618, 2, -8, -2
144000, -55548, 618, 1, -8, -2
144000, -54748, 618, 1, -8, -3
144000, -53948, 618, 2, -8, -2
144000, -53148, 618, 2, -8, -2
144000, -52348, 618, 1, -8, -2
144000, -51548, 618, 1, -8, -2
144000, -50748, 618, 1, -8, -2
144000, -49948, 618, 1, -8, -3
144000, -49148, 618, 1, -8, -2
144000, -48348, 618, 2, -8, -2
144000, -47548, 618, 2, -9, -2
144000, -46748, 618, 1, -8, -2
144000, -45948, 618, 1, -8, -2
144000, -45148, 618, 2, -9, -3
144000, -44348, 618, 2, -8, -3
144000, -43548, 618, 2, -8, -2
144000, -42748, 618, 2, -9, -2
144000, -41948, 618, 1, -8, -3
144000, -41148, 618, 1, -8, -3
144000, -40348, 618, 1, -9, -2
144000, -39548, 618, 1, -9, -3
144000, -38748, 618, 1, -9, -3
144000, -37948, 618, 1, -8, -3
144000, -37148, 618, 1, -8, -3
144000, -36348, 618, 2, -9, -3
144000, -35548, 618, 1, -9, -3
144000, -34748, 618, 1, -9, -3
144000, -33948, 618, 2, -9, -3
144000, -33148, 618, 1, -9, -3
144000, -32348, 618, 1, -9, -3
144000, -31548, 618, 1, -9, -3
144000, -30748, 618, 2, -9, -3
144000, -29948, 618, 1, -9, -3
144000, -29148, 618, 1, -9, -3
144000, -28348, 618, 1, -9, -3
144000, -27548, 618, 1, -9, -4
144000, -26748, 618, 1, -9, -4
144000, -25948, 618, 1, -9, -4
144000, -25148, 618, 1, -9, -4
144000, -24348, 618, 1, -9, -4
144000, -23548, 618, 1, -9, -4
144000, -22748, 618, 1, -9, -4
144000, -21948, 618, 1, -9, -3
144000, -21148, 618, 1, -9, -4
144000, -20348, 618, 2, -9, -3
144000, -19548, 618, 2, -9, -4
144000, -18748, 618, 1, -9, -4
144000, -17948, 618, 1, -9, -4
144000, -17148, 618, 1, -9, -4
144000, -16348, 618, 1, -9, -4
144000, -15548, 618, 1, -9, -4
144000, -14748, 618, 1, -9, -5
144000, -13948, 618, 0, -9, -4
144000, -13148, 618, 1, -9, -4
144000, -12348, 618, 1, -9, -4
144000, -11548, 618, 2, -9, -4
144000, -10748, 618, 2, -9, -5
144000, -9948, 618, 1, -9, -4
144000, -9148, 618, 1, -9, -5
144000, -8348, 618, 1, -8, -5
144000, -7548, 618, 1, -9, -5
144000, -6748, 618, 1, -9, -5
144000, -5948, 618, 1, -9, -4
144000, -5148, 618, 1, -9, -5
144000, -4348, 618, 1, -8, -5
144000, -3548, 618, 1, -9, -5
144000, -2748, 618, 1, -8, -5
144000, -1948, 618, 1, -9, -5
144000, -1148, 618, 1, -9, -5
144000, -348, 618, 1, -8, -5
143548, 0, 618, 1, -8, -5
142748, 0, 618, 1, -9, -6
141948, 0, 618, 2, -8, -5
141148, 0, 618, 2, -9, -5
140348, 0, 618, 2, -9, -5
139548, 0, 618, 1, -8, -5
138748, 0, 618, 1, -9, -6
137948, 0, 618, 2, -9, -5
137148, 0, 618, 2, -8, -5
136348, 0, 618, 2, -9, -5
136000, -452, 618, 2, -9, -5
136000, -1252, 618, 2, -9, -4
136000, -2052, 618, 2, -9, -5
136000, -2852, 618, 2, -9, -5
136000, -3652, 618, 2, -9, -5
136000, -4452, 618, 2, -9, -5
136000, -5252, 618, 2, -9, -5
136000, -6052, 618, 2, -9, -5
136000, -6852, 618, 2, -9, -5
136000, -7652, 618, 2, -10, -5
136000, -8452, 618, 2, -10, -5
136000, -9252, 618, 2, -10, -5
136000, -10052, 618, 2, -9, -4
136000, -10852, 618, 2, -10, -4
136000, -11652, 618, 2, -10, -5
136000, -12452, 618, 2, -10, -5
136000, -13252, 618, 2, -10, -5
136000, -14052, 618, 1, -10, -5
136000, -14852, 618, 2, -9, -5
136000, -15652, 618, 2, -10, -4
136000, -16452, 618, 2, -9, -4
136000, -17252, 618, 2, -10, -4
136000, -18052, 618, 2, -10, -4
136000, -18852, 618, 2, -10, -4
136000, -19652, 618, 2, -10, -4
136000, -20452, 618, 2, -9, -4
136000, -21252, 618, 2, -9, -4
136000, -22052, 618, 2, -10, -4
136000, -22852, 618, 2, -10, -4
136000, -23652, 618, 2, -10, -4
136000, -24452, 618, 2, -10, -4
136000, -25252, 618, 2, -10, -3
136000, -26052, 618, 2, -10, -4
136000, -26852, 618, 2, -10, -4
136000, -27652, 618, 2, -10, -3
136000, -28452, 618, 2, -10, -3
136000, -29252, 618, 2, -10, -3
136000, -30052, 618, 2, -11, -3
136000, -30852, 618, 2, -10, -3
136000, -31652, 618, 2, -10, -3
136000, -32452, 618, 3, -10, -3
136000, -33252, 618, 2, -10, -3
136000, -34052, 618, 2, -10, -3
136000, -34852, 618, 2, -10, -2
136000, -35652, 618, 2, -10, -3
136000, -36452, 618, 2, -10, -3
136000, -37252, 618, 2, -10, -2
136000, -38052, 618, 3, -10, -2
136000, -38852, 618, 3, -10, -1
136000, -39652, 618, 2, -10, -2
136000, -40452, 618, 3, -9, -2
136000, -41252, 618, 2, -9, -2
136000, -42052, 618, 3, -8, -2
136000, -42852, 618, 2, -9, -2
136000, -43652, 618, 3, -9, -2
136000, -44452, 618, 3, -9, -2
136000, -45252, 618, 2, -9, -1
136000, -46052, 618, 3, -9, -1
136000, -46852, 618, 3, -9, -2
136000, -47652, 618, 3, -9, -1
136000, -48452, 618, 2, -9, -2
136000, -49252, 618, 2, -9, -2
136000, -50052, 618, 3, -9, -2
136000, -50852, 618, 2, -10, -1
136000, -51652, 618, 2, -9, -2
136000, -52452, 618, 2, -9, -1
136000, -53252, 618, 2, -9, -1
136000, -54052, 618, 2, -9, -1
136000, -54852, 618, 2, -9, -1
136000, -55652, 618, 2, -8, -2
136000, -56452, 618, 2, -9, -2
136000, -57252, 618, 2, -8, -1
136000, -58052, 618, 2, -8, -1
136000, -58852, 618, 2, -9, -1
136000, -59652, 618, 2, -8, 0
136000, -60452, 618, 2, -8, -1
136000, -61252, 618, 3, -8, -1
136000, -62052, 618, 2, -8, 0
136000, -62852, 618, 2, -8, -1
136000, -63652, 618, 3, -8, -1
136000, -64452, 618, 2, -8, -1
136000, -65252, 618, 2, -8, -1
136000, -66052, 618, 2, -7, -1
136000, -66852, 618, 2, -8, 0
136000, -67652, 618, 2, -8, 0
136000, -68452, 618, 2, -7, -1
136000, -69252, 618, 2, -7, 0
136000, -70052, 618, 2, -8, -1
136000, -70852, 618, 2, -7, -1
136000, -71652, 618, 2, -7, 0
136000, -72452, 618, 2, -7, 0
136000, -73252, 618, 2, -7, 0
136000, -74052, 618, 3, -7, 0
136000, -74852, 618, 2, -7, 0
136000, -75652, 618, 1, -7, 0
136000, -76452, 618, 1, -7, 0
136000, -77252, 618, 2, -7, 0
136000, -78052, 618, 2, -7, 0
136000, -78852, 618, 2, -7, 0
136000, -79652, 618, 2, -7, 0
136000, -80452, 618, 2, -7, 0
136000, -81252, 618, 3, -6, 0
136000, -82052, 618, 3, -6, 0
136000, -82852, 618, 2, -7, 0
136000, -83652, 618, 2, -7, 0
136000, -84452, 618, 2, -7, 0
136000, -85252, 618, 2, -7, -1
136000, -86052, 618, 2, -7, 0
136000, -86852, 618, 2, -6, 0
136000, -87652, 618, 2, -6, 0
136000, -88452, 618, 2, -7, 0
136000, -89252, 618, 2, -6, 1
136000, -90052, 618, 2, -6, 0
136000, -90852, 618, 2, -6, 0
136000, -91652, 618, 2, -6, 0
136000, -92452, 618, 2, -6, 0
136000, -93252, 618, 2, -6, 0
136000, -94052, 618, 2, -6, 0
136000, -94852, 618, 1, -6, -1
136000, -95652, 618, 2, -5, -1
135548, -96000, 618, 2, -6, -1
134748, -96000, 618, 2, -6, -1
133948, -96000, 618, 1, -5, -1
133148, -96000, 618, 2, -6, 0
132348, -96000, 618, 3, -6, 0
131548, -96000, 618, 2, -6, 0
130748, -96000, 618, 2, -5, 0
129948, -96000, 618, 2, -5, 0
129148, -96000, 618, 2, -6, 0
128348, -96000, 618, 2, -6, 0
128000, -95548, 618, 2, -7, 0
128000, -94748, 618, 2, -7, 0
128000, -93948, 618, 1, -6, -1
128000, -93148, 618, 2, -6, 0
128000, -92348, 618, 2, -6, 0
128000, -91548, 618, 2, -6, 0
128000, -90748, 618, 2, -7, 0
128000, -89948, 618, 2, -6, 0
128000, -89148, 618, 2, -7, 0
128000, -88348, 618, 2, -7, 0
128000, -87548, 618, 2, -7, 0
128000, -86748, 618, 2, -7, 0
128000, -85948, 618, 2, -7, 0
128000, -85148, 618, 1, -7, 0
128000, -84348, 618, 2, -7, 0
128000, -83548, 618, 2, -7, 0
128000, -82748, 618, 2, -7, 0
128000, -81948, 618, 2, -7, 0
128000, -81148, 618, 2, -7, 0
128000, -80348, 618, 2, -7, 0
128000, -79548, 618, 2, -7, 0
128000, -78748, 618, 2, -7, 0
128000, -77948, 618, 2, -8, 0
128000, -77148, 618, 2, -8, 0
128000, -76348, 618, 2, -7, 0
128000, -75548, 618, 2, -8, 0
128000, -74748, 618, 2, -8, 1
128000, -73948, 618, 2, -8, 1
128000, -73148, 618, 2, -8, 0
128000, -72348, 618, 1, -8, 0
128000, -71548, 618, 2, -9, 0
128000, -70748, 618, 2, -8, 0
128000, -69948, 618, 2, -8, 0
128000, -69148, 618, 2, -8, 0
128000, -68348, 618, 1, -8, 0
128000, -67548, 618, 2, -8, 0
128000, -66748, 618, 2, -8, 0
128000, -65948, 618, 2, -8, 1
128000, -65148, 618, 2, -9, 0
128000, -64348, 618, 3, -9, 1
128000, -63548, 618, 3, -9, 0
128000, -62748, 618, 3, -9, -1
128000, -61948, 618, 3, -9, 0
128000, -61148, 618, 2, -9, 0
128000, -60348, 618, 3, -9, 0
128000, -59548, 618, 3, -10, 0
128000, -58748, 618, 3, -9, -1
128000, -57948, 618, 2, -9, 0
128000, -57148, 618, 2, -9, -1
128000, -56348, 618, 3, -10, -1
128000, -55548, 618, 2, -9, -1
128000, -54748, 618, 3, -10, 0
128000, -53948, 618, 3, -10, -1
128000, -53148, 618, 2, -10, -1
128000, -52348, 618, 2, -10, -1
128000, -51548, 618, 3, -10, -1
128000, -50748, 618, 3, -10, -1
128000, -49948, 618, 2, -10, -1
128000, -49148, 618, 3, -11, -2
128000, -48348, 618, 3, -10, -1
128000, -47548, 618, 2, -11, -1
128000, -46748, 618, 2, -11, -1
128000, -45948, 618, 3, -11, -1
128000, -45148, 618, 3, -11, -1
128000, -44348, 618, 2, -11, -1
128000, -43548, 618, 3, -11, -2
128000, -42748, 618, 3, -11, -2
128000, -41948, 618, 3, -11, 0
128000, -41148, 618, 3, -11, -2
128000, -40348, 618, 3, -11, -2
128000, -39548, 618, 2, -11, -2
128000, -38748, 618, 3, -11, -2
128000, -37948, 618, 3, -11, -2
128000, -37148, 618, 2, -11, -2
128000, -36348, 618, 3, -11, -3
128000, -35548, 618, 3, -11, -3
128000, -34748, 618, 3, -11, -3
128000, -33948, 618, 2, -12, -3
128000, -33148, 618, 3, -11, -3
128000, -32348, 618, 3, -12, -3
128000, -31548, 618, 2, -12, -3
128000, -30748, 618, 3, -12, -3
128000, -29948, 618, 3, -12, -3
128000, -29148, 618, 3, -12, -3
128000, -28348, 618, 2, -11, -4
128000, -27548, 618, 3, -12, -3
128000, -26748, 618, 3, -12, -3
128000, -25948, 618, 3, -11, -4
128000, -25148, 618, 3, -12, -4
128000, -24348, 618, 3, -11, -4
128000, -23548, 618, 2, -11, -4
128000, -22748, 618, 3, -12, -4
128000, -21948, 618, 3, -12, -4
128000, -21148, 618, 2, -10, -4
128000, -20348, 618, 2, -12, -4
128000, -19548, 618, 2, -12, -5
128000, -18748, 618, 2, -12, -4
128000, -17948, 618, 2, -12, -5
128000, -17148, 618, 2, -12, -4
128000, -16348, 618, 3, -12, -5
128000, -15548, 618, 2, -12, -5
128000, -14748, 618, 3, -12, -5
128000, -13948, 618, 2, -11, -6
128000, -13148, 618, 2, -12, -6
128000, -12348, 618, 2, -11, -5
128000, -11548, 618, 2, -11, -6
128000, -10748, 618, 2, -12, -6
128000, -9948, 618, 2, -11, -6
128000, -9148, 618, 3, -12, -6
128000, -8348, 618, 3, -11, -5
128000, -7548, 618, 3, -11, -6
128000, -6748, 618, 2, -11, -6
128000, -5948, 618, 2, -11, -6
128000, -5148, 618, 2, -12, -6
128000, -4348, 618, 2, -11, -7
128000, -3548, 618, 2, -11, -6
128000, -2748, 618, 2, -11, -6
128000, -1948, 618, 2, -12, -6
128000, -1148, 618, 2, -11, -7
128000, -348, 618, 2, -11, -6
127548, 0, 618, 3, -11, -5
126748, 0, 618, 2, -11, -6
125948, 0, 618, 3, -11, -6
125148, 0, 618, 3, -11, -6
124348, 0, 618, 3, -10, -6
123548, 0, 618, 3, -11, -7
122748, 0, 618, 3, -11, -7
121948, 0, 618, 4, -11, -7
121148, 0, 618, 3, -12, -7
120348, 0, 618, 3, -12, -7
120000, -452, 618, 3, -12, -7
120000, -1252, 618, 3, -12, -6
120000, -2052, 618, 3, -12, -7
120000, -2852, 618, 4, -12, -7
120000, -3652, 618, 4, -12, -7
120000, -4452, 618, 3, -13, -7
120000, -5252, 618, 4, -13, -7
120000, -6052, 618, 3, -13, -7
120000, -6852, 618, 4, -12, -7
120000, -7652, 618, 3, -13, -7
120000, -8452, 618, 3, -12, -6
120000, -9252, 618, 4, -13, -6
120000, -10052, 618, 4, -13, -6
120000, -10852, 618, 4, -13, -6
120000, -11652, 618, 4, -13, -6
120000, -12452, 618, 4, -12, -6
120000, -13252, 618, 4, -13, -6
120000, -14052, 618, 4, -13, -6
120000, -14852, 618, 4, -13, -6
120000, -15652, 618, 4, -13, -6
120000, -16452, 618, 4, -13, -6
120000, -17252, 618, 4, -13, -5
120000, -18052, 618, 4, -13, -5
120000, -18852, 618, 4, -13, -5
120000, -19652, 618, 4, -13, -5
120000, -20452, 618, 4, -13, -5
120000, -21252, 618, 4, -14, -5
120000, -22052, 618, 4, -13, -4
120000, -22852, 618, 4, -14, -4
120000, -23652, 618, 4, -13, -4
120000, -24452, 618, 4, -14, -4
120000, -25252, 618, 4, -13, -4
120000, -26052, 618, 4, -13, -3
120000, -26852, 618, 4, -14, -4
120000, -27652, 618, 4, -14, -4
120000, -28452, 618, 4, -13, -4
120000, -29252, 618, 4, -14, -3
120000, -30052, 618, 5, -13, -3
120000, -30852, 618, 4, -13, -3
120000, -31652, 618, 4, -13, -3
120000, -32452, 618, 4, -14, -3
120000, -33252, 618, 4, -13, -2
120000, -34052, 618, 4, -13, -3
120000, -34852, 618, 4, -13, -2
120000, -35652, 618, 4, -13, -2
120000, -36452, 618, 4, -13, -2
120000, -37252, 618, 4, -13, -2
120000, -38052, 618, 4, -12, -2
120000, -38852, 618, 4, -13, -1
120000, -39652, 618, 4, -12, -2
120000, -40452, 618, 4, -13, -1
120000, -41252, 618, 4, -13, -1
120000, -42052, 618, 4, -12, -1
120000, -42852, 618, 4, -12, -1
120000, -43652, 618, 4, -13, -1
120000, -44452, 618, 4, -12, 0
120000, -45252, 618, 4, -11, -1
120000, -46052, 618, 4, -12, -1
120000, -46852, 618, 4, -12, 0
120000, -47652, 618, 4, -12, 0
120000, -48452, 618, 4, -12, 0
120000, -49252, 618, 4, -12, 0
120000, -50052, 618, 4, -12, 0
120000, -50852, 618, 4, -12, 0
120000, -51652, 618, 4, -11, 0
120000, -52452, 618, 4, -11, 1
120000, -53252, 618, 4, -11, 0
120000, -54052, 618, 4, -11, 0
120000, -54852, 618, 3, -11, 1
120000, -55652, 618, 4, -10, 1
120000, -56452, 618, 5, -11, 1
120000, -57252, 618, 4, -11, 1
120000, -58052, 618, 4, -11, 1
120000, -58852, 618, 4, -10, 1
120000, -59652, 618, 3, -10, 1
120000, -60452, 618, 3, -10, 1
120000, -61252, 618, 4, -10, 1
120000, -62052, 618, 3, -10, 1
120000, -62852, 618, 3, -10, 1
120000, -63652, 618, 4, -9, 2
120000, -64452, 618, 5, -9, 1
120000, -65252, 618, 3, -9, 1
120000, -66052, 618, 4, -9, 2
120000, -66852, 618, 3, -9, 2
120000, -67652, 618, 4, -9, 2
120000, -68452, 618, 3, -9, 2
120000, -69252, 618, 4, -9, 2
120000, -70052, 618, 3, -9, 1
120000, -70852, 618, 3, -9, 2
120000, -71652, 618, 3, -9, 2
120000, -72452, 618, 3, -8, 2
120000, -73252, 618, 3, -8, 2
120000, -74052, 618, 3, -8, 2
120000, -74852, 618, 3, -8, 1
120000, -75652, 618, 3, -7, 2
120000, -76452, 618, 3, -8, 2
120000, -77252, 618, 3, -8, 2
120000, -78052, 618, 3, -7, 1
120000, -78852, 618, 3, -8, 1
120000, -79652, 618, 4, -7, 2
120000, -80452, 618, 3, -7, 2
120000, -81252, 618, 3, -7, 2
120000, -82052, 618, 3, -7, 2
120000, -82852, 618, 3, -7, 2
120000, -83652, 618, 3, -7, 1
120000, -84452, 618, 3, -7, 2
120000, -85252, 618, 3, -7, 2
120000, -86052, 618, 2, -7, 1
120000, -86852, 618, 3, -6, 2
120000, -87652, 618, 3, -7, 2
120000, -88452, 618, 3, -7, 2
120000, -89252, 618, 2, -6, 1
120000, -90052, 618, 2, -6, 2
120000, -90852, 618, 3, -6, 1
120000, -91652, 618, 3, -6, 1
120000, -92452, 618, 3, -6, 1
120000, -93252, 618, 3, -6, 1
120000, -94052, 618, 2, -6, 1
120000, -94852, 618, 2, -6, 0
120000, -95652, 618, 2, -6, 1
119548, -96000, 618, 2, -5, 1
118748, -96000, 618, 3, -6, 1
117948, -96000, 618, 3, -6, 1
117148, -96000, 618, 2, -5, 2
116348, -96000, 618, 2, -6, 2
115548, -96000, 618, 2, -6, 2
114748, -96000, 618, 3, -5, 2
113948, -96000, 618, 4, -6, 2
113148, -96000, 618, 2, -6, 2
112348, -96000, 618, 2, -6, 2
112000, -95548, 618, 2, -6, 2
112000, -94748, 618, 2, -6, 2
112000, -93948, 618, 2, -6, 2
112000, -93148, 618, 2, -7, 2
112000, -92348, 618, 2, -7, 2
112000, -91548, 618, 2, -6, 2
112000, -90748, 618, 2, -6, 2
112000, -89948, 618, 3, -7, 2
112000, -89148, 618, 3, -7, 2
112000, -88348, 618, 3, -7, 2
112000, -87548, 618, 3, -7, 2
112000, -86748, 618, 3, -7, 3
112000, -85948, 618, 3, -7, 2
112000, -85148, 618, 2, -7, 3
112000, -84348, 618, 2, -7, 3
112000, -83548, 618, 3, -8, 2
112000, -82748, 618, 3, -8, 2
112000, -81948, 618, 3, -7, 2
112000, -81148, 618, 3, -8, 3
112000, -80348, 618, 3, -8, 2
112000, -79548, 618, 3, -7, 3
112000, -78748, 618, 3, -8, 3
112000, -77948, 618, 3, -8, 3
112000, -77148, 618, 3, -8, 3
112000, -76348, 618, 3, -8, 2
112000, -75548, 618, 3, -8, 3
112000, -74748, 618, 3, -8, 3
112000, -73948, 618, 3, -9, 2
112000, -73148, 618, 3, -9, 3
112000, -72348, 618, 3, -9, 3
112000, -71548, 618, 3, -9, 3
112000, -70748, 618, 3, -9, 3
112000, -69948, 618, 4, -10, 3
112000, -69148, 618, 3, -9, 3
112000, -68348, 618, 3, -10, 3
112000, -67548, 618, 3, -10, 3
112000, -66748, 618, 4, -10, 3
112000, -65948, 618, 4, -10, 3
112000, -65148, 618, 3, -10, 2
112000, -64348, 618, 4, -10, 3
112000, -63548, 618, 4, -10, 3
112000, -62748, 618, 4, -11, 3
112000, -61948, 618, 4, -11, 3
112000, -61148, 618, 4, -11, 2
112000, -60348, 618, 4, -11, 2
112000, -59548, 618, 4, -11, 3
112000, -58748, 618, 4, -11, 2
112000, -57948, 618, 5, -11, 2
112000, -57148, 618, 4, -12, 2
112000, -56348, 618, 5, -12, 2
112000, -55548, 618, 5, -12, 2
112000, -54748, 618, 4, -12, 2
112000, -53948, 618, 4, -13, 2
112000, -53148, 618, 4, -12, 2
112000, -52348, 618, 5, -13, 2
112000, -51548, 618, 5, -12, 2
112000, -50748, 618, 5, -13, 1
112000, -49948, 618, 4, -13, 1
112000, -49148, 618, 4, -13, 1
112000, -48348, 618, 5, -14, 0
112000, -47548, 618, 5, -13, 1
112000, -46748, 618, 5, -14, 1
112000, -45948, 618, 5, -14, 1
112000, -45148, 618, 4, -14, 0
112000, -44348, 618, 5, -14, 0
112000, -43548, 618, 5, -14, 0
112000, -42748, 618, 5, -14, 0
112000, -41948, 618, 5, -14, 0
112000, -41148, 618, 5, -14, 0
112000, -40348, 618, 5, -15, 0
112000, -39548, 618, 5, -14, 0
112000, -38748, 618, 5, -15, -2
112000, -37948, 618, 6, -15, -1
112000, -37148, 618, 5, -14, -1
112000, -36348, 618, 5, -15, -2
112000, -35548, 618, 5, -16, -1
112000, -34748, 618, 5, -15, -2
112000, -33948, 618, 5, -15, -2
112000, -33148, 618, 5, -16, -2
112000, -32348, 618, 6, -15, -2
112000, -31548, 618, 6, -15, -3
112000, -30748, 618, 6, -16, -3
112000, -29948, 618, 6, -16, -3
112000, -29148, 618, 7, -16, -3
112000, -28348, 618, 6, -16, -4
112000, -27548, 618, 5, -16, -4
112000, -26748, 618, 6, -16, -4
112000, -25948, 618, 5, -16, -4
112000, -25148, 618, 5, -16, -5
112000, -24348, 618, 5, -16, -4
112000, -23548, 618, 5, -15, -5
112000, -22748, 618, 6, -16, -5
112000, -21948, 618, 5, -16, -5
112000, -21148, 618, 6, -16, -5
112000, -20348, 618, 5, -16, -5
112000, -19548, 618, 6, -16, -5
112000, -18748, 618, 5, -16, -5
112000, -17948, 618, 5, -16, -6
112000, -17148, 618, 5, -16, -6
112000, -16348, 618, 5, -16, -6
112000, -15548, 618, 5, -16, -7
112000, -14748, 618, 5, -15, -7
112000, -13948, 618, 6, -16, -6
112000, -13148, 618, 5, -16, -7
112000, -12348, 618, 5, -16, -8
112000, -11548, 618, 5, -15, -7
112000, -10748, 618, 5, -15, -8
112000, -9948, 618, 5, -16, -8
112000, -9148, 618, 5, -14, -8
112000, -8348, 618, 6, -15, -8
112000, -7548, 618, 5, -15, -8
112000, -6748, 618, 5, -15, -8
112000, -5948, 618, 5, -15, -8
112000, -5148, 618, 6, -16, -8
112000, -4348, 618, 5, -15, -9
112000, -3548, 618, 4, -15, -9
112000, -2748, 618, 5, -14, -8
112000, -1948, 618, 4, -15, -8
112000, -1148, 618, 4, -15, -9
112000, -348, 618, 4, -14, -9
111548, 0, 618, 5, -14, -9
110748, 0, 618, 5, -14, -8
109948, 0, 618, 5, -14, -9
109148, 0, 618, 5, -15, -10
108348, 0, 618, 5, -15, -10
107548, 0, 618, 6, -15, -10
106748, 0, 618, 5, -15, -10
105948, 0, 618, 6, -16, -11
105148, 0, 618, 6, -16, -10
104348, 0, 618, 7, -16, -11
104000, -452, 618, 7, -16, -11
104000, -1252, 618, 6, -17, -11
104000, -2052, 618, 8, -16, -11
104000, -2852, 618, 7, -16, -11
104000, -3652, 618, 7, -17, -10
104000, -4452, 618, 7, -17, -11
104000, -5252, 618, 8, -17, -10
104000, -6052, 618, 7, -17, -10
104000, -6852, 618, 8, -18, -11
104000, -7652, 618, 8, -17, -10
104000, -8452, 618, 8, -18, -10
104000, -9252, 618, 8, -18, -10
104000, -10052, 618, 8, -18, -9
104000, -10852, 618, 8, -18, -9
104000, -11652, 618, 8, -18, -9
104000, -12452, 618, 8, -18, -9
104000, -13252, 618, 8, -18, -9
104000, -14052, 618, 9, -19, -8
104000, -14852, 618, 8, -19, -8
104000, -15652, 618, 9, -19, -8
104000, -16452, 618, 9, -19, -7
104000, -17252, 618, 8, -19, -8
104000, -18052, 618, 9, -19, -7
104000, -18852, 618, 9, -19, -7
104000, -19652, 618, 9, -19, -7
104000, -20452, 618, 9, -19, -7
104000, -21252, 618, 10, -19, -6
104000, -22052, 618, 9, -19, -6
104000, -22852, 618, 9, -20, -6
104000, -23652, 618, 9, -19, -6
104000, -24452, 618, 9, -20, -6
104000, -25252, 618, 9, -20, -5
104000, -26052, 618, 9, -20, -4
104000, -26852, 618, 9, -19, -5
104000, -27652, 618, 9, -19, -4
104000, -28452, 618, 9, -19, -4
104000, -29252, 618, 9, -19, -4
104000, -30052, 618, 9, -19, -3
104000, -30852, 618, 9, -19, -3
104000, -31652, 618, 9, -19, -2
104000, -32452, 618, 9, -19, -3
104000, -33252, 618, 9, -19, -2
104000, -34052, 618, 9, -19, -2
104000, -34852, 618, 9, -19, -1
104000, -35652, 618, 9, -19, -1
104000, -36452, 618, 9, -18, 1
104000, -37252, 618, 9, -18, 0
104000, -38052, 618, 9, -18, 0
104000, -38852, 618, 9, -19, 0
104000, -39652, 618, 9, -18, 0
104000, -40452, 618, 9, -17, 2
104000, -41252, 618, 9, -18, 1
104000, -42052, 618, 8, -17, 1
104000, -42852, 618, 8, -17, 2
104000, -43652, 618, 8, -17, 1
104000, -44452, 618, 8, -16, 2
104000, -45252, 618, 9, -17, 2
104000, -46052, 618, 8, -17, 2
104000, -46852, 618, 9, -16, 3
104000, -47652, 618, 8, -16, 3
104000, -48452, 618, 8, -16, 3
104000, -49252, 618, 8, -16, 4
104000, -50052, 618, 7, -15, 3
104000, -50852, 618, 7, -15, 3
104000, -51652, 618, 7, -15, 4
104000, -52452, 618, 7, -14, 5
104000, -53252, 618, 7, -14, 4
104000, -54052, 618, 7, -14, 5
104000, -54852, 618, 7, -14, 4
104000, -55652, 618, 7, -14, 5
104000, -56452, 618, 7, -14, 4
104000, -57252, 618, 7, -13, 5
104000, -58052, 618, 7, -13, 5
104000, -58852, 618, 6, -12, 5
104000, -59652, 618, 6, -13, 5
104000, -60452, 618, 6, -12, 5
104000, -61252, 618, 7, -12, 5
104000, -62052, 618, 7, -12, 5
104000, -62852, 618, 5, -12, 5
104000, -63652, 618, 6, -11, 5
104000, -64452, 618, 5, -12, 5
104000, -65252, 618, 6, -11, 5
104000, -66052, 618, 5, -11, 6
104000, -66852, 618, 5, -11, 5
104000, -67652, 618, 5, -11, 5
104000, -68452, 618, 5, -10, 5
104000, -69252, 618, 5, -10, 6
104000, -70052, 618, 5, -10, 5
104000, -70852, 618, 5, -10, 5
104000, -71652, 618, 5, -10, 5
104000, -72452, 618, 5, -9, 5
104000, -73252, 618, 5, -10, 5
104000, -74052, 618, 5, -10, 5
104000, -74852, 618, 4, -9, 5
104000, -75652, 618, 4, -9, 5
104000, -76452, 618, 4, -9, 6
104000, -77252, 618, 4, -9, 5
104000, -78052, 618, 4, -8, 5
104000, -78852, 618, 5, -8, 5
104000, -79652, 618, 4, -9, 5
104000, -80452, 618, 4, -8, 5
104000, -81252, 618, 5, -8, 5
104000, -82052, 618, 4, -8, 5
104000, -82852, 618, 4, -8, 5
104000, -83652, 618, 5, -7, 4
104000, -84452, 618, 4, -7, 5
104000, -85252, 618, 3, -7, 4
104000, -86052, 618, 4, -7, 5
104000, -86852, 618, 3, -7, 5
104000, -87652, 618, 4, -7, 4
104000, -88452, 618, 3, -7, 5
104000, -89252, 618, 3, -7, 4
104000, -90052, 618, 4, -7, 4
104000, -90852, 618, 3, -6, 4
104000, -91652, 618, 3, -6, 3
104000, -92452, 618, 3, -6, 4
104000, -93252, 618, 3, -5, 4
104000, -94052, 618, 3, -6, 4
104000, -94852, 618, 4, -6, 3
104000, -95652, 618, 3, -6, 3
103548, -96000, 618, 3, -6, 4
102748, -96000, 618, 3, -6, 3
101948, -96000, 618, 3, -5, 4
101148, -96000, 618, 3, -5, 4
100348, -96000, 618, 4, -5, 4
99548, -96000, 618, 3, -5, 4
98748, -96000, 618, 3, -6, 4
97948, -96000, 618, 4, -6, 4
97148, -96000, 618, 3, -5, 5
96348, -96000, 618, 3, -6, 4
96000, -95548, 618, 3, -6, 5
96000, -94748, 618, 3, -6, 4
96000, -93948, 618, 3, -6, 5
96000, -93148, 618, 3, -6, 5
96000, -92348, 618, 3, -6, 5
96000, -91548, 618, 3, -6, 4
96000, -90748, 618, 3, -6, 5
96000, -89948, 618, 3, -7, 5
96000, -89148, 618, 3, -7, 5
96000, -88348, 618, 3, -6, 6
96000, -87548, 618, 3, -7, 5
96000, -86748, 618, 3, -7, 5
96000, -85948, 618, 4, -8, 6
96000, -85148, 618, 3, -7, 5
96000, -84348, 618, 3, -7, 6
96000, -83548, 618, 4, -7, 6
96000, -82748, 618, 4, -7, 6
96000, -81948, 618, 3, -7, 6
96000, -81148, 618, 4, -7, 6
96000, -80348, 618, 4, -8, 6
96000, -79548, 618, 4, -8, 6
96000, -78748, 618, 4, -8, 6
96000, -77948, 618, 4, -9, 7
96000, -77148, 618, 4, -8, 7
96000, -76348, 618, 5, -8, 7
96000, -75548, 618, 5, -9, 7
96000, -74748, 618, 5, -9, 7
96000, -73948, 618, 5, -10, 7
96000, -73148, 618, 5, -9, 7
96000, -72348, 618, 5, -10, 8
96000, -71548, 618, 6, -10, 7
96000, -70748, 618, 6, -10, 8
96000, -69948, 618, 6, -10, 7
96000, -69148, 618, 5, -10, 8
96000, -68348, 618, 5, -11, 8
96000, -67548, 618, 6, -11, 9
96000, -66748, 618, 6, -11, 8
96000, -65948, 618, 6, -11, 8
96000, -65148, 618, 6, -11, 8
96000, -64348, 618, 6, -12, 8
96000, -63548, 618, 7, -12, 8
96000, -62748, 618, 7, -13, 8
96000, -61948, 618, 7, -13, 8
96000, -61148, 618, 9, -13, 8
96000, -60348, 618, 8, -13, 8
96000, -59548, 618, 8, -14, 8
96000, -58748, 618, 8, -14, 8
96000, -57948, 618, 8, -14, 8
96000, -57148, 618, 9, -14, 8
96000, -56348, 618, 9, -15, 8
96000, -55548, 618, 9, -15, 8
96000, -54748, 618, 9, -15, 7
96000, -53948, 618, 9, -16, 7
96000, -53148, 618, 9, -15, 7
96000, -52348, 618, 9, -16, 7
96000, -51548, 618, 10, -16, 8
96000, -50748, 618, 10, -17, 7
96000, -49948, 618, 10, -17, 7
96000, -49148, 618, 10, -18, 7
96000, -48348, 618, 10, -18, 6
96000, -47548, 618, 10, -18, 5
96000, -46748, 618, 11, -19, 6
96000, -45948, 618, 11, -18, 5
96000, -45148, 618, 11, -19, 5
96000, -44348, 618, 11, -19, 5
96000, -43548, 618, 12, -19, 4
96000, -42748, 618, 12, -20, 4
96000, -41948, 618, 12, -20, 4
96000, -41148, 618, 12, -20, 4
96000, -40348, 618, 12, -21, 4
96000, -39548, 618, 12, -21, 3
96000, -38748, 618, 13, -21, 2
96000, -37948, 618, 14, -21, 2
96000, -37148, 618, 13, -22, 1
96000, -36348, 618, 13, -22, 1
96000, -35548, 618, 13, -22, 1
96000, -34748, 618, 13, -23, 1
96000, -33948, 618, 13, -23, 0
96000, -33148, 618, 14, -23, -1
96000, -32348, 618, 14, -23, -1
96000, -31548, 618, 13, -23, -1
96000, -30748, 618, 13, -23, -3
96000, -29948, 618, 14, -23, -3
96000, -29148, 618, 14, -23, -3
96000, -28348, 618, 14, -24, -3
96000, -27548, 618, 14, -23, -4
96000, -26748, 618, 14, -24, -5
96000, -25948, 618, 14, -24, -5
96000, -25148, 618, 14, -24, -5
96000, -24348, 618, 14, -23, -6
96000, -23548, 618, 14, -24, -5
96000, -22748, 618, 14, -24, -7
96000, -21948, 618, 14, -24, -7
96000, -21148, 618, 14, -24, -8
96000, -20348, 618, 14, -24, -7
96000, -19548, 618, 14, -24, -7
96000, -18748, 618, 14, -23, -9
96000, -17948, 618, 13, -24, -9
96000, -17148, 618, 13, -23, -9
96000, -16348, 618, 13, -23, -10
96000, -15548, 618, 13, -24, -11
96000, -14748, 618, 13, -22, -10
96000, -13948, 618, 13, -23, -10
96000, -13148, 618, 13, -23, -11
96000, -12348, 618, 13, -23, -11
96000, -11548, 618, 13, -23, -12
96000, -10748, 618, 13, -23, -12
96000, -9948, 618, 12, -22, -13
96000, -9148, 618, 12, -22, -12
96000, -8348, 618, 12, -22, -13
96000, -7548, 618, 11, -22, -13
96000, -6748, 618, 11, -22, -13
96000, -5948, 618, 11, -22, -14
96000, -5148, 618, 11, -21, -14
96000, -4348, 618, 11, -21, -14
96000, -3548, 618, 10, -21, -14
96000, -2748, 618, 10, -20, -14
96000, -1948, 618, 11, -20, -14
96000, -1148, 618, 11, -20, -14
96000, -348, 618, 10, -20, -15
95548, 0, 618, 11, -19, -14
94748, 0, 618, 11, -20, -15
93948, 0, 618, 12, -20, -15
93148, 0, 618, 12, -20, -16
92348, 0, 618, 12, -20, -16
91548, 0, 618, 13, -21, -17
90748, 0, 618, 14, -21, -17
89948, 0, 618, 14, -21, -17
89148, 0, 618, 16, -22, -18
88348, 0, 618, 15, -22, -19
88000, -452, 618, 16, -22, -19
88000, -1252, 618, 16, -22, -19
88000, -2052, 618, 16, -23, -19
88000, -2852, 618, 16, -22, -19
88000, -3652, 618, 17, -23, -19
88000, -4452, 618, 17, -24, -19
88000, -5252, 618, 18, -25, -18
88000, -6052, 618, 18, -25, -18
88000, -6852, 618, 19, -25, -18
88000, -7652, 618, 19, -25, -18
88000, -8452, 618, 19, -26, -18
88000, -9252, 618, 21, -26, -17
88000, -10052, 618, 21, -26, -16
88000, -10852, 618, 21, -26, -17
88000, -11652, 618, 21, -27, -17
88000, -12452, 618, 22, -26, -16
88000, -13252, 618, 22, -26, -16
88000, -14052, 618, 22, -27, -15
88000, -14852, 618, 23, -28, -15
88000, -15652, 618, 23, -28, -14
88000, -16452, 618, 23, -28, -14
88000, -17252, 618, 23, -28, -14
88000, -18052, 618, 23, -29, -14
88000, -18852, 618, 23, -29, -13
88000, -19652, 618, 24, -29, -12
88000, -20452, 618, 24, -28, -12
88000, -21252, 618, 24, -29, -11
88000, -22052, 618, 24, -29, -11
88000, -22852, 618, 24, -30, -10
88000, -23652, 618, 25, -30, -9
88000, -24452, 618, 24, -29, -8
88000, -25252, 618, 25, -29, -8
88000, -26052, 618, 25, -30, -7
88000, -26852, 618, 25, -29, -6
88000, -27652, 618, 25, -29, -6
88000, -28452, 618, 25, -29, -5
88000, -29252, 618, 25, -29, -4
88000, -30052, 618, 25, -29, -4
88000, -30852, 618, 25, -29, -3
88000, -31652, 618, 25, -29, -2
88000, -32452, 618, 24, -28, -2
88000, -33252, 618, 24, -28, -1
88000, -34052, 618, 24, -28, 0
88000, -34852, 618, 24, -27, 0
88000, -35652, 618, 23, -27, 1
88000, -36452, 618, 24, -27, 2
88000, -37252, 618, 23, -26, 2
88000, -38052, 618, 23, -26, 3
88000, -38852, 618, 23, -26, 4
88000, -39652, 618, 23, -25, 4
88000, -40452, 618, 22, -26, 5
88000, -41252, 618, 22, -25, 6
88000, -42052, 618, 22, -25, 6
88000, -42852, 618, 21, -24, 7
88000, -43652, 618, 20, -23, 7
88000, -44452, 618, 19, -23, 7
88000, -45252, 618, 20, -23, 9
88000, -46052, 618, 19, -23, 9
88000, -46852, 618, 19, -22, 9
88000, -47652, 618, 19, -22, 10
88000, -48452, 618, 18, -21, 10
88000, -49252, 618, 17, -21, 11
88000, -50052, 618, 17, -20, 12
88000, -50852, 618, 17, -20, 11
88000, -51652, 618, 16, -19, 11
88000, -52452, 618, 16, -19, 12
88000, -53252, 618, 16, -18, 12
88000, -54052, 618, 15, -18, 12
88000, -54852, 618, 15, -18, 13
88000, -55652, 618, 15, -17, 13
88000, -56452, 618, 14, -17, 13
88000, -57252, 618, 13, -17, 13
88000, -58052, 618, 13, -16, 13
88000, -58852, 618, 13, -15, 14
88000, -59652, 618, 12, -15, 13
88000, -60452, 618, 12, -15, 13
88000, -61252, 618, 11, -14, 13
88000, -62052, 618, 11, -13, 13
88000, -62852, 618, 11, -13, 13
88000, -63652, 618, 10, -13, 13
88000, -64452, 618, 10, -13, 13
88000, -65252, 618, 10, -13, 13
88000, -66052, 618, 9, -11, 13
88000, -66852, 618, 10, -12, 13
88000, -67652, 618, 9, -11, 12
88000, -68452, 618, 9, -10, 12
88000, -69252, 618, 9, -11, 12
88000, -70052, 618, 8, -11, 12
88000, -70852, 618, 8, -10, 12
88000, -71652, 618, 8, -10, 12
88000, -72452, 618, 8, -9, 12
88000, -73252, 618, 7, -9, 11
88000, -74052, 618, 8, -10, 11
88000, -74852, 618, 7, -9, 11
88000, -75652, 618, 7, -9, 11
88000, -76452, 618, 7, -9, 11
88000, -77252, 618, 6, -8, 11
88000, -78052, 618, 6, -8, 10
88000, -78852, 618, 6, -8, 10
88000, -79652, 618, 6, -8, 10
88000, -80452, 618, 6, -8, 10
88000, -81252, 618, 6, -8, 10
88000, -82052, 618, 5, -7, 9
88000, -82852, 618, 5, -7, 9
88000, -83652, 618, 5, -7, 9
88000, -84452, 618, 5, -6, 9
88000, -85252, 618, 5, -6, 9
88000, -86052, 618, 5, -6, 9
88000, -86852, 618, 4, -6, 8
88000, -87652, 618, 4, -6, 8
88000, -88452, 618, 4, -6, 7
88000, -89252, 618, 5, -6, 8
88000, -90052, 618, 5, -6, 7
88000, -90852, 618, 4, -5, 7
88000, -91652, 618, 4, -6, 7
88000, -92452, 618, 4, -6, 7
88000, -93252, 618, 4, -5, 7
88000, -94052, 618, 4, -5, 6
88000, -94852, 618, 3, -5, 6
88000, -95652, 618, 3, -5, 6
87548, -96000, 618, 4, -5, 6
86748, -96000, 618, 4, -5, 7
85948, -96000, 618, 4, -5, 7
85148, -96000, 618, 4, -5, 7
84348, -96000, 618, 5, -5, 7
83548, -96000, 618, 4, -4, 7
82748, -96000, 618, 4, -4, 8
81948, -96000, 618, 4, -4, 7
81148, -96000, 618, 4, -4, 7
80348, -96000, 618, 4, -4, 7
80000, -95548, 618, 4, -4, 7
80000, -94748, 618, 4, -5, 7
80000, -93948, 618, 4, -4, 7
80000, -93148, 618, 4, -5, 8
80000, -92348, 618, 4, -5, 8
80000, -91548, 618, 4, -5, 8
80000, -90748, 618, 4, -5, 8
80000, -89948, 618, 4, -5, 8
80000, -89148, 618, 4, -5, 8
80000, -88348, 618, 5, -5, 9
80000, -87548, 618, 4, -5, 9
80000, -86748, 618, 5, -5, 9
80000, -85948, 618, 5, -5, 11
80000, -85148, 618, 5, -6, 10
80000, -84348, 618, 5, -6, 10
80000, -83548, 618, 5, -6, 10
80000, -82748, 618, 6, -7, 10
80000, -81948, 618, 5, -6, 10
80000, -81148, 618, 6, -6, 11
80000, -80348, 618, 6, -7, 11
80000, -79548, 618, 6, -7, 12
80000, -78748, 618, 6, -7, 12
80000, -77948, 618, 6, -7, 12
80000, -77148, 618, 6, -7, 14
80000, -76348, 618, 7, -7, 13
80000, -75548, 618, 7, -7, 13
80000, -74748, 618, 7, -8, 14
80000, -73948, 618, 7, -8, 14
80000, -73148, 618, 8, -9, 14
80000, -72348, 618, 8, -8, 15
80000, -71548, 618, 8, -9, 15
80000, -70748, 618, 10, -9, 16
80000, -69948, 618, 9, -9, 15
80000, -69148, 618, 9, -10, 15
80000, -68348, 618, 10, -10, 16
80000, -67548, 618, 10, -11, 17
80000, -66748, 618, 11, -11, 17
80000, -65948, 618, 11, -11, 17
80000, -65148, 618, 11, -11, 17
80000, -64348, 618, 12, -12, 18
80000, -63548, 618, 12, -12, 17
80000, -62748, 618, 13, -13, 18
80000, -61948, 618, 14, -12, 18
80000, -61148, 618, 14, -13, 18
80000, -60348, 618, 14, -13, 19
80000, -59548, 618, 15, -14, 19
80000, -58748, 618, 16, -14, 19
80000, -57948, 618, 16, -15, 19
80000, -57148, 618, 17, -16, 19
80000, -56348, 618, 17, -17, 19
80000, -55548, 618, 18, -17, 19
80000, -54748, 618, 19, -17, 19
80000, -53948, 618, 19, -18, 20
80000, -53148, 618, 20, -18, 19
80000, -52348, 618, 20, -19, 18
80000, -51548, 618, 22, -19, 18
80000, -50748, 618, 23, -20, 19
80000, -49948, 618, 23, -21, 18
80000, -49148, 618, 24, -21, 18
80000, -48348, 618, 26, -22, 17
80000, -47548, 618, 26, -22, 17
80000, -46748, 618, 27, -23, 16
80000, -45948, 618, 28, -24, 17
80000, -45148, 618, 29, -24, 17
80000, -44348, 618, 30, -25, 15
80000, -43548, 618, 31, -25, 15
80000, -42748, 618, 30, -26, 13
80000, -41948, 618, 32, -26, 13
80000, -41148, 618, 33, -28, 12
80000, -40348, 618, 34, -27, 11
80000, -39548, 618, 34, -29, 10
80000, -38748, 618, 35, -29, 9
80000, -37948, 618, 36, -30, 8
80000, -37148, 618, 37, -30, 8
80000, -36348, 618, 38, -31, 7
80000, -35548, 618, 38, -31, 6
80000, -34748, 618, 39, -31, 4
80000, -33948, 618, 39, -33, 3
80000, -33148, 618, 40, -33, 2
80000, -32348, 618, 40, -33, 2
80000, -31548, 618, 41, -33, 0
80000, -30748, 618, 41, -34, -1
80000, -29948, 618, 41, -34, -2
80000, -29148, 618, 42, -33, -3
80000, -28348, 618, 42, -35, -4
80000, -27548, 618, 41, -35, -5
80000, -26748, 618, 42, -35, -6
80000, -25948, 618, 42, -35, -7
80000, -25148, 618, 42, -35, -8
80000, -24348, 618, 42, -35, -9
80000, -23548, 618, 42, -35, -9
80000, -22748, 618, 42, -35, -11
80000, -21948, 618, 42, -35, -12
80000, -21148, 618, 42, -35, -13
80000, -20348, 618, 41, -35, -14
80000, -19548, 618, 41, -35, -14
80000, -18748, 618, 41, -35, -16
80000, -17948, 618, 41, -35, -16
80000, -17148, 618, 40, -34, -17
80000, -16348, 618, 41, -34, -18
80000, -15548, 618, 39, -34, -20
80000, -14748, 618, 39, -34, -20
80000, -13948, 618, 39, -34, -20
80000, -13148, 618, 38, -33, -21
80000, -12348, 618, 38, -33, -22
80000, -11548, 618, 38, -33, -22
80000, -10748, 618, 36, -32, -22
80000, -9948, 618, 34, -32, -23
80000, -9148, 618, 35, -31, -24
80000, -8348, 618, 34, -31, -24
80000, -7548, 618, 33, -31, -24
80000, -6748, 618, 32, -30, -25
80000, -5948, 618, 31, -29, -25
80000, -5148, 618, 30, -29, -25
80000, -4348, 618, 30, -28, -25
80000, -3548, 618, 29, -28, -26
80000, -2748, 618, 28, -27, -26
80000, -1948, 618, 27, -27, -26
80000, -1148, 618, 27, -26, -26
80000, -348, 618, 26, -25, -26
79548, 0, 618, 26, -25, -26
78748, 0, 618, 28, -25, -27
77948, 0, 618, 29, -25, -27
77148, 0, 618, 30, -25, -29
76348, 0, 618, 32, -25, -29
75548, 0, 618, 34, -26, -29
74748, 0, 618, 35, -26, -31
73948, 0, 618, 37, -26, -32
73148, 0, 618, 39, -25, -33
72348, 0, 618, 40, -26, -33
72000, -452, 618, 41, -25, -34
72000, -1252, 618, 42, -25, -34
72000, -2052, 618, 43, -26, -35
72000, -2852, 618, 45, -26, -35
72000, -3652, 618, 46, -27, -35
72000, -4452, 618, 48, -28, -35
72000, -5252, 618, 50, -28, -34
72000, -6052, 618, 51, -28, -35
72000, -6852, 618, 53, -29, -35
72000, -7652, 618, 55, -30, -34
72000, -8452, 618, 57, -31, -34
72000, -9252, 618, 58, -32, -34
72000, -10052, 618, 61, -33, -33
72000, -10852, 618, 62, -33, -32
72000, -11652, 618, 63, -33, -32
72000, -12452, 618, 65, -34, -31
72000, -13252, 618, 66, -35, -31
72000, -14052, 618, 67, -35, -30
72000, -14852, 618, 68, -35, -30
72000, -15652, 618, 70, -36, -29
72000, -16452, 618, 72, -36, -27
72000, -17252, 618, 71, -36, -27
72000, -18052, 618, 73, -37, -26
72000, -18852, 618, 74, -37, -25
72000, -19652, 618, 74, -37, -23
72000, -20452, 618, 75, -37, -23
72000, -21252, 618, 76, -38, -21
72000, -22052, 618, 77, -38, -19
72000, -22852, 618, 76, -38, -19
72000, -23652, 618, 77, -38, -18
72000, -24452, 618, 78, -38, -16
72000, -25252, 618, 78, -38, -14
72000, -26052, 618, 78, -39, -13
72000, -26852, 618, 78, -38, -12
72000, -27652, 618, 78, -38, -10
72000, -28452, 618, 78, -38, -9
72000, -29252, 618, 78, -38, -7
72000, -30052, 618, 78, -37, -6
72000, -30852, 618, 78, -37, -5
72000, -31652, 618, 77, -37, -3
72000, -32452, 618, 77, -37, -1
72000, -33252, 618, 76, -36, 0
72000, -34052, 618, 75, -36, 2
72000, -34852, 618, 75, -36, 4
72000, -35652, 618, 74, -35, 5
72000, -36452, 618, 72, -34, 7
72000, -37252, 618, 71, -33, 8
72000, -38052, 618, 70, -33, 10
72000, -38852, 618, 68, -33, 11
72000, -39652, 618, 66, -31, 13
72000, -40452, 618, 65, -31, 15
72000, -41252, 618, 63, -30, 16
72000, -42052, 618, 61, -29, 17
72000, -42852, 618, 59, -28, 19
72000, -43652, 618, 57, -28, 20
72000, -44452, 618, 55, -25, 21
72000, -45252, 618, 53, -26, 22
72000, -46052, 618, 51, -25, 23
72000, -46852, 618, 49, -24, 24
72000, -47652, 618, 47, -23, 25
72000, -48452, 618, 45, -23, 26
72000, -49252, 618, 43, -21, 27
72000, -50052, 618, 41, -21, 27
72000, -50852, 618, 39, -20, 28
72000, -51652, 618, 38, -19, 28
72000, -52452, 618, 36, -19, 28
72000, -53252, 618, 35, -18, 29
72000, -54052, 618, 33, -18, 29
72000, -54852, 618, 32, -17, 29
72000, -55652, 618, 29, -16, 29
72000, -56452, 618, 29, -16, 30
72000, -57252, 618, 28, -15, 29
72000, -58052, 618, 26, -14, 28
72000, -58852, 618, 26, -13, 28
72000, -59652, 618, 23, -14, 28
72000, -60452, 618, 22, -12, 28
72000, -61252, 618, 21, -12, 27
72000, -62052, 618, 20, -12, 27
72000, -62852, 618, 20, -11, 26
72000, -63652, 618, 18, -11, 26
72000, -64452, 618, 18, -10, 26
72000, -65252, 618, 16, -10, 25
72000, -66052, 618, 16, -9, 25
72000, -66852, 618, 15, -9, 24
72000, -67652, 618, 15, -9, 23
72000, -68452, 618, 15, -8, 24
72000, -69252, 618, 14, -8, 22
72000, -70052, 618, 13, -7, 22
72000, -70852, 618, 12, -7, 21
72000, -71652, 618, 13, -7, 21
72000, -72452, 618, 12, -7, 21
72000, -73252, 618, 11, -7, 20
72000, -74052, 618, 11, -7, 20
72000, -74852, 618, 10, -6, 19
72000, -75652, 618, 11, -6, 19
72000, -76452, 618, 9, -6, 18
72000, -77252, 618, 9, -5, 17
72000, -78052, 618, 9, -6, 17
72000, -78852, 618, 8, -5, 16
72000, -79652, 618, 8, -5, 16
72000, -80452, 618, 8, -5, 16
72000, -81252, 618, 8, -4, 16
72000, -82052, 618, 8, -5, 15
72000, -82852, 618, 7, -4, 14
72000, -83652, 618, 7, -4, 14
72000, -84452, 618, 6, -4, 13
72000, -85252, 618, 7, -4, 13
72000, -86052, 618, 6, -4, 12
72000, -86852, 618, 6, -4, 12
72000, -87652, 618, 6, -4, 11
72000, -88452, 618, 6, -4, 11
72000, -89252, 618, 6, -4, 11
72000, -90052, 618, 6, -3, 11
72000, -90852, 618, 5, -3, 10
72000, -91652, 618, 4, -3, 10
72000, -92452, 618, 4, -3, 10
72000, -93252, 618, 5, -3, 9
72000, -94052, 618, 5, -3, 9
72000, -94852, 618, 4, -3, 9
72000, -95652, 618, 5, -3, 8
71548, -96000, 618, 4, -3, 9
70748, -96000, 618, 4, -2, 9
69948, -96000, 618, 4, -2, 9
69148, -96000, 618, 6, -2, 9
68348, -96000, 618, 4, -2, 9
67548, -96000, 618, 5, -2, 9
66748, -96000, 618, 5, -2, 9
65948, -96000, 618, 4, -2, 9
65148, -96000, 618, 4, -1, 9
64348, -96000, 618, 4, -2, 9
64000, -95548, 618, 4, -2, 9
64000, -94748, 618, 4, -2, 9
64000, -93948, 618, 5, -2, 10
64000, -93148, 618, 4, -2, 9
64000, -92348, 618, 4, -2, 10
64000, -91548, 618, 4, -3, 10
64000, -90748, 618, 5, -2, 10
64000, -89948, 618, 5, -2, 10
64000, -89148, 618, 5, -2, 11
64000, -88348, 618, 6, -1, 11
64000, -87548, 618, 5, -1, 11
64000, -86748, 618, 6, -2, 12
64000, -85948, 618, 5, -2, 12
64000, -85148, 618, 5, -2, 13
64000, -84348, 618, 6, -2, 13
64000, -83548, 618, 7, -2, 14
64000, -82748, 618, 6, -2, 14
64000, -81948, 618, 7, -2, 15
64000, -81148, 618, 7, -2, 15
64000, -80348, 618, 7, -2, 15
64000, -79548, 618, 7, -2, 16
64000, -78748, 618, 8, -3, 17
64000, -77948, 618, 8, -3, 17
64000, -77148, 618, 8, -4, 18
64000, -76348, 618, 9, -3, 19
64000, -75548, 618, 9, -3, 19
64000, -74748, 618, 10, -2, 20
64000, -73948, 618, 10, -3, 21
64000, -73148, 618, 11, -4, 21
64000, -72348, 618, 11, -3, 22
64000, -71548, 618, 11, -4, 22
64000, -70748, 618, 12, -3, 23
64000, -69948, 618, 13, -4, 24
64000, -69148, 618, 13, -4, 25
64000, -68348, 618, 14, -4, 25
64000, -67548, 618, 15, -4, 26
64000, -66748, 618, 15, -5, 27
64000, -65948, 618, 16, -5, 27
64000, -65148, 618, 17, -5, 28
64000, -64348, 618, 18, -6, 29
64000, -63548, 618, 19, -5, 31
64000, -62748, 618, 20, -6, 30
64000, -61948, 618, 21, -6, 31
64000, -61148, 618, 22, -6, 32
64000, -60348, 618, 23, -7, 32
64000, -59548, 618, 24, -7, 33
64000, -58748, 618, 26, -7, 34
64000, -57948, 618, 27, -8, 35
64000, -57148, 618, 29, -8, 35
64000, -56348, 618, 30, -9, 37
64000, -55548, 618, 32, -9, 37
64000, -54748, 618, 34, -10, 36
64000, -53948, 618, 36, -10, 38
64000, -53148, 618, 39, -10, 37
64000, -52348, 618, 40, -11, 37
64000, -51548, 618, 43, -11, 37
64000, -50748, 618, 44, -12, 37
64000, -49948, 618, 47, -13, 37
64000, -49148, 618, 50, -14, 37
64000, -48348, 618, 53, -14, 36
64000, -47548, 618, 56, -15, 36
64000, -46748, 618, 58, -16, 35
64000, -45948, 618, 63, -16, 34
64000, -45148, 618, 66, -17, 34
64000, -44348, 618, 70, -18, 33
64000, -43548, 618, 73, -18, 31
64000, -42748, 618, 76, -19, 29
64000, -41948, 618, 81, -19, 28
64000, -41148, 618, 84, -20, 27
64000, -40348, 618, 88, -20, 25
64000, -39548, 618, 92, -22, 23
64000, -38748, 618, 95, -22, 21
64000, -37948, 618, 99, -23, 20
64000, -37148, 618, 102, -24, 17
64000, -36348, 618, 105, -24, 15
64000, -35548, 618, 107, -25, 12
64000, -34748, 618, 111, -26, 10
64000, -33948, 618, 113, -26, 8
64000, -33148, 618, 114, -27, 6
64000, -32348, 618, 116, -27, 3
64000, -31548, 618, 118, -28, 2
64000, -30748, 618, 120, -27, 0
64000, -29948, 618, 120, -28, -3
64000, -29148, 618, 121, -28, -5
64000, -28348, 618, 121, -29, -6
64000, -27548, 618, 122, -29, -8
64000, -26748, 618, 122, -29, -10
64000, -25948, 618, 122, -29, -13
64000, -25148, 618, 122, -29, -14
64000, -24348, 618, 121, -30, -16
64000, -23548, 618, 120, -30, -18
64000, -22748, 618, 120, -30, -20
64000, -21948, 618, 120, -30, -21
64000, -21148, 618, 119, -30, -23
64000, -20348, 618, 117, -29, -25
64000, -19548, 618, 117, -29, -27
64000, -18748, 618, 116, -29, -27
64000, -17948, 618, 116, -29, -29
64000, -17148, 618, 113, -28, -31
64000, -16348, 618, 112, -28, -32
64000, -15548, 618, 111, -29, -34
64000, -14748, 618, 109, -28, -35
64000, -13948, 618, 107, -27, -36
64000, -13148, 618, 105, -27, -38
64000, -12348, 618, 104, -27, -39
64000, -11548, 618, 101, -27, -38
64000, -10748, 618, 99, -26, -39
64000, -9948, 618, 97, -26, -41
64000, -9148, 618, 95, -25, -42
64000, -8348, 618, 93, -25, -42
64000, -7548, 618, 88, -25, -43
64000, -6748, 618, 86, -24, -43
64000, -5948, 618, 83, -24, -44
64000, -5148, 618, 80, -23, -44
64000, -4348, 618, 77, -22, -44
64000, -3548, 618, 74, -21, -43
64000, -2748, 618, 71, -21, -44
64000, -1948, 618, 68, -21, -43
64000, -1148, 618, 64, -20, -43
64000, -348, 618, 61, -19, -43
63548, 0, 618, 61, -18, -43
62748, 0, 618, 64, -17, -43
61948, 0, 618, 65, -15, -44
61148, 0, 618, 65, -13, -45
60348, 0, 618, 68, -11, -45
59548, 0, 618, 69, -10, -46
58748, 0, 618, 68, -8, -46
57948, 0, 618, 70, -7, -46
57148, 0, 618, 70, -4, -47
56348, 0, 618, 70, -2, -47
56000, -452, 618, 70, -1, -47
56000, -1252, 618, 71, 0, -47
56000, -2052, 618, 75, -1, -48
56000, -2852, 618, 78, -1, -48
56000, -3652, 618, 81, -1, -48
56000, -4452, 618, 84, -1, -49
56000, -5252, 618, 88, 0, -49
56000, -6052, 618, 91, 0, -49
56000, -6852, 618, 94, 0, -49
56000, -7652, 618, 97, 1, -49
56000, -8452, 618, 102, 0, -48
56000, -9252, 618, 106, 0, -48
56000, -10052, 618, 109, -1, -47
56000, -10852, 618, 112, 0, -47
56000, -11652, 618, 115, 0, -46
56000, -12452, 618, 117, 0, -45
56000, -13252, 618, 120, 1, -44
56000, -14052, 618, 122, 1, -43
56000, -14852, 618, 123, 1, -41
56000, -15652, 618, 126, 0, -40
56000, -16452, 618, 127, 2, -39
56000, -17252, 618, 128, 1, -38
56000, -18052, 618, 130, 1, -37
56000, -18852, 618, 132, 1, -34
56000, -19652, 618, 132, 2, -33
56000, -20452, 618, 134, 2, -32
56000, -21252, 618, 135, 2, -30
56000, -22052, 618, 136, 2, -26
56000, -22852, 618, 137, 2, -26
56000, -23652, 618, 137, 2, -25
56000, -24452, 618, 139, 2, -22
56000, -25252, 618, 140, 2, -20
56000, -26052, 618, 140, 3, -19
56000, -26852, 618, 140, 2, -17
56000, -27652, 618, 140, 2, -14
56000, -28452, 618, 142, 3, -12
56000, -29252, 618, 141, 3, -11
56000, -30052, 618, 140, 2, -9
56000, -30852, 618, 140, 2, -7
56000, -31652, 618, 140, 4, -5
56000, -32452, 618, 139, 3, -2
56000, -33252, 618, 138, 2, -1
56000, -34052, 618, 137, 3, 2
56000, -34852, 618, 135, 3, 4
56000, -35652, 618, 134, 3, 7
56000, -36452, 618, 131, 2, 9
56000, -37252, 618, 129, 2, 11
56000, -38052, 618, 126, 3, 14
56000, -38852, 618, 122, 2, 15
56000, -39652, 618, 119, 2, 18
56000, -40452, 618, 116, 2, 21
56000, -41252, 618, 112, 3, 23
56000, -42052, 618, 107, 3, 25
56000, -42852, 618, 103, 2, 27
56000, -43652, 618, 99, 2, 29
56000, -44452, 618, 94, 2, 31
56000, -45252, 618, 90, 2, 33
56000, -46052, 618, 85, 2, 35
56000, -46852, 618, 81, 2, 36
56000, -47652, 618, 78, 2, 39
56000, -48452, 618, 73, 2, 38
56000, -49252, 618, 69, 2, 39
56000, -50052, 618, 64, 2, 41
56000, -50852, 618, 61, 2, 41
56000, -51652, 618, 57, 2, 41
56000, -52452, 618, 54, 1, 42
56000, -53252, 618, 51, 1, 41
56000, -54052, 618, 48, 2, 42
56000, -54852, 618, 45, 2, 42
56000, -55652, 618, 43, 2, 41
56000, -56452, 618, 40, 2, 41
56000, -57252, 618, 37, 2, 41
56000, -58052, 618, 36, 2, 40
56000, -58852, 618, 34, 2, 40
56000, -59652, 618, 32, 1, 39
56000, -60452, 618, 30, 2, 39
56000, -61252, 618, 29, 2, 37
56000, -62052, 618, 27, 2, 36
56000, -62852, 618, 26, 1, 36
56000, -63652, 618, 24, 2, 35
56000, -64452, 618, 23, 2, 34
56000, -65252, 618, 22, 2, 33
56000, -66052, 618, 20, 2, 32
56000, -66852, 618, 19, 1, 31
56000, -67652, 618, 18, 2, 30
56000, -68452, 618, 18, 1, 30
56000, -69252, 618, 17, 2, 29
56000, -70052, 618, 16, 2, 28
56000, -70852, 618, 15, 1, 27
56000, -71652, 618, 15, 2, 26
56000, -72452, 618, 13, 1, 25
56000, -73252, 618, 13, 2, 24
56000, -74052, 618, 12, 1, 24
56000, -74852, 618, 12, 2, 23
56000, -75652, 618, 11, 1, 22
56000, -76452, 618, 10, 2, 22
56000, -77252, 618, 11, 1, 21
56000, -78052, 618, 10, 2, 21
56000, -78852, 618, 10, 1, 20
56000, -79652, 618, 9, 1, 19
56000, -80452, 618, 9, 2, 19
56000, -81252, 618, 8, 1, 18
56000, -82052, 618, 8, 1, 18
56000, -82852, 618, 10, 1, 17
56000, -83652, 618, 7, 1, 15
56000, -84452, 618, 7, 1, 15
56000, -85252, 618, 7, 1, 15
56000, -86052, 618, 7, 1, 14
56000, -86852, 618, 7, 1, 14
56000, -87652, 618, 6, 1, 13
56000, -88452, 618, 6, 1, 12
56000, -89252, 618, 5, 1, 12
56000, -90052, 618, 5, 0, 12
56000, -90852, 618, 5, 2, 11
56000, -91652, 618, 5, 1, 11
56000, -92452, 618, 5, 1, 10
56000, -93252, 618, 5, 1, 10
56000, -94052, 618, 5, 1, 10
56000, -94852, 618, 5, 1, 10
56000, -95652, 618, 4, 1, 9
55548, -96000, 618, 4, 0, 9
54748, -96000, 618, 5, 1, 9
53948, -96000, 618, 4, 1, 9
53148, -96000, 618, 4, 1, 9
52348, -96000, 618, 5, 2, 9
51548, -96000, 618, 4, 2, 9
50748, -96000, 618, 4, 2, 9
49948, -96000, 618, 4, 2, 8
49148, -96000, 618, 4, 1, 8
48348, -96000, 618, 4, 2, 9
48000, -95548, 618, 4, 2, 7
48000, -94748, 618, 4, 2, 8
48000, -93948, 618, 4, 2, 8
48000, -93148, 618, 4, 1, 8
48000, -92348, 618, 4, 2, 9
48000, -91548, 618, 4, 2, 10
48000, -90748, 618, 4, 2, 9
48000, -89948, 618, 4, 2, 9
48000, -89148, 618, 5, 2, 10
48000, -88348, 618, 4, 3, 10
48000, -87548, 618, 5, 3, 11
48000, -86748, 618, 5, 3, 11
48000, -85948, 618, 6, 3, 12
48000, -85148, 618, 5, 3, 12
48000, -84348, 618, 6, 3, 13
48000, -83548, 618, 6, 4, 13
48000, -82748, 618, 6, 4, 14
48000, -81948, 618, 6, 3, 14
48000, -81148, 618, 7, 3, 15
48000, -80348, 618, 7, 4, 15
48000, -79548, 618, 8, 4, 16
48000, -78748, 618, 8, 4, 17
48000, -77948, 618, 8, 5, 16
48000, -77148, 618, 9, 6, 18
48000, -76348, 618, 9, 5, 18
48000, -75548, 618, 9, 5, 19
48000, -74748, 618, 9, 5, 19
48000, -73948, 618, 10, 5, 20
48000, -73148, 618, 11, 6, 22
48000, -72348, 618, 11, 6, 22
48000, -71548, 618, 12, 6, 22
48000, -70748, 618, 12, 6, 23
48000, -69948, 618, 13, 7, 24
48000, -69148, 618, 13, 7, 24
48000, -68348, 618, 14, 7, 25
48000, -67548, 618, 15, 8, 26
48000, -66748, 618, 15, 7, 27
48000, -65948, 618, 16, 8, 28
48000, -65148, 618, 17, 8, 28
48000, -64348, 618, 18, 8, 30
48000, -63548, 618, 19, 9, 31
48000, -62748, 618, 20, 9, 31
48000, -61948, 618, 22, 9, 32
48000, -61148, 618, 23, 9, 33
48000, -60348, 618, 24, 10, 34
48000, -59548, 618, 25, 10, 34
48000, -58748, 618, 27, 11, 35
48000, -57948, 618, 28, 11, 36
48000, -57148, 618, 30, 12, 37
48000, -56348, 618, 32, 12, 37
48000, -55548, 618, 34, 12, 38
48000, -54748, 618, 36, 13, 38
48000, -53948, 618, 38, 13, 38
48000, -53148, 618, 40, 14, 39
48000, -52348, 618, 43, 14, 39
48000, -51548, 618, 45, 15, 39
48000, -50748, 618, 48, 16, 39
48000, -49948, 618, 50, 16, 39
48000, -49148, 618, 53, 17, 38
48000, -48348, 618, 57, 19, 38
48000, -47548, 618, 59, 19, 37
48000, -46748, 618, 63, 19, 37
48000, -45948, 618, 66, 21, 35
48000, -45148, 618, 70, 21, 34
48000, -44348, 618, 74, 23, 33
48000, -43548, 618, 77, 22, 32
48000, -42748, 618, 81, 24, 30
48000, -41948, 618, 85, 25, 28
48000, -41148, 618, 88, 27, 27
48000, -40348, 618, 91, 26, 24
48000, -39548, 618, 95, 29, 22
48000, -38748, 618, 99, 29, 20
48000, -37948, 618, 103, 29, 20
48000, -37148, 618, 105, 30, 16
48000, -36348, 618, 108, 31, 14
48000, -35548, 618, 111, 31, 11
48000, -34748, 618, 113, 32, 9
48000, -33948, 618, 115, 33, 8
48000, -33148, 618, 116, 33, 5
48000, -32348, 618, 119, 34, 3
48000, -31548, 618, 120, 35, 1
48000, -30748, 618, 121, 35, -1
48000, -29948, 618, 121, 35, -3
48000, -29148, 618, 122, 35, -5
48000, -28348, 618, 123, 36, -7
48000, -27548, 618, 123, 36, -8
48000, -26748, 618, 123, 37, -11
48000, -25948, 618, 123, 36, -13
48000, -25148, 618, 123, 37, -14
48000, -24348, 618, 123, 36, -16
48000, -23548, 618, 122, 36, -18
48000, -22748, 618, 122, 36, -20
48000, -21948, 618, 122, 36, -22
48000, -21148, 618, 121, 36, -23
48000, -20348, 618, 120, 35, -24
48000, -19548, 618, 120, 36, -26
48000, -18748, 618, 119, 35, -28
48000, -17948, 618, 118, 35, -29
48000, -17148, 618, 117, 34, -31
48000, -16348, 618, 116, 34, -33
48000, -15548, 618, 115, 34, -34
48000, -14748, 618, 114, 33, -36
48000, -13948, 618, 112, 33, -37
48000, -13148, 618, 111, 32, -39
48000, -12348, 618, 109, 32, -40
48000, -11548, 618, 108, 31, -41
48000, -10748, 618, 105, 30, -42
48000, -9948, 618, 103, 30, -43
48000, -9148, 618, 102, 29, -44
48000, -8348, 618, 99, 28, -44
48000, -7548, 618, 96, 27, -45
48000, -6748, 618, 94, 27, -46
48000, -5948, 618, 91, 27, -46
48000, -5148, 618, 88, 25, -46
48000, -4348, 618, 85, 24, -46
48000, -3548, 618, 81, 24, -47
48000, -2748, 618, 78, 23, -47
48000, -1948, 618, 76, 23, -46
48000, -1148, 618, 70, 21, -46
48000, -348, 618, 68, 21, -45
47548, 0, 618, 66, 21, -45
46748, 0, 618, 65, 24, -44
45948, 0, 618, 64, 26, -43
45148, 0, 618, 63, 27, -43
44348, 0, 618, 61, 29, -42
43548, 0, 618, 61, 31, -40
42748, 0, 618, 60, 33, -40
41948, 0, 618, 57, 34, -40
41148, 0, 618, 55, 36, -39
40348, 0, 618, 55, 37, -38
40000, -452, 618, 54, 39, -38
40000, -1252, 618, 53, 38, -38
40000, -2052, 618, 56, 40, -38
40000, -2852, 618, 57, 40, -38
40000, -3652, 618, 59, 42, -39
40000, -4452, 618, 62, 43, -38
40000, -5252, 618, 65, 44, -38
40000, -6052, 618, 66, 45, -38
40000, -6852, 618, 67, 45, -38
40000, -7652, 618, 70, 46, -38
40000, -8452, 618, 73, 48, -38
40000, -9252, 618, 75, 50, -37
40000, -10052, 618, 76, 51, -36
40000, -10852, 618, 78, 51, -35
40000, -11652, 618, 80, 52, -35
40000, -12452, 618, 82, 54, -35
40000, -13252, 618, 82, 55, -33
40000, -14052, 618, 84, 55, -33
40000, -14852, 618, 85, 56, -32
40000, -15652, 618, 85, 57, -30
40000, -16452, 618, 86, 57, -29
40000, -17252, 618, 86, 58, -29
40000, -18052, 618, 87, 59, -28
40000, -18852, 618, 88, 59, -25
40000, -19652, 618, 88, 60, -25
40000, -20452, 618, 89, 60, -23
40000, -21252, 618, 90, 60, -22
40000, -22052, 618, 90, 61, -21
40000, -22852, 618, 89, 60, -19
40000, -23652, 618, 90, 61, -18
40000, -24452, 618, 92, 61, -17
40000, -25252, 618, 91, 61, -16
40000, -26052, 618, 91, 61, -15
40000, -26852, 618, 92, 61, -13
40000, -27652, 618, 93, 61, -12
40000, -28452, 618, 92, 61, -10
40000, -29252, 618, 92, 61, -9
40000, -30052, 618, 92, 60, -8
40000, -30852, 618, 92, 60, -6
40000, -31652, 618, 92, 59, -5
40000, -32452, 618, 91, 58, -3
40000, -33252, 618, 92, 58, -2
40000, -34052, 618, 91, 58, -1
40000, -34852, 618, 90, 57, 1
40000, -35652, 618, 89, 56, 2
40000, -36452, 618, 88, 56, 4
40000, -37252, 618, 87, 55, 7
40000, -38052, 618, 85, 54, 8
40000, -38852, 618, 84, 52, 9
40000, -39652, 618, 81, 51, 11
40000, -40452, 618, 80, 50, 12
40000, -41252, 618, 78, 49, 14
40000, -42052, 618, 75, 48, 17
40000, -42852, 618, 72, 46, 17
40000, -43652, 618, 70, 46, 19
40000, -44452, 618, 67, 44, 21
40000, -45252, 618, 64, 43, 22
40000, -46052, 618, 61, 41, 23
40000, -46852, 618, 59, 40, 25
40000, -47652, 618, 56, 39, 26
40000, -48452, 618, 54, 37, 27
40000, -49252, 618, 51, 36, 28
40000, -50052, 618, 49, 34, 28
40000, -50852, 618, 46, 33, 30
40000, -51652, 618, 44, 32, 30
40000, -52452, 618, 41, 31, 30
40000, -53252, 618, 39, 30, 30
40000, -54052, 618, 37, 29, 30
40000, -54852, 618, 35, 28, 30
40000, -55652, 618, 33, 27, 30
40000, -56452, 618, 31, 26, 30
40000, -57252, 618, 30, 25, 31
40000, -58052, 618, 28, 25, 30
40000, -58852, 618, 27, 23, 29
40000, -59652, 618, 25, 23, 29
40000, -60452, 618, 24, 22, 29
40000, -61252, 618, 22, 20, 28
40000, -62052, 618, 21, 20, 28
40000, -62852, 618, 20, 19, 27
40000, -63652, 618, 20, 18, 26
40000, -64452, 618, 18, 17, 26
40000, -65252, 618, 17, 17, 25
40000, -66052, 618, 16, 17, 25
40000, -66852, 618, 16, 16, 24
40000, -67652, 618, 15, 15, 23
40000, -68452, 618, 14, 16, 23
40000, -69252, 618, 13, 14, 22
40000, -70052, 618, 13, 14, 21
40000, -70852, 618, 12, 14, 21
40000, -71652, 618, 12, 13, 20
40000, -72452, 618, 11, 12, 20
40000, -73252, 618, 10, 12, 19
40000, -74052, 618, 10, 11, 18
40000, -74852, 618, 10, 11, 18
40000, -75652, 618, 9, 11, 17
40000, -76452, 618, 8, 10, 16
40000, -77252, 618, 9, 10, 16
40000, -78052, 618, 8, 9, 15
40000, -78852, 618, 8, 9, 15
40000, -79652, 618, 7, 9, 14
40000, -80452, 618, 7, 9, 14
40000, -81252, 618, 7, 8, 13
40000, -82052, 618, 7, 8, 13
40000, -82852, 618, 7, 8, 12
40000, -83652, 618, 6, 8, 12
40000, -84452, 618, 6, 7, 11
40000, -85252, 618, 6, 7, 11
40000, -86052, 618, 6, 7, 11
40000, -86852, 618, 5, 7, 10
40000, -87652, 618, 5, 6, 9
40000, -88452, 618, 6, 6, 9
40000, -89252, 618, 5, 6, 9
40000, -90052, 618, 5, 6, 9
40000, -90852, 618, 4, 6, 9
40000, -91652, 618, 4, 5, 8
40000, -92452, 618, 4, 5, 7
40000, -93252, 618, 4, 5, 8
40000, -94052, 618, 3, 5, 7
40000, -94852, 618, 3, 5, 7
40000, -95652, 618, 3, 4, 6
39548, -96000, 618, 4, 4, 6
38748, -96000, 618, 4, 5, 6
37948, -96000, 618, 3, 5, 6
37148, -96000, 618, 3, 4, 6
36348, -96000, 618, 4, 5, 5
35548, -96000, 618, 3, 5, 5
34748, -96000, 618, 3, 5, 5
33948, -96000, 618, 3, 6, 5
33148, -96000, 618, 4, 5, 4
32348, -96000, 618, 3, 6, 4
32000, -95548, 618, 3, 5, 4
32000, -94748, 618, 2, 5, 4
32000, -93948, 618, 3, 6, 4
32000, -93148, 618, 2, 6, 4
32000, -92348, 618, 2, 6, 4
32000, -91548, 618, 3, 6, 5
32000, -90748, 618, 3, 7, 5
32000, -89948, 618, 3, 6, 5
32000, -89148, 618, 3, 7, 6
32000, -88348, 618, 3, 6, 6
32000, -87548, 618, 3, 7, 6
32000, -86748, 618, 4, 8, 6
32000, -85948, 618, 3, 8, 6
32000, -85148, 618, 4, 7, 7
32000, -84348, 618, 4, 8, 7
32000, -83548, 618, 4, 9, 7
32000, -82748, 618, 4, 9, 7
32000, -81948, 618, 5, 9, 8
32000, -81148, 618, 5, 10, 8
32000, -80348, 618, 5, 10, 8
32000, -79548, 618, 4, 10, 9
32000, -78748, 618, 5, 10, 9
32000, -77948, 618, 4, 11, 10
32000, -77148, 618, 6, 11, 10
32000, -76348, 618, 6, 12, 11
32000, -75548, 618, 6, 12, 11
32000, -74748, 618, 6, 13, 11
32000, -73948, 618, 6, 13, 12
32000, -73148, 618, 7, 14, 12
32000, -72348, 618, 7, 14, 12
32000, -71548, 618, 8, 15, 13
32000, -70748, 618, 8, 15, 13
32000, -69948, 618, 8, 16, 14
32000, -69148, 618, 9, 17, 14
32000, -68348, 618, 9, 17, 14
32000, -67548, 618, 9, 18, 15
32000, -66748, 618, 10, 18, 15
32000, -65948, 618, 10, 19, 16
32000, -65148, 618, 11, 20, 16
32000, -64348, 618, 11, 21, 17
32000, -63548, 618, 12, 21, 17
32000, -62748, 618, 13, 22, 18
32000, -61948, 618, 13, 23, 19
32000, -61148, 618, 14, 24, 18
32000, -60348, 618, 15, 25, 19
32000, -59548, 618, 15, 25, 19
32000, -58748, 618, 16, 27, 19
32000, -57948, 618, 17, 27, 19
32000, -57148, 618, 18, 29, 20
32000, -56348, 618, 19, 29, 20
32000, -55548, 618, 20, 30, 20
32000, -54748, 618, 21, 31, 20
32000, -53948, 618, 22, 32, 20
32000, -53148, 618, 23, 34, 21
32000, -52348, 618, 25, 35, 21
32000, -51548, 618, 26, 36, 20
32000, -50748, 618, 28, 37, 21
32000, -49948, 618, 28, 39, 20
32000, -49148, 618, 30, 40, 19
32000, -48348, 618, 31, 42, 19
32000, -47548, 618, 33, 43, 19
32000, -46748, 618, 34, 44, 18
32000, -45948, 618, 36, 45, 17
32000, -45148, 618, 38, 47, 17
32000, -44348, 618, 40, 47, 16
32000, -43548, 618, 41, 50, 15
32000, -42748, 618, 43, 51, 13
32000, -41948, 618, 44, 53, 13
32000, -41148, 618, 47, 54, 11
32000, -40348, 618, 48, 56, 10
32000, -39548, 618, 50, 56, 9
32000, -38748, 618, 51, 58, 8
32000, -37948, 618, 53, 59, 8
32000, -37148, 618, 53, 61, 5
32000, -36348, 618, 54, 62, 5
32000, -35548, 618, 55, 63, 3
32000, -34748, 618, 56, 64, 2
32000, -33948, 618, 57, 65, 1
32000, -33148, 618, 57, 67, 0
32000, -32348, 618, 57, 67, -1
32000, -31548, 618, 58, 68, -2
32000, -30748, 618, 58, 69, -3
32000, -29948, 618, 57, 69, -4
32000, -29148, 618, 57, 69, -5
32000, -28348, 618, 57, 70, -6
32000, -27548, 618, 58, 71, -6
32000, -26748, 618, 57, 71, -7
32000, -25948, 618, 56, 71, -8
32000, -25148, 618, 56, 72, -10
32000, -24348, 618, 56, 71, -10
