0, 35730, 0, 90, 94, -77
0, 34930, 0, 122, 116, -80
0, 34130, 0, 151, 131, -80
0, 33330, 0, 165, 138, -69
0, 32530, 0, 169, 141, -47
0, 31730, 0, 173, 140, -20
0, 30930, 0, 165, 132, 6
0, 30130, 0, 135, 111, 34
0, 29330, 0, 100, 88, 62
0, 28530, 0, 74, 68, 81
0, 27730, 0, 56, 53, 88
0, 26930, 0, 44, 42, 87
0, 26130, 0, 34, 32, 84
0, 25330, 0, 26, 25, 81
0, 24530, 0, 21, 18, 77
0, 23730, 0, 16, 12, 73
0, 22930, 0, 11, 7, 71
0, 22130, 0, 7, 2, 69
0, 21330, 0, 4, -3, 67
0, 20530, 0, 0, -8, 66
0, 19730, 0, -4, -12, 65
0, 18930, 0, -7, -17, 66
0, 18130, 0, -10, -23, 65
0, 17330, 0, -14, -27, 65
0, 16530, 0, -18, -33, 66
0, 15730, 0, -22, -39, 67
0, 14930, 0, -27, -46, 68
0, 14130, 0, -34, -54, 71
0, 13330, 0, -43, -65, 75
0, 12530, 0, -54, -77, 77
0, 11730, 0, -69, -96, 81
0, 10930, 0, -91, -121, 85
0, 10130, 0, -115, -147, 86
0, 9330, 0, -134, -164, 81
0, 8530, 0, -139, -167, 65
0, 7730, 0, -138, -167, 42
0, 6930, 0, -134, -162, 14
0, 6130, 0, -123, -146, -8
0, 5330, 0, -101, -121, -32
0, 4530, 0, -79, -97, -53
0, 3730, 0, -64, -81, -63
0, 2930, 0, -53, -70, -65
0, 2130, 0, -45, -61, -62
0, 1330, 0, -38, -55, -59
0, 530, 0, -34, -49, -55
270, 0, 0, -31, -46, -53
1070, 0, 0, -32, -45, -56
1870, 0, 0, -33, -44, -58
2400, 270, 0, -33, -44, -61
2400, 1070, 0, -38, -46, -65
2400, 1870, 0, -44, -49, -71
2400, 2670, 0, -52, -55, -79
2400, 3470, 0, -63, -62, -87
2400, 4270, 0, -81, -69, -90
2400, 5070, 0, -110, -78, -78
2400, 5870, 0, -177, -89, -46
2400, 6670, 0, -302, -99, -13
2400, 7470, 0, -309, -103, 16
2400, 8270, 0, -308, -103, 50
2400, 9070, 0, -310, -104, 88
2400, 9870, 0, -313, -103, 110
2400, 10670, 0, -257, -98, 111
2400, 11470, 0, -138, -88, 104
2400, 12270, 0, -91, -76, 96
2400, 13070, 0, -66, -66, 90
2400, 13870, 0, -51, -57, 84
2400, 14670, 0, -40, -49, 80
2400, 15470, 0, -32, -43, 77
2400, 16270, 0, -26, -37, 73
2400, 17070, 0, -20, -32, 73
2400, 17870, 0, -15, -27, 71
2400, 18670, 0, -12, -22, 71
2400, 19470, 0, -7, -18, 71
2400, 20270, 0, -3, -14, 72
2400, 21070, 0, 0, -9, 73
2400, 21870, 0, 5, -4, 74
2400, 22670, 0, 9, 0, 77
2400, 23470, 0, 14, 3, 80
2400, 24270, 0, 18, 9, 84
2400, 25070, 0, 25, 15, 89
2400, 25870, 0, 33, 21, 94
2400, 26670, 0, 41, 26, 100
2400, 27470, 0, 55, 34, 107
2400, 28270, 0, 72, 41, 112
2400, 29070, 0, 100, 50, 105
2400, 29870, 0, 151, 62, 77
2400, 30670, 0, 244, 70, 42
2400, 31470, 0, 353, 76, 10
2400, 32270, 0, 347, 78, -19
2400, 33070, 0, 331, 78, -52
2400, 33870, 0, 328, 77, -84
2400, 34670, 0, 336, 76, -102
2400, 35470, 0, 276, 74, -103
2670, 36000, 0, 185, 65, -99
3470, 36000, 0, 189, 56, -104
4270, 36000, 0, 187, 50, -105
4800, 35730, 0, 183, 47, -107
4800, 34930, 0, 260, 50, -112
4800, 34130, 0, 300, 53, -110
4800, 33330, 0, 287, 53, -90
4800, 32530, 0, 287, 54, -56
4800, 31730, 0, 307, 55, -22
4800, 30930, 0, 332, 54, 11
4800, 30130, 0, 241, 50, 44
4800, 29330, 0, 150, 44, 87
4800, 28530, 0, 101, 37, 117
4800, 27730, 0, 75, 32, 121
4800, 26930, 0, 58, 26, 116
4800, 26130, 0, 45, 21, 108
4800, 25330, 0, 34, 16, 101
4800, 24530, 0, 26, 11, 94
4800, 23730, 0, 20, 6, 90
4800, 22930, 0, 15, 3, 85
4800, 22130, 0, 11, -2, 82
4800, 21330, 0, 5, -5, 80
4800, 20530, 0, 0, -10, 79
4800, 19730, 0, -3, -13, 77
4800, 18930, 0, -8, -17, 76
4800, 18130, 0, -12, -21, 77
4800, 17330, 0, -16, -25, 77
4800, 16530, 0, -21, -29, 80
4800, 15730, 0, -27, -33, 81
4800, 14930, 0, -35, -38, 85
4800, 14130, 0, -44, -43, 88
4800, 13330, 0, -55, -49, 93
4800, 12530, 0, -71, -54, 98
4800, 11730, 0, -101, -61, 107
4800, 10930, 0, -157, -68, 117
4800, 10130, 0, -288, -74, 125
4800, 9330, 0, -308, -75, 121
4800, 8530, 0, -297, -75, 94
4800, 7730, 0, -291, -74, 48
4800, 6930, 0, -301, -75, 14
4800, 6130, 0, -302, -73, -17
4800, 5330, 0, -187, -69, -50
4800, 4530, 0, -120, -63, -85
4800, 3730, 0, -86, -58, -100
4800, 2930, 0, -68, -53, -95
4800, 2130, 0, -55, -49, -86
4800, 1330, 0, -46, -45, -77
4800, 530, 0, -40, -42, -69
5070, 0, 0, -36, -39, -66
5870, 0, 0, -36, -39, -67
6670, 0, 0, -38, -37, -69
7200, 270, 0, -38, -36, -70
7200, 1070, 0, -42, -37, -75
7200, 1870, 0, -49, -41, -82
7200, 2670, 0, -58, -43, -90
7200, 3470, 0, -71, -45, -98
7200, 4270, 0, -89, -47, -99
7200, 5070, 0, -119, -50, -84
7200, 5870, 0, -174, -54, -49
7200, 6670, 0, -270, -59, -15
7200, 7470, 0, -262, -61, 14
7200, 8270, 0, -250, -60, 48
7200, 9070, 0, -258, -61, 89
7200, 9870, 0, -286, -62, 119
7200, 10670, 0, -249, -60, 125
7200, 11470, 0, -148, -55, 119
7200, 12270, 0, -101, -50, 111
7200, 13070, 0, -75, -45, 104
7200, 13870, 0, -58, -42, 98
7200, 14670, 0, -46, -38, 92
7200, 15470, 0, -37, -34, 89
7200, 16270, 0, -29, -31, 86
7200, 17070, 0, -23, -27, 83
7200, 17870, 0, -17, -24, 82
7200, 18670, 0, -12, -20, 81
7200, 19470, 0, -8, -17, 81
7200, 20270, 0, -3, -14, 82
7200, 21070, 0, 1, -11, 83
7200, 21870, 0, 6, -6, 85
7200, 22670, 0, 10, -4, 88
7200, 23470, 0, 16, -1, 92
7200, 24270, 0, 22, 3, 96
7200, 25070, 0, 29, 7, 101
7200, 25870, 0, 37, 10, 107
7200, 26670, 0, 48, 14, 114
7200, 27470, 0, 62, 18, 120
7200, 28270, 0, 82, 22, 122
7200, 29070, 0, 109, 26, 111
7200, 29870, 0, 156, 31, 77
7200, 30670, 0, 243, 37, 36
7200, 31470, 0, 293, 41, 2
7200, 32270, 0, 267, 41, -26
7200, 33070, 0, 252, 40, -60
7200, 33870, 0, 254, 39, -92
7200, 34670, 0, 263, 39, -108
7200, 35470, 0, 196, 37, -109
7470, 36000, 0, 141, 32, -104
8270, 36000, 0, 139, 30, -104
9070, 36000, 0, 137, 28, -103
9600, 35730, 0, 134, 27, -103
9600, 34930, 0, 183, 30, -106
9600, 34130, 0, 247, 33, -106
9600, 33330, 0, 241, 34, -92
9600, 32530, 0, 237, 35, -61
9600, 31730, 0, 253, 36, -26
9600, 30930, 0, 281, 36, 3
9600, 30130, 0, 228, 32, 37
9600, 29330, 0, 148, 26, 78
9600, 28530, 0, 105, 24, 110
9600, 27730, 0, 80, 18, 122
9600, 26930, 0, 62, 14, 121
9600, 26130, 0, 49, 11, 116
9600, 25330, 0, 39, 8, 111
9600, 24530, 0, 31, 5, 106
9600, 23730, 0, 24, 2, 100
9600, 22930, 0, 17, -1, 95
9600, 22130, 0, 12, -4, 93
9600, 21330, 0, 7, -7, 89
9600, 20530, 0, 2, -9, 87
9600, 19730, 0, -2, -13, 86
9600, 18930, 0, -7, -16, 85
9600, 18130, 0, -12, -18, 86
9600, 17330, 0, -17, -21, 86
9600, 16530, 0, -22, -24, 87
9600, 15730, 0, -28, -27, 89
9600, 14930, 0, -36, -30, 92
9600, 14130, 0, -44, -33, 97
9600, 13330, 0, -57, -35, 101
9600, 12530, 0, -72, -38, 106
9600, 11730, 0, -95, -42, 113
9600, 10930, 0, -135, -47, 119
9600, 10130, 0, -226, -53, 124
9600, 9330, 0, -272, -55, 118
9600, 8530, 0, -244, -54, 93
9600, 7730, 0, -233, -53, 50
9600, 6930, 0, -243, -54, 17
9600, 6130, 0, -259, -53, -10
9600, 5330, 0, -176, -49, -43
9600, 4530, 0, -120, -45, -77
9600, 3730, 0, -91, -43, -95
9600, 2930, 0, -73, -40, -96
9600, 2130, 0, -60, -38, -90
9600, 1330, 0, -51, -37, -83
9600, 530, 0, -43, -34, -76
9870, 0, 0, -39, -33, -73
10670, 0, 0, -40, -32, -72
11470, 0, 0, -40, -31, -73
12000, 270, 0, -41, -30, -73
12000, 1070, 0, -45, -31, -78
12000, 1870, 0, -52, -32, -83
12000, 2670, 0, -61, -34, -90
12000, 3470, 0, -73, -36, -94
12000, 4270, 0, -90, -37, -92
12000, 5070, 0, -115, -40, -74
12000, 5870, 0, -169, -44, -41
12000, 6670, 0, -245, -48, -10
12000, 7470, 0, -229, -50, 17
12000, 8270, 0, -222, -51, 49
12000, 9070, 0, -232, -51, 89
12000, 9870, 0, -260, -52, 115
12000, 10670, 0, -212, -49, 121
12000, 11470, 0, -131, -44, 118
12000, 12270, 0, -94, -40, 113
12000, 13070, 0, -72, -36, 107
12000, 13870, 0, -57, -34, 102
12000, 14670, 0, -46, -31, 98
12000, 15470, 0, -37, -29, 95
12000, 16270, 0, -29, -26, 92
12000, 17070, 0, -23, -24, 90
12000, 17870, 0, -18, -21, 89
12000, 18670, 0, -12, -19, 89
12000, 19470, 0, -7, -16, 90
12000, 20270, 0, -3, -14, 90
12000, 21070, 0, 2, -12, 91
12000, 21870, 0, 7, -9, 93
12000, 22670, 0, 13, -6, 96
12000, 23470, 0, 18, -4, 99
12000, 24270, 0, 25, -2, 103
12000, 25070, 0, 33, 1, 107
12000, 25870, 0, 41, 4, 113
12000, 26670, 0, 53, 7, 117
12000, 27470, 0, 67, 10, 120
12000, 28270, 0, 87, 13, 116
12000, 29070, 0, 115, 17, 98
12000, 29870, 0, 166, 22, 62
12000, 30670, 0, 247, 29, 24
12000, 31470, 0, 257, 31, -6
12000, 32270, 0, 233, 31, -36
12000, 33070, 0, 225, 30, -67
12000, 33870, 0, 231, 30, -92
12000, 34670, 0, 227, 28, -104
12000, 35470, 0, 153, 24, -103
12270, 36000, 0, 115, 21, -99
13070, 36000, 0, 114, 20, -99
13870, 36000, 0, 114, 19, -98
14400, 35730, 0, 112, 18, -97
14400, 34930, 0, 148, 21, -99
14400, 34130, 0, 215, 25, -102
14400, 33330, 0, 226, 27, -92
14400, 32530, 0, 220, 28, -66
14400, 31730, 0, 229, 31, -33
14400, 30930, 0, 255, 30, -4
14400, 30130, 0, 237, 27, 27
14400, 29330, 0, 157, 21, 64
14400, 28530, 0, 111, 16, 100
14400, 27730, 0, 84, 12, 117
14400, 26930, 0, 66, 9, 120
14400, 26130, 0, 53, 6, 117
14400, 25330, 0, 42, 5, 113
14400, 24530, 0, 33, 1, 109
14400, 23730, 0, 26, -1, 105
14400, 22930, 0, 20, -4, 102
14400, 22130, 0, 14, -6, 99
14400, 21330, 0, 8, -8, 96
14400, 20530, 0, 4, -11, 94
14400, 19730, 0, 0, -13, 94
14400, 18930, 0, -6, -15, 91
14400, 18130, 0, -10, -17, 91
14400, 17330, 0, -15, -19, 92
14400, 16530, 0, -21, -21, 93
14400, 15730, 0, -28, -23, 94
14400, 14930, 0, -35, -25, 96
14400, 14130, 0, -44, -28, 99
14400, 13330, 0, -54, -30, 102
14400, 12530, 0, -66, -32, 107
14400, 11730, 0, -85, -35, 112
14400, 10930, 0, -118, -40, 116
14400, 10130, 0, -186, -45, 121
14400, 9330, 0, -255, -48, 114
14400, 8530, 0, -228, -49, 93
14400, 7730, 0, -215, -48, 56
14400, 6930, 0, -219, -48, 22
14400, 6130, 0, -237, -47, -6
14400, 5330, 0, -174, -42, -35
14400, 4530, 0, -119, -38, -67
14400, 3730, 0, -91, -35, -88
14400, 2930, 0, -74, -32, -92
14400, 2130, 0, -62, -31, -88
14400, 1330, 0, -52, -30, -83
14400, 530, 0, -45, -29, -77
14670, 0, 0, -41, -28, -74
15470, 0, 0, -42, -27, -73
16270, 0, 0, -42, -26, -73
16800, 270, 0, -42, -25, -73
16800, 1070, 0, -46, -25, -77
16800, 1870, 0, -53, -27, -82
16800, 2670, 0, -62, -28, -87
16800, 3470, 0, -72, -30, -90
16800, 4270, 0, -89, -31, -88
16800, 5070, 0, -113, -35, -68
16800, 5870, 0, -164, -39, -37
16800, 6670, 0, -230, -44, -9
16800, 7470, 0, -216, -47, 17
16800, 8270, 0, -209, -45, 50
16800, 9070, 0, -221, -48, 87
16800, 9870, 0, -246, -48, 111
16800, 10670, 0, -195, -46, 117
16800, 11470, 0, -124, -40, 115
16800, 12270, 0, -90, -36, 111
16800, 13070, 0, -70, -33, 108
16800, 13870, 0, -56, -30, 103
16800, 14670, 0, -45, -28, 102
16800, 15470, 0, -37, -26, 98
16800, 16270, 0, -29, -25, 96
16800, 17070, 0, -23, -23, 94
16800, 17870, 0, -17, -21, 94
16800, 18670, 0, -12, -19, 94
16800, 19470, 0, -7, -17, 94
16800, 20270, 0, -3, -15, 95
16800, 21070, 0, 2, -13, 96
16800, 21870, 0, 7, -11, 98
16800, 22670, 0, 13, -9, 100
16800, 23470, 0, 19, -7, 103
16800, 24270, 0, 26, -5, 106
16800, 25070, 0, 33, -2, 110
16800, 25870, 0, 43, 0, 113
16800, 26670, 0, 53, 3, 117
16800, 27470, 0, 68, 5, 119
16800, 28270, 0, 86, 9, 114
16800, 29070, 0, 115, 13, 93
16800, 29870, 0, 165, 18, 56
16800, 30670, 0, 242, 24, 21
16800, 31470, 0, 243, 27, -9
16800, 32270, 0, 221, 27, -36
16800, 33070, 0, 215, 25, -65
16800, 33870, 0, 220, 25, -90
16800, 34670, 0, 207, 24, -99
16800, 35470, 0, 137, 19, -97
17070, 36000, 0, 104, 15, -95
17870, 36000, 0, 104, 15, -95
18670, 36000, 0, 104, 14, -94
19200, 35730, 0, 103, 14, -92
19200, 34930, 0, 133, 17, -97
19200, 34130, 0, 199, 22, -98
19200, 33330, 0, 219, 24, -92
19200, 32530, 0, 211, 26, -71
19200, 31730, 0, 217, 26, -38
19200, 30930, 0, 238, 27, -10
19200, 30130, 0, 245, 25, 18
19200, 29330, 0, 168, 19, 54
19200, 28530, 0, 116, 14, 91
19200, 27730, 0, 88, 9, 113
19200, 26930, 0, 68, 6, 118
19200, 26130, 0, 55, 3, 118
19200, 25330, 0, 44, 1, 115
19200, 24530, 0, 36, -2, 112
19200, 23730, 0, 28, -4, 108
19200, 22930, 0, 21, -6, 105
19200, 22130, 0, 15, -8, 102
19200, 21330, 0, 9, -10, 100
19200, 20530, 0, 4, -12, 98
19200, 19730, 0, 0, -14, 97
19200, 18930, 0, -5, -16, 96
19200, 18130, 0, -10, -18, 96
19200, 17330, 0, -15, -20, 95
19200, 16530, 0, -21, -21, 96
19200, 15730, 0, -28, -23, 97
19200, 14930, 0, -34, -25, 99
19200, 14130, 0, -43, -27, 101
19200, 13330, 0, -53, -28, 104
19200, 12530, 0, -65, -31, 107
19200, 11730, 0, -84, -33, 110
19200, 10930, 0, -115, -38, 114
19200, 10130, 0, -177, -43, 116
19200, 9330, 0, -242, -47, 111
19200, 8530, 0, -219, -47, 89
19200, 7730, 0, -206, -45, 53
19200, 6930, 0, -210, -46, 20
19200, 6130, 0, -226, -44, -7
19200, 5330, 0, -164, -38, -36
19200, 4530, 0, -114, -35, -65
19200, 3730, 0, -89, -31, -84
19200, 2930, 0, -73, -29, -88
19200, 2130, 0, -60, -27, -85
19200, 1330, 0, -52, -26, -81
19200, 530, 0, -45, -25, -76
19470, 0, 0, -41, -24, -73
20270, 0, 0, -41, -23, -73
21070, 0, 0, -42, -23, -72
21600, 270, 0, -42, -22, -73
21600, 1070, 0, -45, -23, -76
21600, 1870, 0, -52, -24, -81
21600, 2670, 0, -61, -24, -85
21600, 3470, 0, -71, -27, -88
21600, 4270, 0, -86, -29, -84
21600, 5070, 0, -110, -32, -66
21600, 5870, 0, -157, -38, -37
21600, 6670, 0, -220, -43, -10
21600, 7470, 0, -208, -45, 16
21600, 8270, 0, -203, -46, 46
21600, 9070, 0, -213, -47, 82
21600, 9870, 0, -236, -48, 107
21600, 10670, 0, -192, -45, 114
21600, 11470, 0, -122, -41, 113
21600, 12270, 0, -89, -36, 111
21600, 13070, 0, -70, -33, 107
21600, 13870, 0, -56, -31, 104
21600, 14670, 0, -46, -30, 102
21600, 15470, 0, -37, -28, 100
21600, 16270, 0, -30, -26, 98
21600, 17070, 0, -24, -24, 98
21600, 17870, 0, -18, -22, 96
21600, 18670, 0, -12, -20, 97
21600, 19470, 0, -8, -19, 97
21600, 20270, 0, -3, -17, 98
21600, 21070, 0, 2, -14, 98
21600, 21870, 0, 7, -13, 101
21600, 22670, 0, 13, -12, 103
21600, 23470, 0, 20, -9, 106
21600, 24270, 0, 25, -7, 108
21600, 25070, 0, 32, -5, 111
21600, 25870, 0, 41, -2, 114
21600, 26670, 0, 53, 0, 118
21600, 27470, 0, 65, 3, 118
21600, 28270, 0, 82, 8, 112
21600, 29070, 0, 109, 12, 94
21600, 29870, 0, 155, 16, 59
21600, 30670, 0, 228, 22, 24
21600, 31470, 0, 238, 26, -5
21600, 32270, 0, 216, 25, -33
21600, 33070, 0, 208, 25, -63
21600, 33870, 0, 213, 24, -87
21600, 34670, 0, 199, 22, -96
21600, 35470, 0, 134, 17, -96
21870, 36000, 0, 105, 13, -93
22670, 36000, 0, 105, 13, -91
23470, 36000, 0, 105, 13, -92
24000, 35730, 0, 104, 12, -93
24000, 34930, 0, 135, 15, -95
24000, 34130, 0, 197, 21, -95
24000, 33330, 0, 212, 23, -87
24000, 32530, 0, 206, 25, -65
24000, 31730, 0, 214, 26, -34
24000, 30930, 0, 237, 27, -6
24000, 30130, 0, 231, 24, 23
24000, 29330, 0, 157, 19, 58
24000, 28530, 0, 110, 13, 94
24000, 27730, 0, 83, 9, 113
24000, 26930, 0, 65, 5, 119
24000, 26130, 0, 53, 3, 117
24000, 25330, 0, 42, -1, 115
24000, 24530, 0, 33, -4, 112
24000, 23730, 0, 26, -6, 110
24000, 22930, 0, 19, -9, 108
24000, 22130, 0, 14, -11, 105
24000, 21330, 0, 8, -12, 103
24000, 20530, 0, 4, -15, 101
24000, 19730, 0, -2, -16, 99
24000, 18930, 0, -7, -18, 98
24000, 18130, 0, -11, -20, 98
24000, 17330, 0, -16, -22, 98
24000, 16530, 0, -22, -24, 98
24000, 15730, 0, -29, -26, 99
24000, 14930, 0, -35, -27, 100
24000, 14130, 0, -43, -29, 102
24000, 13330, 0, -54, -31, 104
24000, 12530, 0, -67, -33, 107
24000, 11730, 0, -85, -36, 110
24000, 10930, 0, -118, -40, 112
24000, 10130, 0, -182, -44, 113
24000, 9330, 0, -233, -47, 106
24000, 8530, 0, -211, -46, 82
24000, 7730, 0, -200, -45, 48
24000, 6930, 0, -207, -45, 16
24000, 6130, 0, -218, -42, -9
24000, 5330, 0, -154, -37, -38
24000, 4530, 0, -109, -32, -66
24000, 3730, 0, -85, -29, -83
24000, 2930, 0, -70, -27, -85
24000, 2130, 0, -59, -24, -84
24000, 1330, 0, -51, -23, -80
24000, 530, 0, -45, -21, -75
24270, 0, 0, -42, -21, -72
25070, 0, 0, -40, -20, -72
25870, 0, 0, -41, -19, -72
26400, 270, 0, -41, -19, -72
26400, 1070, 0, -46, -19, -76
26400, 1870, 0, -51, -21, -80
26400, 2670, 0, -60, -23, -84
26400, 3470, 0, -69, -25, -87
26400, 4270, 0, -84, -27, -84
26400, 5070, 0, -106, -31, -68
26400, 5870, 0, -149, -36, -39
26400, 6670, 0, -213, -42, -12
26400, 7470, 0, -205, -44, 12
26400, 8270, 0, -198, -45, 42
26400, 9070, 0, -206, -47, 77
26400, 9870, 0, -228, -48, 101
26400, 10670, 0, -193, -47, 110
26400, 11470, 0, -123, -44, 111
26400, 12270, 0, -89, -41, 108
26400, 13070, 0, -70, -38, 107
26400, 13870, 0, -57, -37, 104
26400, 14670, 0, -47, -35, 103
26400, 15470, 0, -38, -33, 102
26400, 16270, 0, -31, -30, 100
26400, 17070, 0, -25, -28, 99
26400, 17870, 0, -19, -26, 99
26400, 18670, 0, -14, -23, 99
26400, 19470, 0, -9, -21, 99
26400, 20270, 0, -4, -20, 101
26400, 21070, 0, 0, -18, 102
26400, 21870, 0, 6, -17, 104
26400, 22670, 0, 10, -15, 106
26400, 23470, 0, 17, -12, 109
26400, 24270, 0, 24, -8, 111
26400, 25070, 0, 31, -6, 113
26400, 25870, 0, 40, -2, 116
26400, 26670, 0, 50, 2, 117
26400, 27470, 0, 65, 5, 118
26400, 28270, 0, 80, 9, 112
26400, 29070, 0, 106, 13, 94
26400, 29870, 0, 148, 18, 62
26400, 30670, 0, 217, 23, 27
26400, 31470, 0, 237, 26, -1
26400, 32270, 0, 215, 26, -27
26400, 33070, 0, 205, 25, -57
26400, 33870, 0, 208, 24, -82
26400, 34670, 0, 205, 21, -94
26400, 35470, 0, 144, 16, -95
26670, 36000, 0, 112, 13, -93
27470, 36000, 0, 112, 13, -93
28270, 36000, 0, 112, 12, -93
28800, 35730, 0, 112, 12, -93
28800, 34930, 0, 148, 16, -96
28800, 34130, 0, 203, 20, -95
28800, 33330, 0, 208, 24, -83
28800, 32530, 0, 205, 25, -55
28800, 31730, 0, 215, 28, -28
28800, 30930, 0, 237, 28, -1
28800, 30130, 0, 213, 27, 29
28800, 29330, 0, 144, 23, 63
28800, 28530, 0, 103, 19, 97
28800, 27730, 0, 79, 15, 113
28800, 26930, 0, 62, 10, 118
28800, 26130, 0, 49, 5, 118
28800, 25330, 0, 39, 0, 117
28800, 24530, 0, 31, -4, 115
28800, 23730, 0, 24, -8, 114
28800, 22930, 0, 17, -12, 111
28800, 22130, 0, 11, -15, 108
28800, 21330, 0, 6, -16, 106
28800, 20530, 0, 1, -18, 104
28800, 19730, 0, -4, -20, 102
28800, 18930, 0, -8, -21, 101
28800, 18130, 0, -13, -23, 100
28800, 17330, 0, -19, -26, 100
28800, 16530, 0, -23, -29, 101
28800, 15730, 0, -30, -32, 102
28800, 14930, 0, -38, -36, 103
28800, 14130, 0, -46, -39, 105
28800, 13330, 0, -56, -41, 105
28800, 12530, 0, -69, -43, 107
28800, 11730, 0, -87, -44, 108
28800, 10930, 0, -119, -46, 109
28800, 10130, 0, -187, -47, 108
28800, 9330, 0, -225, -49, 100
28800, 8530, 0, -204, -47, 75
28800, 7730, 0, -196, -46, 41
28800, 6930, 0, -204, -45, 11
28800, 6130, 0, -211, -42, -13
28800, 5330, 0, -145, -35, -41
28800, 4530, 0, -104, -31, -68
28800, 3730, 0, -83, -27, -83
28800, 2930, 0, -69, -24, -86
28800, 2130, 0, -59, -21, -84
28800, 1330, 0, -50, -20, -79
28800, 530, 0, -44, -18, -74
29070, 0, 0, -41, -17, -72
29870, 0, 0, -40, -17, -72
30670, 0, 0, -41, -16, -72
31200, 270, 0, -41, -15, -72
31200, 1070, 0, -44, -16, -75
31200, 1870, 0, -51, -18, -80
31200, 2670, 0, -59, -19, -84
31200, 3470, 0, -68, -22, -86
31200, 4270, 0, -82, -24, -85
31200, 5070, 0, -103, -29, -71
31200, 5870, 0, -143, -35, -44
31200, 6670, 0, -207, -41, -17
31200, 7470, 0, -205, -45, 7
31200, 8270, 0, -195, -46, 34
31200, 9070, 0, -200, -48, 66
31200, 9870, 0, -218, -52, 92
31200, 10670, 0, -195, -54, 102
31200, 11470, 0, -128, -55, 105
31200, 12270, 0, -94, -55, 106
31200, 13070, 0, -75, -55, 106
31200, 13870, 0, -61, -54, 107
31200, 14670, 0, -50, -51, 107
31200, 15470, 0, -41, -47, 106
31200, 16270, 0, -33, -42, 104
31200, 17070, 0, -26, -36, 103
31200, 17870, 0, -20, -30, 103
31200, 18670, 0, -15, -27, 101
31200, 19470, 0, -8, -24, 101
31200, 20270, 0, -6, -23, 103
31200, 21070, 0, -2, -22, 105
31200, 21870, 0, 2, -21, 108
31200, 22670, 0, 8, -19, 111
31200, 23470, 0, 15, -16, 114
31200, 24270, 0, 21, -11, 116
31200, 25070, 0, 29, -4, 118
31200, 25870, 0, 39, 2, 119
31200, 26670, 0, 50, 10, 119
31200, 27470, 0, 64, 17, 117
31200, 28270, 0, 81, 23, 110
31200, 29070, 0, 106, 27, 91
31200, 29870, 0, 148, 29, 58
31200, 30670, 0, 217, 31, 23
31200, 31470, 0, 231, 30, -6
31200, 32270, 0, 211, 27, -32
31200, 33070, 0, 203, 26, -61
31200, 33870, 0, 207, 23, -84
31200, 34670, 0, 199, 20, -95
31200, 35470, 0, 140, 15, -95
31470, 36000, 0, 109, 10, -93
32270, 36000, 0, 109, 10, -93
33070, 36000, 0, 110, 10, -93
33600, 35730, 0, 111, 9, -93
33600, 34930, 0, 143, 14, -97
33600, 34130, 0, 202, 20, -96
33600, 33330, 0, 209, 23, -86
33600, 32530, 0, 204, 26, -61
33600, 31730, 0, 212, 30, -31
33600, 30930, 0, 232, 35, -5
33600, 30130, 0, 211, 41, 23
33600, 29330, 0, 146, 44, 57
33600, 28530, 0, 109, 44, 89
33600, 27730, 0, 86, 36, 108
33600, 26930, 0, 67, 29, 117
33600, 26130, 0, 53, 19, 121
33600, 25330, 0, 40, 8, 124
33600, 24530, 0, 30, -1, 124
33600, 23730, 0, 21, -9, 123
33600, 22930, 0, 12, -17, 120
33600, 22130, 0, 6, -22, 117
33600, 21330, 0, 1, -25, 113
33600, 20530, 0, -3, -24, 108
33600, 19730, 0, -6, -22, 105
33600, 18930, 0, -9, -22, 102
33600, 18130, 0, -13, -24, 102
33600, 17330, 0, -18, -29, 103
33600, 16530, 0, -25, -37, 105
33600, 15730, 0, -33, -48, 109
33600, 14930, 0, -42, -56, 110
33600, 14130, 0, -52, -64, 111
33600, 13330, 0, -63, -69, 111
33600, 12530, 0, -76, -71, 109
33600, 11730, 0, -92, -70, 106
33600, 10930, 0, -121, -65, 103
33600, 10130, 0, -186, -59, 98
33600, 9330, 0, -214, -53, 87
33600, 8530, 0, -198, -48, 63
33600, 7730, 0, -194, -47, 32
33600, 6930, 0, -204, -44, 5
33600, 6130, 0, -209, -41, -17
33600, 5330, 0, -143, -34, -44
33600, 4530, 0, -105, -29, -71
33600, 3730, 0, -83, -25, -85
33600, 2930, 0, -68, -21, -87
33600, 2130, 0, -58, -19, -84
33600, 1330, 0, -50, -16, -80
33600, 530, 0, -44, -15, -75
33870, 0, 0, -41, -13, -73
34670, 0, 0, -41, -13, -71
35470, 0, 0, -41, -14, -73
36000, 270, 0, -41, -12, -72
36000, 1070, 0, -44, -13, -76
36000, 1870, 0, -51, -15, -80
36000, 2670, 0, -59, -16, -85
36000, 3470, 0, -69, -18, -89
36000, 4270, 0, -82, -22, -88
36000, 5070, 0, -103, -26, -75
36000, 5870, 0, -142, -32, -48
36000, 6670, 0, -206, -38, -22
36000, 7470, 0, -206, -43, 0
36000, 8270, 0, -194, -46, 21
36000, 9070, 0, -194, -48, 48
36000, 9870, 0, -206, -53, 71
36000, 10670, 0, -192, -63, 86
36000, 11470, 0, -140, -75, 97
36000, 12270, 0, -114, -86, 105
36000, 13070, 0, -96, -89, 112
36000, 13870, 0, -84, -85, 117
36000, 14670, 0, -70, -78, 120
36000, 15470, 0, -58, -68, 120
36000, 16270, 0, -45, -55, 117
36000, 17070, 0, -32, -41, 112
36000, 17870, 0, -21, -29, 105
36000, 18670, 0, -13, -23, 101
36000, 19470, 0, -9, -20, 100
36000, 20270, 0, -9, -21, 103
36000, 21070, 0, -10, -25, 109
36000, 21870, 0, -9, -28, 117
36000, 22670, 0, -5, -28, 123
36000, 23470, 0, 4, -24, 128
36000, 24270, 0, 17, -16, 131
36000, 25070, 0, 30, -7, 133
36000, 25870, 0, 46, 4, 131
36000, 26670, 0, 62, 15, 126
36000, 27470, 0, 81, 27, 118
36000, 28270, 0, 102, 36, 104
36000, 29070, 0, 125, 46, 84
36000, 29870, 0, 153, 50, 55
36000, 30670, 0, 189, 46, 28
36000, 31470, 0, 226, 39, 3
36000, 32270, 0, 215, 31, -22
36000, 33070, 0, 204, 27, -46
36000, 33870, 0, 204, 24, -75
36000, 34670, 0, 210, 21, -92
36000, 35470, 0, 178, 17, -98
36270, 36000, 0, 139, 12, -97
37070, 36000, 0, 141, 11, -97
37870, 36000, 0, 141, 11, -98
38400, 35730, 0, 141, 10, -99
38400, 34930, 0, 188, 15, -100
38400, 34130, 0, 216, 19, -95
38400, 33330, 0, 207, 21, -76
38400, 32530, 0, 205, 24, -47
38400, 31730, 0, 217, 28, -21
38400, 30930, 0, 233, 32, 1
38400, 30130, 0, 243, 35, 25
38400, 29330, 0, 234, 32, 53
38400, 28530, 0, 199, 25, 83
38400, 27730, 0, 159, 16, 110
38400, 26930, 0, 121, 8, 128
38400, 26130, 0, 85, -1, 138
38400, 25330, 0, 57, -9, 144
38400, 24530, 0, 37, -15, 142
38400, 23730, 0, 12, -21, 140
38400, 22930, 0, -16, -25, 135
38400, 22130, 0, -30, -27, 129
38400, 21330, 0, -29, -24, 118
38400, 20530, 0, -17, -20, 106
38400, 19730, 0, -4, -16, 99
38400, 18930, 0, -2, -16, 97
38400, 18130, 0, -7, -19, 101
38400, 17330, 0, -28, -25, 110
38400, 16530, 0, -63, -34, 121
38400, 15730, 0, -86, -46, 129
38400, 14930, 0, -112, -56, 132
38400, 14130, 0, -134, -67, 131
38400, 13330, 0, -149, -74, 126
38400, 12530, 0, -168, -76, 117
38400, 11730, 0, -186, -73, 106
38400, 10930, 0, -193, -63, 90
38400, 10130, 0, -203, -54, 71
38400, 9330, 0, -196, -48, 49
38400, 8530, 0, -191, -45, 28
38400, 7730, 0, -196, -43, 8
38400, 6930, 0, -213, -41, -9
38400, 6130, 0, -191, -36, -31
38400, 5330, 0, -127, -29, -58
38400, 4530, 0, -97, -24, -81
38400, 3730, 0, -79, -19, -90
38400, 2930, 0, -65, -16, -89
38400, 2130, 0, -55, -13, -85
38400, 1330, 0, -47, -12, -79
38400, 530, 0, -42, -10, -75
38670, 0, 0, -39, -10, -71
39470, 0, 0, -39, -9, -72
40270, 0, 0, -39, -8, -72
40800, 270, 0, -39, -7, -72
40800, 1070, 0, -43, -7, -76
40800, 1870, 0, -49, -8, -82
40800, 2670, 0, -57, -10, -87
40800, 3470, 0, -66, -12, -90
40800, 4270, 0, -80, -15, -92
40800, 5070, 0, -99, -19, -82
40800, 5870, 0, -132, -26, -60
40800, 6670, 0, -195, -33, -33
40800, 7470, 0, -213, -38, -13
40800, 8270, 0, -196, -40, 2
40800, 9070, 0, -190, -42, 16
40800, 9870, 0, -191, -44, 34
40800, 10670, 0, -200, -47, 55
40800, 11470, 0, -223, -53, 82
40800, 12270, 0, -238, -58, 105
40800, 13070, 0, -226, -58, 122
40800, 13870, 0, -200, -56, 134
40800, 14670, 0, -166, -51, 140
40800, 15470, 0, -129, -44, 141
40800, 16270, 0, -92, -37, 136
40800, 17070, 0, -55, -29, 125
40800, 17870, 0, -20, -23, 111
40800, 18670, 0, 4, -19, 99
40800, 19470, 0, 11, -17, 92
40800, 20270, 0, 5, -18, 95
40800, 21070, 0, -18, -21, 105
40800, 21870, 0, -38, -24, 119
40800, 22670, 0, -42, -26, 132
40800, 23470, 0, -26, -26, 141
40800, 24270, 0, 1, -24, 146
40800, 25070, 0, 29, -20, 150
40800, 25870, 0, 57, -15, 148
40800, 26670, 0, 86, -8, 141
40800, 27470, 0, 123, -3, 128
40800, 28270, 0, 159, 5, 105
40800, 29070, 0, 207, 10, 74
40800, 29870, 0, 251, 16, 44
40800, 30670, 0, 255, 21, 17
40800, 31470, 0, 233, 22, -4
40800, 32270, 0, 215, 21, -22
40800, 33070, 0, 206, 19, -46
40800, 33870, 0, 207, 17, -72
40800, 34670, 0, 215, 16, -93
40800, 35470, 0, 200, 13, -100
41070, 36000, 0, 162, 9, -100
41870, 36000, 0, 164, 7, -102
42670, 36000, 0, 165, 6, -102
43200, 35730, 0, 165, 5, -103
43200, 34930, 0, 212, 10, -102
43200, 34130, 0, 222, 14, -95
43200, 33330, 0, 209, 16, -72
43200, 32530, 0, 211, 17, -43
43200, 31730, 0, 222, 18, -20
43200, 30930, 0, 246, 19, 0
43200, 30130, 0, 254, 17, 21
43200, 29330, 0, 235, 11, 50
43200, 28530, 0, 179, 6, 87
43200, 27730, 0, 138, 1, 116
43200, 26930, 0, 109, -5, 137
43200, 26130, 0, 68, -9, 148
43200, 25330, 0, 41, -15, 153
43200, 24530, 0, 12, -19, 153
43200, 23730, 0, -14, -22, 150
43200, 22930, 0, -36, -24, 142
43200, 22130, 0, -47, -25, 131
43200, 21330, 0, -38, -24, 117
43200, 20530, 0, -15, -21, 102
43200, 19730, 0, 13, -17, 91
43200, 18930, 0, 20, -16, 89
43200, 18130, 0, 11, -17, 98
43200, 17330, 0, -13, -20, 112
43200, 16530, 0, -48, -24, 128
43200, 15730, 0, -86, -29, 140
43200, 14930, 0, -127, -34, 146
43200, 14130, 0, -171, -38, 146
43200, 13330, 0, -209, -42, 140
43200, 12530, 0, -236, -45, 126
43200, 11730, 0, -245, -48, 105
43200, 10930, 0, -219, -47, 78
43200, 10130, 0, -194, -43, 48
43200, 9330, 0, -191, -40, 26
43200, 8530, 0, -191, -38, 10
43200, 7730, 0, -199, -37, -2
43200, 6930, 0, -219, -36, -17
43200, 6130, 0, -194, -30, -36
43200, 5330, 0, -130, -22, -64
43200, 4530, 0, -99, -16, -85
43200, 3730, 0, -79, -12, -94
43200, 2930, 0, -66, -9, -92
43200, 2130, 0, -56, -6, -87
43200, 1330, 0, -48, -5, -81
43200, 530, 0, -42, -5, -75
43470, 0, 0, -38, -4, -72
44270, 0, 0, -39, -2, -72
45070, 0, 0, -38, -2, -71
45600, 270, 0, -38, 0, -71
45600, 1070, 0, -42, 0, -75
45600, 1870, 0, -48, 0, -82
45600, 2670, 0, -56, -1, -88
45600, 3470, 0, -66, -2, -94
45600, 4270, 0, -78, -5, -96
45600, 5070, 0, -99, -9, -88
45600, 5870, 0, -133, -16, -66
45600, 6670, 0, -194, -23, -40
45600, 7470, 0, -223, -30, -20
45600, 8270, 0, -205, -32, -6
45600, 9070, 0, -194, -32, 6
45600, 9870, 0, -193, -33, 21
45600, 10670, 0, -201, -34, 45
45600, 11470, 0, -232, -37, 74
45600, 12270, 0, -246, -37, 101
45600, 13070, 0, -234, -35, 122
45600, 13870, 0, -205, -32, 137
45600, 14670, 0, -173, -30, 145
45600, 15470, 0, -139, -28, 146
45600, 16270, 0, -96, -25, 139
45600, 17070, 0, -55, -22, 126
45600, 17870, 0, -18, -19, 111
45600, 18670, 0, 7, -18, 96
45600, 19470, 0, 19, -19, 87
45600, 20270, 0, 12, -20, 88
45600, 21070, 0, -15, -23, 100
45600, 21870, 0, -38, -26, 115
45600, 22670, 0, -46, -27, 130
45600, 23470, 0, -35, -26, 141
45600, 24270, 0, -16, -24, 149
45600, 25070, 0, 7, -21, 152
45600, 25870, 0, 37, -16, 151
45600, 26670, 0, 67, -13, 145
45600, 27470, 0, 101, -9, 133
45600, 28270, 0, 141, -6, 112
45600, 29070, 0, 184, -3, 85
45600, 29870, 0, 220, 1, 51
45600, 30670, 0, 249, 5, 24
45600, 31470, 0, 251, 8, 0
45600, 32270, 0, 228, 8, -19
45600, 33070, 0, 216, 8, -42
45600, 33870, 0, 214, 8, -69
45600, 34670, 0, 224, 7, -92
45600, 35470, 0, 220, 3, -103
45870, 36000, 0, 186, -3, -104
46670, 36000, 0, 187, -5, -106
47470, 36000, 0, 190, -9, -106
48000, 35730, 0, 190, -13, -107
48000, 34930, 0, 235, -8, -107
48000, 34130, 0, 239, -5, -97
48000, 33330, 0, 229, -3, -71
48000, 32530, 0, 229, -2, -43
48000, 31730, 0, 241, -3, -19
48000, 30930, 0, 268, -4, 1
48000, 30130, 0, 260, -6, 25
48000, 29330, 0, 222, -9, 57
48000, 28530, 0, 183, -12, 92
48000, 27730, 0, 143, -16, 118
48000, 26930, 0, 105, -18, 136
48000, 26130, 0, 71, -18, 147
48000, 25330, 0, 37, -20, 152
48000, 24530, 0, 4, -22, 153
48000, 23730, 0, -18, -24, 149
48000, 22930, 0, -36, -27, 142
48000, 22130, 0, -48, -28, 128
48000, 21330, 0, -41, -27, 114
48000, 20530, 0, -15, -24, 99
48000, 19730, 0, 10, -21, 89
48000, 18930, 0, 17, -17, 86
48000, 18130, 0, 6, -16, 94
48000, 17330, 0, -16, -16, 108
48000, 16530, 0, -52, -16, 125
48000, 15730, 0, -95, -17, 137
48000, 14930, 0, -135, -18, 144
48000, 14130, 0, -169, -19, 144
48000, 13330, 0, -201, -21, 135
48000, 12530, 0, -229, -23, 121
48000, 11730, 0, -251, -25, 100
48000, 10930, 0, -241, -25, 74
48000, 10130, 0, -207, -24, 45
48000, 9330, 0, -199, -24, 19
48000, 8530, 0, -202, -24, 4
48000, 7730, 0, -214, -24, -8
48000, 6930, 0, -235, -22, -22
48000, 6130, 0, -194, -14, -43
48000, 5330, 0, -130, -6, -72
48000, 4530, 0, -98, -1, -92
48000, 3730, 0, -78, 3, -98
48000, 2930, 0, -64, 4, -94
48000, 2130, 0, -54, 4, -88
48000, 1330, 0, -46, 4, -80
48000, 530, 0, -40, 4, -74
48270, 0, 0, -36, 3, -70
49070, 0, 0, -36, 5, -70
49870, 0, 0, -35, 5, -68
50400, 270, 0, -35, 7, -67
50400, 1070, 0, -39, 8, -72
50400, 1870, 0, -45, 10, -79
50400, 2670, 0, -53, 12, -86
50400, 3470, 0, -63, 13, -94
50400, 4270, 0, -77, 14, -99
50400, 5070, 0, -99, 15, -96
50400, 5870, 0, -133, 14, -76
50400, 6670, 0, -200, 9, -47
50400, 7470, 0, -249, 2, -24
50400, 8270, 0, -232, 1, -9
50400, 9070, 0, -218, 1, 3
50400, 9870, 0, -215, 2, 18
50400, 10670, 0, -221, 2, 42
50400, 11470, 0, -249, 3, 69
50400, 12270, 0, -258, 4, 92
50400, 13070, 0, -235, 4, 112
50400, 13870, 0, -213, 3, 126
50400, 14670, 0, -186, 3, 135
50400, 15470, 0, -151, 1, 136
50400, 16270, 0, -110, -2, 131
50400, 17070, 0, -66, -5, 119
50400, 17870, 0, -31, -7, 104
50400, 18670, 0, -7, -9, 90
50400, 19470, 0, 3, -12, 83
50400, 20270, 0, -4, -17, 85
50400, 21070, 0, -26, -21, 97
50400, 21870, 0, -47, -24, 112
50400, 22670, 0, -50, -28, 127
50400, 23470, 0, -36, -28, 137
50400, 24270, 0, -14, -28, 144
50400, 25070, 0, 20, -30, 145
50400, 25870, 0, 59, -35, 145
50400, 26670, 0, 98, -40, 138
50400, 27470, 0, 129, -43, 128
50400, 28270, 0, 160, -44, 110
50400, 29070, 0, 196, -43, 84
50400, 29870, 0, 234, -42, 52
50400, 30670, 0, 266, -41, 24
50400, 31470, 0, 270, -40, -1
50400, 32270, 0, 256, -40, -23
50400, 33070, 0, 248, -40, -49
50400, 33870, 0, 250, -39, -79
50400, 34670, 0, 259, -40, -101
50400, 35470, 0, 240, -42, -106
50670, 36000, 0, 191, -48, -105
51470, 36000, 0, 197, -63, -103
52270, 36000, 0, 200, -77, -101
52800, 35730, 0, 197, -84, -99
52800, 34930, 0, 267, -89, -103
52800, 34130, 0, 294, -93, -98
52800, 33330, 0, 286, -95, -76
52800, 32530, 0, 285, -96, -46
52800, 31730, 0, 294, -97, -20
52800, 30930, 0, 306, -96, 2
52800, 30130, 0, 298, -94, 27
52800, 29330, 0, 261, -87, 55
52800, 28530, 0, 214, -79, 84
52800, 27730, 0, 164, -70, 108
52800, 26930, 0, 120, -61, 126
52800, 26130, 0, 84, -51, 135
52800, 25330, 0, 58, -43, 138
52800, 24530, 0, 26, -34, 138
52800, 23730, 0, -5, -27, 135
52800, 22930, 0, -39, -20, 131
52800, 22130, 0, -64, -15, 123
52800, 21330, 0, -65, -12, 111
52800, 20530, 0, -44, -10, 96
52800, 19730, 0, -21, -7, 83
52800, 18930, 0, -10, -2, 78
52800, 18130, 0, -15, 3, 85
52800, 17330, 0, -46, 11, 97
52800, 16530, 0, -87, 20, 112
52800, 15730, 0, -124, 29, 123
52800, 14930, 0, -153, 37, 128
52800, 14130, 0, -194, 45, 126
52800, 13330, 0, -229, 51, 119
52800, 12530, 0, -257, 55, 108
52800, 11730, 0, -282, 57, 90
52800, 10930, 0, -270, 57, 67
52800, 10130, 0, -249, 54, 42
52800, 9330, 0, -244, 53, 20
52800, 8530, 0, -248, 50, 4
52800, 7730, 0, -262, 49, -8
52800, 6930, 0, -279, 46, -23
52800, 6130, 0, -214, 42, -47
52800, 5330, 0, -133, 35, -78
52800, 4530, 0, -97, 29, -96
52800, 3730, 0, -74, 25, -97
52800, 2930, 0, -61, 21, -90
52800, 2130, 0, -50, 17, -82
52800, 1330, 0, -42, 16, -75
52800, 530, 0, -37, 12, -69
53070, 0, 0, -34, 11, -64
53870, 0, 0, -32, 11, -63
54670, 0, 0, -32, 12, -60
55200, 270, 0, -32, 13, -58
55200, 1070, 0, -34, 15, -62
55200, 1870, 0, -40, 18, -67
55200, 2670, 0, -46, 22, -73
55200, 3470, 0, -55, 27, -79
55200, 4270, 0, -67, 33, -85
55200, 5070, 0, -85, 41, -85
55200, 5870, 0, -117, 51, -71
55200, 6670, 0, -180, 63, -48
55200, 7470, 0, -261, 75, -26
55200, 8270, 0, -266, 83, -8
55200, 9070, 0, -255, 87, 5
55200, 9870, 0, -251, 89, 19
55200, 10670, 0, -248, 89, 35
55200, 11470, 0, -250, 89, 56
55200, 12270, 0, -256, 89, 74
55200, 13070, 0, -245, 85, 89
55200, 13870, 0, -219, 78, 100
55200, 14670, 0, -186, 69, 106
55200, 15470, 0, -153, 59, 109
55200, 16270, 0, -127, 49, 107
55200, 17070, 0, -91, 36, 99
55200, 17870, 0, -56, 24, 90
55200, 18670, 0, -28, 13, 81
55200, 19470, 0, -18, 6, 75
55200, 20270, 0, -23, 1, 78
55200, 21070, 0, -41, -2, 85
55200, 21870, 0, -62, -4, 97
55200, 22670, 0, -66, -8, 106
55200, 23470, 0, -43, -15, 112
55200, 24270, 0, -13, -23, 115
55200, 25070, 0, 12, -33, 117
55200, 25870, 0, 27, -43, 118
55200, 26670, 0, 45, -54, 115
55200, 27470, 0, 73, -65, 109
55200, 28270, 0, 112, -78, 95
55200, 29070, 0, 150, -90, 77
55200, 29870, 0, 185, -100, 56
55200, 30670, 0, 213, -109, 33
55200, 31470, 0, 231, -116, 11
55200, 32270, 0, 237, -118, -10
55200, 33070, 0, 235, -120, -30
55200, 33870, 0, 231, -119, -53
55200, 34670, 0, 228, -115, -74
55200, 35470, 0, 208, -108, -82
55470, 36000, 0, 160, -102, -81
56270, 36000, 0, 127, -100, -73
57070, 36000, 0, 104, -97, -67
57600, 35730, 0, 92, -94, -63
57600, 34930, 0, 105, -100, -60
57600, 34130, 0, 117, -106, -53
57600, 33330, 0, 121, -109, -39
57600, 32530, 0, 124, -110, -22
57600, 31730, 0, 123, -108, -5
57600, 30930, 0, 118, -104, 14
57600, 30130, 0, 109, -98, 32
57600, 29330, 0, 93, -90, 52
57600, 28530, 0, 76, -79, 68
57600, 27730, 0, 58, -70, 82
57600, 26930, 0, 41, -59, 92
57600, 26130, 0, 26, -48, 97
57600, 25330, 0, 12, -37, 100
57600, 24530, 0, 1, -30, 100
57600, 23730, 0, -10, -21, 99
57600, 22930, 0, -20, -14, 96
57600, 22130, 0, -28, -7, 92
57600, 21330, 0, -30, -2, 85
57600, 20530, 0, -27, 1, 79
57600, 19730, 0, -24, 5, 74
57600, 18930, 0, -24, 10, 72
57600, 18130, 0, -28, 16, 74
57600, 17330, 0, -37, 26, 79
57600, 16530, 0, -50, 35, 84
57600, 15730, 0, -64, 45, 88
57600, 14930, 0, -79, 55, 88
57600, 14130, 0, -94, 64, 86
57600, 13330, 0, -108, 72, 81
57600, 12530, 0, -120, 78, 73
57600, 11730, 0, -129, 83, 61
57600, 10930, 0, -132, 85, 47
57600, 10130, 0, -135, 86, 32
57600, 9330, 0, -137, 84, 18
57600, 8530, 0, -139, 82, 5
57600, 7730, 0, -137, 78, -9
57600, 6930, 0, -129, 71, -24
57600, 6130, 0, -109, 61, -41
57600, 5330, 0, -87, 52, -56
57600, 4530, 0, -70, 43, -65
57600, 3730, 0, -58, 36, -68
57600, 2930, 0, -48, 29, -66
57600, 2130, 0, -41, 24, -62
57600, 1330, 0, -35, 20, -58
57600, 530, 0, -31, 17, -55
57600, 147, 123, -29, 13, -49
57600, 947, 123, -32, 15, -52
57600, 1747, 123, -36, 18, -55
57600, 2547, 123, -41, 22, -56
57600, 3347, 123, -47, 27, -60
57600, 4147, 123, -56, 32, -60
57600, 4947, 123, -66, 38, -58
57600, 5747, 123, -82, 45, -50
57600, 6547, 123, -101, 53, -39
57600, 7347, 123, -119, 60, -24
57600, 8147, 123, -129, 66, -11
57600, 8947, 123, -133, 70, 1
57600, 9747, 123, -133, 72, 14
57600, 10547, 123, -132, 73, 27
57600, 11347, 123, -130, 73, 40
57600, 12147, 123, -126, 71, 52
57600, 12947, 123, -120, 68, 64
57600, 13747, 123, -111, 63, 72
57600, 14547, 123, -98, 57, 78
57600, 15347, 123, -84, 49, 81
57600, 16147, 123, -69, 41, 81
57600, 16947, 123, -56, 32, 80
57600, 17747, 123, -43, 24, 76
57600, 18547, 123, -33, 16, 72
57600, 19347, 123, -27, 9, 71
57600, 20147, 123, -25, 5, 71
57600, 20947, 123, -25, -1, 75
57600, 21747, 123, -27, -5, 80
57600, 22547, 123, -25, -10, 84
57600, 23347, 123, -18, -15, 88
57600, 24147, 123, -8, -22, 91
57600, 24947, 123, 3, -29, 92
57600, 25747, 123, 15, -38, 91
57600, 26547, 123, 30, -46, 89
57600, 27347, 123, 43, -56, 81
57600, 28147, 123, 60, -65, 71
57600, 28947, 123, 77, -74, 58
57600, 29747, 123, 94, -83, 43
57600, 30547, 123, 106, -90, 27
57600, 31347, 123, 114, -94, 11
57600, 32147, 123, 119, -98, -5
57600, 32947, 123, 119, -98, -21
57600, 33747, 123, 116, -98, -35
57600, 34547, 123, 110, -94, -47
57600, 35347, 123, 99, -90, -54
57453, 36000, 123, 86, -84, -56
56653, 36000, 123, 99, -86, -60
55853, 36000, 123, 118, -87, -66
55200, 35853, 123, 134, -88, -72
55200, 35053, 123, 162, -93, -72
55200, 34253, 123, 190, -98, -68
55200, 33453, 123, 201, -103, -56
55200, 32653, 123, 206, -105, -36
55200, 31853, 123, 208, -105, -16
55200, 31053, 123, 207, -103, 3
55200, 30253, 123, 196, -99, 25
55200, 29453, 123, 175, -92, 46
55200, 28653, 123, 146, -82, 65
55200, 27853, 123, 114, -72, 83
55200, 27053, 123, 82, -62, 98
55200, 26253, 123, 54, -52, 105
55200, 25453, 123, 35, -43, 109
55200, 24653, 123, 18, -34, 110
55200, 23853, 123, -1, -25, 109
55200, 23053, 123, -23, -17, 106
55200, 22253, 123, -42, -11, 102
55200, 21453, 123, -49, -7, 96
55200, 20653, 123, -41, -3, 87
55200, 19853, 123, -28, 0, 79
55200, 19053, 123, -23, 4, 75
55200, 18253, 123, -29, 11, 78
55200, 17453, 123, -48, 19, 84
55200, 16653, 123, -73, 28, 92
55200, 15853, 123, -102, 38, 98
55200, 15053, 123, -128, 48, 100
55200, 14253, 123, -154, 57, 98
55200, 13453, 123, -181, 65, 92
55200, 12653, 123, -201, 71, 83
55200, 11853, 123, -214, 75, 70
55200, 11053, 123, -216, 76, 54
55200, 10253, 123, -213, 76, 37
55200, 9453, 123, -214, 75, 21
55200, 8653, 123, -216, 73, 6
55200, 7853, 123, -219, 69, -8
55200, 7053, 123, -211, 64, -23
55200, 6253, 123, -165, 55, -41
55200, 5453, 123, -116, 45, -60
55200, 4653, 123, -88, 37, -72
55200, 3853, 123, -69, 31, -74
55200, 3053, 123, -56, 25, -72
55200, 2253, 123, -47, 21, -68
55200, 1453, 123, -40, 18, -63
55200, 653, 123, -35, 14, -59
55053, 0, 123, -32, 12, -56
54253, 0, 123, -32, 11, -57
53453, 0, 123, -33, 10, -58
52800, 147, 123, -33, 9, -60
52800, 947, 123, -36, 11, -63
52800, 1747, 123, -42, 14, -67
52800, 2547, 123, -49, 16, -73
52800, 3347, 123, -58, 19, -78
52800, 4147, 123, -69, 22, -83
52800, 4947, 123, -87, 27, -83
52800, 5747, 123, -116, 33, -73
52800, 6547, 123, -164, 38, -53
52800, 7347, 123, -224, 43, -32
52800, 8147, 123, -240, 47, -14
52800, 8947, 123, -234, 49, 0
52800, 9747, 123, -230, 51, 14
52800, 10547, 123, -231, 52, 31
52800, 11347, 123, -239, 54, 51
52800, 12147, 123, -249, 54, 71
52800, 12947, 123, -242, 53, 88
52800, 13747, 123, -221, 50, 101
52800, 14547, 123, -193, 44, 109
52800, 15347, 123, -161, 38, 113
52800, 16147, 123, -131, 30, 113
52800, 16947, 123, -100, 22, 107
52800, 17747, 123, -67, 14, 98
52800, 18547, 123, -37, 6, 87
52800, 19347, 123, -22, 0, 81
52800, 20147, 123, -20, -4, 80
52800, 20947, 123, -31, -8, 86
52800, 21747, 123, -47, -11, 97
52800, 22547, 123, -54, -14, 108
52800, 23347, 123, -41, -18, 117
52800, 24147, 123, -17, -24, 120
52800, 24947, 123, 11, -31, 122
52800, 25747, 123, 38, -38, 123
52800, 26547, 123, 62, -45, 121
52800, 27347, 123, 92, -54, 113
52800, 28147, 123, 128, -62, 101
52800, 28947, 123, 169, -70, 82
52800, 29747, 123, 209, -78, 60
52800, 30547, 123, 241, -84, 35
52800, 31347, 123, 259, -87, 13
52800, 32147, 123, 260, -89, -9
52800, 32947, 123, 255, -90, -30
52800, 33747, 123, 251, -89, -54
52800, 34547, 123, 249, -87, -75
52800, 35347, 123, 234, -84, -85
52653, 36000, 123, 196, -77, -87
51853, 36000, 123, 197, -68, -89
51053, 36000, 123, 194, -54, -92
50400, 35853, 123, 191, -46, -93
50400, 35053, 123, 217, -45, -92
50400, 34253, 123, 233, -44, -84
50400, 33453, 123, 234, -43, -63
50400, 32653, 123, 236, -43, -38
50400, 31853, 123, 243, -42, -16
50400, 31053, 123, 248, -43, 5
50400, 30253, 123, 238, -42, 29
50400, 29453, 123, 210, -42, 56
50400, 28653, 123, 176, -42, 82
50400, 27853, 123, 144, -41, 104
50400, 27053, 123, 113, -39, 119
50400, 26253, 123, 83, -35, 129
50400, 25453, 123, 48, -31, 134
50400, 24653, 123, 16, -28, 135
50400, 23853, 123, -12, -25, 133
50400, 23053, 123, -30, -24, 126
50400, 22253, 123, -40, -23, 118
50400, 21453, 123, -37, -21, 106
50400, 20653, 123, -24, -17, 94
50400, 19853, 123, -10, -13, 86
50400, 19053, 123, -8, -10, 85
50400, 18253, 123, -18, -6, 91
50400, 17453, 123, -41, -4, 102
50400, 16653, 123, -71, -1, 113
50400, 15853, 123, -107, 2, 121
50400, 15053, 123, -141, 5, 125
50400, 14253, 123, -172, 7, 123
50400, 13453, 123, -198, 8, 115
50400, 12653, 123, -219, 8, 103
50400, 11853, 123, -235, 9, 86
50400, 11053, 123, -228, 8, 63
50400, 10253, 123, -211, 8, 40
50400, 9453, 123, -208, 7, 19
50400, 8653, 123, -210, 6, 4
50400, 7853, 123, -218, 7, -9
50400, 7053, 123, -218, 7, -25
50400, 6253, 123, -178, 10, -46
50400, 5453, 123, -128, 13, -70
50400, 4653, 123, -98, 14, -84
50400, 3853, 123, -78, 13, -87
50400, 3053, 123, -63, 11, -83
50400, 2253, 123, -53, 10, -78
50400, 1453, 123, -45, 9, -73
50400, 653, 123, -39, 7, -67
50253, 0, 123, -35, 7, -63
49453, 0, 123, -35, 5, -64
48653, 0, 123, -35, 4, -64
48000, 147, 123, -36, 2, -64
48000, 947, 123, -39, 3, -68
48000, 1747, 123, -45, 4, -73
48000, 2547, 123, -52, 5, -79
48000, 3347, 123, -61, 5, -83
48000, 4147, 123, -73, 4, -87
48000, 4947, 123, -89, 3, -86
48000, 5747, 123, -113, 0, -75
48000, 6547, 123, -151, -4, -55
48000, 7347, 123, -196, -10, -33
48000, 8147, 123, -207, -15, -15
48000, 8947, 123, -201, -16, -1
48000, 9747, 123, -196, -17, 11
48000, 10547, 123, -197, -17, 29
48000, 11347, 123, -210, -17, 53
48000, 12147, 123, -227, -17, 77
48000, 12947, 123, -223, -17, 97
48000, 13747, 123, -205, -17, 113
48000, 14547, 123, -180, -16, 125
48000, 15347, 123, -151, -15, 130
48000, 16147, 123, -118, -15, 129
48000, 16947, 123, -81, -15, 123
48000, 17747, 123, -47, -15, 111
48000, 18547, 123, -20, -15, 99
48000, 19347, 123, -3, -16, 90
48000, 20147, 123, 1, -18, 87
48000, 20947, 123, -9, -21, 92
48000, 21747, 123, -26, -24, 104
48000, 22547, 123, -36, -26, 115
48000, 23347, 123, -33, -26, 126
48000, 24147, 123, -18, -26, 134
48000, 24947, 123, 4, -25, 138
48000, 25747, 123, 33, -24, 138
48000, 26547, 123, 65, -24, 134
48000, 27347, 123, 97, -24, 124
48000, 28147, 123, 129, -23, 109
48000, 28947, 123, 162, -20, 88
48000, 29747, 123, 195, -20, 62
48000, 30547, 123, 224, -17, 36
48000, 31347, 123, 238, -15, 11
48000, 32147, 123, 231, -14, -10
48000, 32947, 123, 222, -14, -33
48000, 33747, 123, 218, -13, -56
48000, 34547, 123, 218, -13, -79
48000, 35347, 123, 209, -16, -92
47853, 36000, 123, 179, -18, -94
47053, 36000, 123, 175, -13, -94
46253, 36000, 123, 173, -8, -93
45600, 35853, 123, 171, -5, -93
45600, 35053, 123, 193, -2, -92
45600, 34253, 123, 207, 1, -83
45600, 33453, 123, 206, 3, -63
45600, 32653, 123, 209, 4, -39
45600, 31853, 123, 219, 4, -17
45600, 31053, 123, 231, 3, 3
45600, 30253, 123, 225, 2, 27
45600, 29453, 123, 201, -2, 55
45600, 28653, 123, 168, -4, 83
45600, 27853, 123, 130, -7, 107
45600, 27053, 123, 95, -9, 125
45600, 26253, 123, 64, -13, 135
45600, 25453, 123, 35, -16, 141
45600, 24653, 123, 8, -19, 141
45600, 23853, 123, -13, -23, 138
45600, 23053, 123, -29, -24, 131
45600, 22253, 123, -35, -24, 121
45600, 21453, 123, -28, -23, 109
45600, 20653, 123, -10, -21, 97
45600, 19853, 123, 4, -18, 90
45600, 19053, 123, 6, -17, 90
45600, 18253, 123, -8, -17, 98
45600, 17453, 123, -32, -17, 110
45600, 16653, 123, -64, -19, 122
45600, 15853, 123, -100, -22, 130
45600, 15053, 123, -136, -24, 134
45600, 14253, 123, -166, -27, 132
45600, 13453, 123, -195, -29, 123
45600, 12653, 123, -215, -31, 109
45600, 11853, 123, -223, -32, 88
45600, 11053, 123, -208, -31, 62
45600, 10253, 123, -193, -30, 39
45600, 9453, 123, -188, -29, 19
45600, 8653, 123, -190, -29, 4
45600, 7853, 123, -198, -27, -9
45600, 7053, 123, -197, -24, -25
45600, 6253, 123, -162, -19, -44
45600, 5453, 123, -121, -13, -67
45600, 4653, 123, -95, -8, -80
45600, 3853, 123, -77, -5, -85
45600, 3053, 123, -64, -3, -84
45600, 2253, 123, -55, -1, -80
45600, 1453, 123, -47, -1, -75
45600, 653, 123, -41, -1, -70
45453, 0, 123, -37, -1, -66
44653, 0, 123, -36, -2, -66
43853, 0, 123, -37, -3, -66
43200, 147, 123, -37, -2, -66
43200, 947, 123, -40, -4, -69
43200, 1747, 123, -46, -4, -73
43200, 2547, 123, -52, -5, -78
43200, 3347, 123, -61, -6, -83
43200, 4147, 123, -72, -8, -84
43200, 4947, 123, -87, -12, -83
43200, 5747, 123, -108, -15, -71
43200, 6547, 123, -142, -21, -52
43200, 7347, 123, -183, -27, -30
43200, 8147, 123, -195, -31, -14
43200, 8947, 123, -188, -33, 1
43200, 9747, 123, -185, -35, 15
43200, 10547, 123, -186, -37, 32
43200, 11347, 123, -194, -39, 53
43200, 12147, 123, -210, -42, 78
43200, 12947, 123, -220, -42, 100
43200, 13747, 123, -207, -41, 117
43200, 14547, 123, -183, -38, 129
43200, 15347, 123, -151, -35, 134
43200, 16147, 123, -114, -32, 133
43200, 16947, 123, -78, -28, 127
43200, 17747, 123, -45, -24, 116
43200, 18547, 123, -18, -21, 105
43200, 19347, 123, 0, -19, 95
43200, 20147, 123, 6, -19, 91
43200, 20947, 123, -2, -20, 95
43200, 21747, 123, -19, -22, 104
43200, 22547, 123, -32, -24, 116
43200, 23347, 123, -32, -25, 127
43200, 24147, 123, -19, -24, 135
43200, 24947, 123, 2, -22, 139
43200, 25747, 123, 28, -18, 140
43200, 26547, 123, 55, -14, 137
43200, 27347, 123, 86, -10, 128
43200, 28147, 123, 120, -5, 113
43200, 28947, 123, 152, -1, 93
43200, 29747, 123, 189, 3, 65
43200, 30547, 123, 218, 7, 36
43200, 31347, 123, 227, 9, 12
43200, 32147, 123, 218, 11, -8
43200, 32947, 123, 207, 11, -28
43200, 33747, 123, 200, 11, -50
43200, 34547, 123, 199, 9, -72
43200, 35347, 123, 196, 7, -87
43053, 36000, 123, 173, 4, -91
42253, 36000, 123, 171, 5, -89
41453, 36000, 123, 169, 7, -90
40800, 35853, 123, 165, 8, -90
40800, 35053, 123, 186, 10, -88
40800, 34253, 123, 198, 13, -75
40800, 33453, 123, 198, 15, -57
40800, 32653, 123, 201, 17, -34
40800, 31853, 123, 211, 19, -12
40800, 31053, 123, 225, 19, 8
40800, 30253, 123, 229, 17, 30
40800, 29453, 123, 209, 13, 57
40800, 28653, 123, 168, 8, 85
40800, 27853, 123, 132, 2, 109
40800, 27053, 123, 98, -3, 125
40800, 26253, 123, 68, -10, 136
40800, 25453, 123, 41, -15, 139
40800, 24653, 123, 16, -17, 138
40800, 23853, 123, -8, -21, 135
40800, 23053, 123, -25, -23, 129
40800, 22253, 123, -30, -23, 120
40800, 21453, 123, -23, -21, 110
40800, 20653, 123, -9, -18, 100
40800, 19853, 123, 2, -17, 94
40800, 19053, 123, -1, -17, 95
40800, 18253, 123, -14, -19, 102
40800, 17453, 123, -40, -24, 113
40800, 16653, 123, -70, -30, 123
40800, 15853, 123, -101, -36, 129
40800, 15053, 123, -134, -43, 131
40800, 14253, 123, -164, -47, 128
40800, 13453, 123, -190, -50, 120
40800, 12653, 123, -208, -52, 106
40800, 11853, 123, -210, -51, 88
40800, 11053, 123, -198, -47, 67
40800, 10253, 123, -188, -43, 45
40800, 9453, 123, -184, -40, 27
40800, 8653, 123, -185, -39, 11
40800, 7853, 123, -191, -37, -5
40800, 7053, 123, -189, -33, -21
40800, 6253, 123, -152, -28, -43
40800, 5453, 123, -115, -22, -64
40800, 4653, 123, -91, -18, -78
40800, 3853, 123, -75, -14, -82
40800, 3053, 123, -63, -11, -81
40800, 2253, 123, -54, -9, -78
40800, 1453, 123, -47, -8, -74
40800, 653, 123, -41, -7, -69
40653, 0, 123, -37, -7, -65
39853, 0, 123, -38, -8, -66
39053, 0, 123, -35, -8, -66
38400, 147, 123, -37, -9, -66
38400, 947, 123, -41, -9, -69
38400, 1747, 123, -45, -10, -73
38400, 2547, 123, -52, -11, -76
38400, 3347, 123, -60, -12, -80
38400, 4147, 123, -70, -16, -81
38400, 4947, 123, -84, -19, -79
38400, 5747, 123, -103, -23, -69
38400, 6547, 123, -134, -28, -48
38400, 7347, 123, -176, -34, -27
38400, 8147, 123, -191, -38, -8
38400, 8947, 123, -186, -41, 9
38400, 9747, 123, -184, -43, 28
38400, 10547, 123, -187, -47, 46
38400, 11347, 123, -189, -51, 65
38400, 12147, 123, -188, -58, 83
38400, 12947, 123, -181, -64, 98
38400, 13747, 123, -165, -66, 110
38400, 14547, 123, -146, -65, 118
38400, 15347, 123, -127, -59, 123
38400, 16147, 123, -105, -50, 123
38400, 16947, 123, -80, -42, 121
38400, 17747, 123, -56, -33, 113
38400, 18547, 123, -29, -26, 105
38400, 19347, 123, -12, -22, 99
38400, 20147, 123, -6, -19, 96
38400, 20947, 123, -9, -19, 99
38400, 21747, 123, -17, -22, 106
38400, 22547, 123, -23, -24, 115
38400, 23347, 123, -19, -25, 123
38400, 24147, 123, -5, -23, 129
38400, 24947, 123, 18, -20, 132
38400, 25747, 123, 41, -14, 133
38400, 26547, 123, 64, -8, 131
38400, 27347, 123, 93, 0, 123
38400, 28147, 123, 125, 7, 109
38400, 28947, 123, 159, 14, 88
38400, 29747, 123, 190, 20, 65
38400, 30547, 123, 213, 24, 39
38400, 31347, 123, 216, 25, 15
38400, 32147, 123, 208, 24, -7
38400, 32947, 123, 199, 21, -30
38400, 33747, 123, 195, 18, -53
38400, 34547, 123, 194, 17, -73
38400, 35347, 123, 185, 13, -86
38253, 36000, 123, 155, 10, -88
37453, 36000, 123, 154, 11, -88
36653, 36000, 123, 153, 12, -88
36000, 35853, 123, 153, 12, -88
36000, 35053, 123, 175, 15, -86
36000, 34253, 123, 192, 18, -78
36000, 33453, 123, 194, 21, -60
36000, 32653, 123, 197, 24, -36
36000, 31853, 123, 205, 31, -12
36000, 31053, 123, 199, 35, 12
36000, 30253, 123, 170, 39, 38
36000, 29453, 123, 142, 39, 65
36000, 28653, 123, 118, 33, 86
36000, 27853, 123, 95, 25, 104
36000, 27053, 123, 74, 16, 115
36000, 26253, 123, 56, 6, 122
36000, 25453, 123, 40, -3, 125
36000, 24653, 123, 25, -11, 125
36000, 23853, 123, 11, -18, 123
36000, 23053, 123, 1, -22, 119
36000, 22253, 123, -5, -24, 115
36000, 21453, 123, -8, -23, 109
36000, 20653, 123, -9, -21, 104
36000, 19853, 123, -10, -20, 100
36000, 19053, 123, -13, -21, 99
36000, 18253, 123, -20, -26, 101
36000, 17453, 123, -31, -33, 106
36000, 16653, 123, -42, -44, 110
36000, 15853, 123, -57, -54, 113
36000, 15053, 123, -71, -63, 114
36000, 14253, 123, -84, -71, 113
36000, 13453, 123, -98, -75, 108
36000, 12653, 123, -114, -75, 102
36000, 11853, 123, -135, -69, 94
36000, 11053, 123, -165, -61, 84
36000, 10253, 123, -188, -53, 69
36000, 9453, 123, -186, -47, 51
36000, 8653, 123, -184, -44, 28
36000, 7853, 123, -188, -42, 7
36000, 7053, 123, -186, -38, -14
36000, 6253, 123, -150, -33, -36
36000, 5453, 123, -113, -28, -60
36000, 4653, 123, -90, -23, -74
36000, 3853, 123, -74, -20, -79
36000, 3053, 123, -63, -16, -79
36000, 2253, 123, -54, -15, -75
36000, 1453, 123, -47, -13, -73
36000, 653, 123, -42, -12, -69
35853, 0, 123, -37, -11, -65
35053, 0, 123, -37, -12, -65
34253, 0, 123, -37, -13, -65
33600, 147, 123, -37, -13, -65
33600, 947, 123, -40, -14, -68
33600, 1747, 123, -46, -14, -71
33600, 2547, 123, -52, -16, -75
33600, 3347, 123, -60, -18, -78
33600, 4147, 123, -70, -20, -79
33600, 4947, 123, -83, -23, -77
33600, 5747, 123, -103, -27, -65
33600, 6547, 123, -134, -32, -45
33600, 7347, 123, -175, -37, -21
33600, 8147, 123, -189, -41, 1
33600, 8947, 123, -185, -44, 24
33600, 9747, 123, -186, -46, 48
33600, 10547, 123, -191, -50, 70
33600, 11347, 123, -179, -56, 85
33600, 12147, 123, -139, -61, 93
33600, 12947, 123, -109, -66, 98
33600, 13747, 123, -89, -68, 102
33600, 14547, 123, -74, -67, 105
33600, 15347, 123, -62, -63, 107
33600, 16147, 123, -51, -57, 107
33600, 16947, 123, -42, -49, 106
33600, 17747, 123, -32, -41, 104
33600, 18547, 123, -24, -33, 101
33600, 19347, 123, -17, -27, 100
33600, 20147, 123, -12, -24, 99
33600, 20947, 123, -9, -23, 101
33600, 21747, 123, -6, -23, 104
33600, 22547, 123, -2, -24, 108
33600, 23347, 123, 4, -22, 112
33600, 24147, 123, 10, -19, 115
33600, 24947, 123, 20, -13, 117
33600, 25747, 123, 30, -6, 117
33600, 26547, 123, 42, 3, 117
33600, 27347, 123, 55, 12, 114
33600, 28147, 123, 70, 21, 108
33600, 28947, 123, 88, 29, 98
33600, 29747, 123, 110, 35, 80
33600, 30547, 123, 142, 37, 55
33600, 31347, 123, 181, 35, 26
33600, 32147, 123, 205, 31, 0
33600, 32947, 123, 200, 26, -25
33600, 33747, 123, 193, 23, -49
33600, 34547, 123, 191, 21, -70
33600, 35347, 123, 182, 18, -83
33453, 36000, 123, 153, 14, -86
32653, 36000, 123, 152, 14, -86
31853, 36000, 123, 152, 15, -86
31200, 35853, 123, 153, 15, -86
31200, 35053, 123, 175, 17, -84
31200, 34253, 123, 191, 21, -76
31200, 33453, 123, 193, 23, -57
31200, 32653, 123, 199, 25, -33
31200, 31853, 123, 207, 28, -7
31200, 31053, 123, 197, 29, 21
31200, 30253, 123, 154, 29, 48
31200, 29453, 123, 115, 27, 77
31200, 28653, 123, 89, 23, 96
31200, 27853, 123, 70, 18, 106
31200, 27053, 123, 56, 12, 111
31200, 26253, 123, 44, 5, 113
31200, 25453, 123, 34, -1, 113
31200, 24653, 123, 25, -8, 112
31200, 23853, 123, 17, -12, 111
31200, 23053, 123, 11, -16, 109
31200, 22253, 123, 5, -19, 106
31200, 21453, 123, 1, -20, 103
31200, 20653, 123, -5, -20, 101
31200, 19853, 123, -9, -22, 99
31200, 19053, 123, -13, -24, 99
31200, 18253, 123, -19, -27, 100
31200, 17453, 123, -25, -32, 100
31200, 16653, 123, -32, -37, 101
31200, 15853, 123, -40, -43, 102
31200, 15053, 123, -49, -47, 103
31200, 14253, 123, -60, -50, 103
31200, 13453, 123, -73, -52, 102
31200, 12653, 123, -90, -51, 101
31200, 11853, 123, -118, -52, 99
31200, 11053, 123, -161, -50, 95
31200, 10253, 123, -193, -49, 85
31200, 9453, 123, -191, -46, 65
31200, 8653, 123, -187, -45, 40
31200, 7853, 123, -188, -43, 14
31200, 7053, 123, -185, -40, -9
31200, 6253, 123, -150, -35, -34
31200, 5453, 123, -112, -30, -57
31200, 4653, 123, -89, -26, -72
31200, 3853, 123, -74, -24, -78
31200, 3053, 123, -63, -21, -77
31200, 2253, 123, -54, -19, -75
31200, 1453, 123, -47, -17, -71
31200, 653, 123, -41, -16, -68
31053, 0, 123, -37, -15, -65
30253, 0, 123, -37, -16, -65
29453, 0, 123, -37, -16, -65
28800, 147, 123, -38, -17, -65
28800, 947, 123, -40, -17, -67
28800, 1747, 123, -46, -18, -71
28800, 2547, 123, -52, -19, -74
28800, 3347, 123, -60, -21, -77
28800, 4147, 123, -70, -23, -78
28800, 4947, 123, -83, -26, -75
28800, 5747, 123, -102, -28, -63
28800, 6547, 123, -135, -34, -42
28800, 7347, 123, -175, -38, -18
28800, 8147, 123, -190, -42, 5
28800, 8947, 123, -187, -44, 31
28800, 9747, 123, -189, -45, 58
28800, 10547, 123, -197, -47, 81
28800, 11347, 123, -183, -48, 94
28800, 12147, 123, -137, -47, 99
28800, 12947, 123, -102, -46, 101
28800, 13747, 123, -80, -45, 101
28800, 14547, 123, -65, -43, 100
28800, 15347, 123, -53, -41, 100
28800, 16147, 123, -43, -39, 100
28800, 16947, 123, -35, -36, 99
28800, 17747, 123, -29, -32, 99
28800, 18547, 123, -23, -29, 98
28800, 19347, 123, -17, -25, 98
28800, 20147, 123, -11, -23, 98
28800, 20947, 123, -6, -22, 99
28800, 21747, 123, -1, -20, 100
28800, 22547, 123, 3, -19, 102
28800, 23347, 123, 9, -16, 104
28800, 24147, 123, 15, -13, 106
28800, 24947, 123, 23, -10, 108
28800, 25747, 123, 30, -4, 109
28800, 26547, 123, 40, -1, 111
28800, 27347, 123, 51, 3, 110
28800, 28147, 123, 64, 8, 108
28800, 28947, 123, 81, 13, 101
28800, 29747, 123, 104, 16, 85
28800, 30547, 123, 137, 20, 60
28800, 31347, 123, 183, 23, 30
28800, 32147, 123, 207, 25, 2
28800, 32947, 123, 201, 24, -23
28800, 33747, 123, 194, 23, -48
28800, 34547, 123, 191, 21, -70
28800, 35347, 123, 181, 19, -82
28653, 36000, 123, 151, 16, -85
27853, 36000, 123, 152, 16, -85
27053, 36000, 123, 152, 17, -85
26400, 35853, 123, 153, 17, -85
26400, 35053, 123, 176, 19, -84
26400, 34253, 123, 191, 21, -75
26400, 33453, 123, 194, 23, -55
26400, 32653, 123, 201, 24, -30
26400, 31853, 123, 210, 26, -4
26400, 31053, 123, 198, 23, 23
26400, 30253, 123, 151, 19, 53
26400, 29453, 123, 111, 14, 82
26400, 28653, 123, 86, 11, 100
26400, 27853, 123, 68, 7, 108
26400, 27053, 123, 54, 4, 110
26400, 26253, 123, 43, 0, 110
26400, 25453, 123, 34, -4, 108
26400, 24653, 123, 26, -7, 107
26400, 23853, 123, 20, -10, 105
26400, 23053, 123, 13, -12, 103
26400, 22253, 123, 7, -14, 101
26400, 21453, 123, 2, -16, 100
26400, 20653, 123, -3, -18, 98
26400, 19853, 123, -8, -20, 97
26400, 19053, 123, -13, -21, 97
26400, 18253, 123, -18, -24, 96
26400, 17453, 123, -24, -26, 97
26400, 16653, 123, -31, -28, 97
26400, 15853, 123, -38, -31, 98
26400, 15053, 123, -47, -33, 99
26400, 14253, 123, -57, -35, 101
26400, 13453, 123, -70, -37, 102
26400, 12653, 123, -89, -39, 103
26400, 11853, 123, -120, -41, 103
26400, 11053, 123, -166, -42, 100
26400, 10253, 123, -199, -45, 91
26400, 9453, 123, -195, -45, 71
26400, 8653, 123, -189, -44, 43
26400, 7853, 123, -190, -43, 16
26400, 7053, 123, -187, -40, -8
26400, 6253, 123, -150, -36, -32
26400, 5453, 123, -112, -31, -56
26400, 4653, 123, -89, -28, -71
26400, 3853, 123, -73, -26, -77
26400, 3053, 123, -62, -23, -77
26400, 2253, 123, -54, -22, -74
26400, 1453, 123, -47, -20, -71
26400, 653, 123, -41, -19, -67
26253, 0, 123, -37, -18, -64
25453, 0, 123, -37, -18, -63
24653, 0, 123, -37, -19, -64
24000, 147, 123, -37, -20, -64
24000, 947, 123, -40, -20, -66
24000, 1747, 123, -46, -21, -71
24000, 2547, 123, -52, -22, -74
24000, 3347, 123, -60, -24, -77
24000, 4147, 123, -70, -25, -77
24000, 4947, 123, -84, -28, -75
24000, 5747, 123, -104, -31, -63
24000, 6547, 123, -135, -35, -42
24000, 7347, 123, -178, -39, -17
24000, 8147, 123, -193, -42, 7
24000, 8947, 123, -190, -44, 33
24000, 9747, 123, -194, -45, 61
24000, 10547, 123, -202, -45, 86
24000, 11347, 123, -187, -45, 98
24000, 12147, 123, -139, -42, 103
24000, 12947, 123, -102, -39, 103
24000, 13747, 123, -79, -36, 102
24000, 14547, 123, -64, -34, 100
24000, 15347, 123, -51, -32, 99
24000, 16147, 123, -42, -31, 98
24000, 16947, 123, -34, -28, 96
24000, 17747, 123, -28, -27, 95
24000, 18547, 123, -21, -25, 95
24000, 19347, 123, -15, -23, 95
24000, 20147, 123, -10, -21, 95
24000, 20947, 123, -5, -19, 97
24000, 21747, 123, 0, -16, 98
24000, 22547, 123, 5, -15, 99
24000, 23347, 123, 11, -13, 100
24000, 24147, 123, 17, -11, 103
24000, 24947, 123, 24, -9, 104
24000, 25747, 123, 31, -6, 106
24000, 26547, 123, 40, -3, 108
24000, 27347, 123, 50, 1, 109
24000, 28147, 123, 63, 3, 108
24000, 28947, 123, 79, 6, 102
24000, 29747, 123, 102, 10, 88
24000, 30547, 123, 132, 14, 66
24000, 31347, 123, 174, 18, 38
24000, 32147, 123, 208, 21, 11
24000, 32947, 123, 206, 23, -16
24000, 33747, 123, 197, 22, -40
24000, 34547, 123, 193, 22, -63
24000, 35347, 123, 189, 20, -78
23853, 36000, 123, 168, 19, -85
23053, 36000, 123, 169, 19, -84
22253, 36000, 123, 169, 19, -84
21600, 35853, 123, 171, 19, -86
21600, 35053, 123, 188, 20, -83
21600, 34253, 123, 196, 22, -70
21600, 33453, 123, 199, 24, -48
21600, 32653, 123, 207, 24, -22
21600, 31853, 123, 215, 23, 5
21600, 31053, 123, 186, 20, 34
21600, 30253, 123, 137, 15, 64
21600, 29453, 123, 104, 12, 90
21600, 28653, 123, 80, 7, 103
21600, 27853, 123, 64, 4, 109
21600, 27053, 123, 51, 1, 109
21600, 26253, 123, 41, -1, 108
21600, 25453, 123, 32, -4, 106
21600, 24653, 123, 24, -6, 104
21600, 23853, 123, 18, -8, 102
21600, 23053, 123, 13, -10, 100
21600, 22253, 123, 7, -12, 97
21600, 21453, 123, 2, -14, 96
21600, 20653, 123, -3, -16, 96
21600, 19853, 123, -8, -17, 95
21600, 19053, 123, -13, -20, 95
21600, 18253, 123, -19, -21, 94
21600, 17453, 123, -25, -23, 95
21600, 16653, 123, -31, -25, 97
21600, 15853, 123, -39, -26, 97
21600, 15053, 123, -48, -28, 99
21600, 14253, 123, -60, -30, 100
21600, 13453, 123, -74, -32, 103
21600, 12653, 123, -94, -35, 104
21600, 11853, 123, -127, -39, 105
21600, 11053, 123, -179, -42, 103
21600, 10253, 123, -206, -44, 93
21600, 9453, 123, -199, -45, 71
21600, 8653, 123, -194, -44, 42
21600, 7853, 123, -195, -43, 13
21600, 7053, 123, -189, -41, -9
21600, 6253, 123, -148, -37, -35
21600, 5453, 123, -110, -33, -59
21600, 4653, 123, -88, -30, -74
21600, 3853, 123, -73, -27, -78
21600, 3053, 123, -62, -26, -78
21600, 2253, 123, -53, -24, -75
21600, 1453, 123, -46, -23, -71
21600, 653, 123, -40, -21, -67
21453, 0, 123, -37, -21, -64
20653, 0, 123, -37, -21, -64
19853, 0, 123, -37, -22, -64
19200, 147, 123, -37, -23, -65
19200, 947, 123, -40, -23, -67
19200, 1747, 123, -45, -24, -71
19200, 2547, 123, -51, -25, -74
19200, 3347, 123, -59, -27, -77
19200, 4147, 123, -69, -28, -79
19200, 4947, 123, -83, -30, -76
19200, 5747, 123, -102, -32, -66
19200, 6547, 123, -134, -36, -44
19200, 7347, 123, -177, -40, -19
19200, 8147, 123, -198, -43, 5
19200, 8947, 123, -195, -44, 31
19200, 9747, 123, -198, -45, 61
19200, 10547, 123, -207, -45, 87
19200, 11347, 123, -197, -45, 100
19200, 12147, 123, -149, -41, 105
19200, 12947, 123, -108, -38, 105
19200, 13747, 123, -83, -34, 103
19200, 14547, 123, -66, -32, 101
19200, 15347, 123, -53, -29, 98
19200, 16147, 123, -43, -27, 96
19200, 16947, 123, -36, -26, 95
19200, 17747, 123, -28, -24, 94
19200, 18547, 123, -22, -23, 93
19200, 19347, 123, -16, -21, 92
19200, 20147, 123, -11, -18, 92
19200, 20947, 123, -6, -17, 93
19200, 21747, 123, -1, -16, 94
19200, 22547, 123, 5, -13, 95
19200, 23347, 123, 10, -11, 97
19200, 24147, 123, 17, -9, 99
19200, 24947, 123, 23, -7, 101
19200, 25747, 123, 30, -4, 104
19200, 26547, 123, 39, -2, 106
19200, 27347, 123, 48, 0, 107
19200, 28147, 123, 61, 2, 108
19200, 28947, 123, 76, 6, 104
19200, 29747, 123, 96, 9, 94
19200, 30547, 123, 128, 13, 71
19200, 31347, 123, 174, 18, 41
19200, 32147, 123, 212, 22, 11
19200, 32947, 123, 210, 24, -15
19200, 33747, 123, 202, 24, -38
19200, 34547, 123, 197, 23, -62
19200, 35347, 123, 195, 22, -79
19053, 36000, 123, 178, 20, -86
18253, 36000, 123, 180, 21, -86
17453, 36000, 123, 180, 21, -86
16800, 35853, 123, 183, 22, -88
16800, 35053, 123, 198, 23, -84
16800, 34253, 123, 202, 24, -70
16800, 33453, 123, 206, 26, -45
16800, 32653, 123, 216, 26, -17
16800, 31853, 123, 220, 25, 10
16800, 31053, 123, 181, 20, 40
16800, 30253, 123, 132, 16, 71
16800, 29453, 123, 100, 12, 94
16800, 28653, 123, 78, 8, 106
16800, 27853, 123, 62, 5, 109
16800, 27053, 123, 49, 2, 109
16800, 26253, 123, 39, 0, 106
16800, 25453, 123, 31, -2, 103
16800, 24653, 123, 24, -4, 101
16800, 23853, 123, 17, -7, 97
16800, 23053, 123, 11, -9, 97
16800, 22253, 123, 6, -11, 94
16800, 21453, 123, 1, -13, 93
16800, 20653, 123, -4, -15, 92
16800, 19853, 123, -9, -17, 91
16800, 19053, 123, -14, -19, 93
16800, 18253, 123, -20, -20, 93
16800, 17453, 123, -26, -22, 93
16800, 16653, 123, -33, -24, 94
16800, 15853, 123, -42, -26, 96
16800, 15053, 123, -51, -28, 98
16800, 14253, 123, -63, -30, 101
16800, 13453, 123, -80, -33, 104
16800, 12653, 123, -104, -37, 106
16800, 11853, 123, -145, -40, 108
16800, 11053, 123, -199, -44, 104
16800, 10253, 123, -213, -46, 92
16800, 9453, 123, -204, -46, 67
16800, 8653, 123, -200, -46, 36
16800, 7853, 123, -203, -45, 8
16800, 7053, 123, -187, -41, -16
16800, 6253, 123, -140, -38, -43
16800, 5453, 123, -107, -35, -65
16800, 4653, 123, -85, -32, -78
16800, 3853, 123, -71, -29, -80
16800, 3053, 123, -60, -29, -78
16800, 2253, 123, -52, -28, -75
16800, 1453, 123, -44, -26, -71
16800, 653, 123, -39, -25, -67
16653, 0, 123, -34, -24, -62
15853, 0, 123, -35, -25, -62
15053, 0, 123, -35, -26, -63
14400, 147, 123, -35, -26, -63
14400, 947, 123, -38, -26, -66
14400, 1747, 123, -44, -28, -70
14400, 2547, 123, -50, -29, -75
14400, 3347, 123, -58, -31, -79
14400, 4147, 123, -68, -32, -81
14400, 4947, 123, -82, -32, -80
14400, 5747, 123, -102, -36, -71
14400, 6547, 123, -131, -39, -50
14400, 7347, 123, -179, -42, -24
14400, 8147, 123, -206, -45, 1
14400, 8947, 123, -204, -47, 29
14400, 9747, 123, -206, -47, 58
14400, 10547, 123, -214, -47, 86
14400, 11347, 123, -209, -47, 102
14400, 12147, 123, -161, -44, 107
14400, 12947, 123, -116, -40, 106
14400, 13747, 123, -87, -36, 103
14400, 14547, 123, -69, -33, 100
14400, 15347, 123, -55, -31, 98
14400, 16147, 123, -44, -29, 95
14400, 16947, 123, -35, -26, 92
14400, 17747, 123, -28, -24, 91
14400, 18547, 123, -22, -23, 89
14400, 19347, 123, -16, -20, 89
14400, 20147, 123, -11, -18, 89
14400, 20947, 123, -5, -16, 89
14400, 21747, 123, -1, -14, 90
14400, 22547, 123, 4, -12, 92
14400, 23347, 123, 10, -8, 94
14400, 24147, 123, 17, -7, 96
14400, 24947, 123, 22, -5, 98
14400, 25747, 123, 29, -2, 101
14400, 26547, 123, 38, 0, 104
14400, 27347, 123, 47, 3, 107
14400, 28147, 123, 60, 5, 108
14400, 28947, 123, 75, 8, 106
14400, 29747, 123, 95, 11, 97
14400, 30547, 123, 126, 15, 76
14400, 31347, 123, 167, 19, 49
14400, 32147, 123, 214, 24, 18
14400, 32947, 123, 221, 26, -9
14400, 33747, 123, 211, 27, -34
14400, 34547, 123, 205, 26, -60
14400, 35347, 123, 203, 25, -80
14253, 36000, 123, 192, 24, -88
13453, 36000, 123, 193, 25, -89
12653, 36000, 123, 195, 26, -90
12000, 35853, 123, 198, 27, -91
12000, 35053, 123, 211, 28, -87
12000, 34253, 123, 214, 29, -71
12000, 33453, 123, 217, 30, -46
12000, 32653, 123, 227, 30, -17
12000, 31853, 123, 229, 29, 12
12000, 31053, 123, 185, 25, 43
12000, 30253, 123, 133, 20, 76
12000, 29453, 123, 100, 16, 99
12000, 28653, 123, 77, 13, 108
12000, 27853, 123, 61, 9, 110
12000, 27053, 123, 48, 7, 108
12000, 26253, 123, 39, 4, 105
12000, 25453, 123, 29, 1, 101
12000, 24653, 123, 23, -1, 98
12000, 23853, 123, 16, -4, 94
12000, 23053, 123, 11, -6, 92
12000, 22253, 123, 5, -9, 90
12000, 21453, 123, 1, -12, 89
12000, 20653, 123, -4, -14, 87
12000, 19853, 123, -9, -16, 88
12000, 19053, 123, -14, -18, 87
12000, 18253, 123, -20, -21, 87
12000, 17453, 123, -26, -24, 89
12000, 16653, 123, -33, -27, 91
12000, 15853, 123, -41, -29, 93
12000, 15053, 123, -51, -30, 97
12000, 14253, 123, -65, -34, 100
12000, 13453, 123, -82, -36, 104
12000, 12653, 123, -108, -40, 108
12000, 11853, 123, -153, -44, 110
12000, 11053, 123, -210, -48, 108
12000, 10253, 123, -225, -50, 96
12000, 9453, 123, -215, -50, 68
12000, 8653, 123, -210, -50, 37
12000, 7853, 123, -216, -49, 9
12000, 7053, 123, -199, -47, -17
12000, 6253, 123, -146, -43, -45
12000, 5453, 123, -110, -40, -69
12000, 4653, 123, -87, -37, -81
12000, 3853, 123, -72, -36, -83
12000, 3053, 123, -60, -34, -81
12000, 2253, 123, -51, -32, -76
12000, 1453, 123, -44, -31, -71
12000, 653, 123, -38, -29, -66
11853, 0, 123, -34, -27, -62
11053, 0, 123, -34, -29, -62
10253, 0, 123, -34, -30, -62
9600, 147, 123, -35, -31, -61
9600, 947, 123, -37, -31, -65
9600, 1747, 123, -42, -33, -69
9600, 2547, 123, -48, -35, -74
9600, 3347, 123, -57, -36, -79
9600, 4147, 123, -68, -38, -84
9600, 4947, 123, -82, -40, -84
9600, 5747, 123, -104, -43, -76
9600, 6547, 123, -138, -46, -55
9600, 7347, 123, -190, -49, -28
9600, 8147, 123, -223, -52, 0
9600, 8947, 123, -221, -53, 28
9600, 9747, 123, -221, -54, 59
9600, 10547, 123, -230, -54, 88
9600, 11347, 123, -227, -53, 105
9600, 12147, 123, -175, -51, 109
9600, 12947, 123, -123, -46, 107
9600, 13747, 123, -91, -43, 103
9600, 14547, 123, -70, -39, 99
9600, 15347, 123, -55, -35, 94
9600, 16147, 123, -44, -33, 91
9600, 16947, 123, -35, -30, 89
9600, 17747, 123, -28, -27, 86
9600, 18547, 123, -22, -23, 85
9600, 19347, 123, -16, -20, 84
9600, 20147, 123, -11, -18, 83
9600, 20947, 123, -6, -16, 84
9600, 21747, 123, -1, -12, 84
9600, 22547, 123, 4, -10, 87
9600, 23347, 123, 9, -7, 88
9600, 24147, 123, 15, -4, 91
9600, 24947, 123, 21, -1, 94
9600, 25747, 123, 28, 2, 98
9600, 26547, 123, 37, 5, 102
9600, 27347, 123, 47, 8, 106
9600, 28147, 123, 60, 11, 108
9600, 28947, 123, 76, 15, 108
9600, 29747, 123, 99, 18, 99
9600, 30547, 123, 134, 22, 77
9600, 31347, 123, 185, 27, 45
9600, 32147, 123, 233, 31, 13
9600, 32947, 123, 234, 32, -15
9600, 33747, 123, 224, 33, -42
9600, 34547, 123, 220, 32, -70
9600, 35347, 123, 216, 31, -87
9453, 36000, 123, 194, 30, -94
8653, 36000, 123, 197, 32, -94
7853, 36000, 123, 200, 35, -95
7200, 35853, 123, 205, 37, -97
7200, 35053, 123, 228, 38, -95
7200, 34253, 123, 237, 41, -81
7200, 33453, 123, 238, 40, -55
7200, 32653, 123, 248, 41, -26
7200, 31853, 123, 256, 40, 5
7200, 31053, 123, 217, 37, 36
7200, 30253, 123, 153, 32, 70
7200, 29453, 123, 111, 28, 97
7200, 28653, 123, 83, 24, 109
7200, 27853, 123, 63, 19, 109
7200, 27053, 123, 49, 15, 106
7200, 26253, 123, 38, 11, 101
7200, 25453, 123, 30, 8, 97
7200, 24653, 123, 24, 4, 92
7200, 23853, 123, 16, 1, 88
7200, 23053, 123, 11, -3, 86
7200, 22253, 123, 6, -6, 83
7200, 21453, 123, 1, -10, 81
7200, 20653, 123, -3, -13, 81
7200, 19853, 123, -7, -16, 81
7200, 19053, 123, -13, -19, 80
7200, 18253, 123, -18, -23, 81
7200, 17453, 123, -23, -27, 82
7200, 16653, 123, -30, -30, 84
7200, 15853, 123, -38, -33, 87
7200, 15053, 123, -48, -37, 90
7200, 14253, 123, -61, -40, 94
7200, 13453, 123, -79, -45, 99
7200, 12653, 123, -107, -49, 105
7200, 11853, 123, -154, -54, 109
7200, 11053, 123, -224, -58, 111
7200, 10253, 123, -251, -60, 101
7200, 9453, 123, -241, -61, 76
7200, 8653, 123, -237, -60, 42
7200, 7853, 123, -241, -60, 12
7200, 7053, 123, -225, -59, -17
7200, 6253, 123, -162, -54, -47
7200, 5453, 123, -117, -51, -73
7200, 4653, 123, -90, -48, -85
7200, 3853, 123, -71, -45, -85
7200, 3053, 123, -59, -42, -81
7200, 2253, 123, -49, -40, -75
7200, 1453, 123, -42, -37, -68
7200, 653, 123, -37, -35, -63
7053, 0, 123, -32, -33, -59
6253, 0, 123, -32, -34, -58
5453, 0, 123, -31, -35, -57
4800, 147, 123, -31, -35, -56
4800, 947, 123, -34, -37, -60
4800, 1747, 123, -39, -40, -64
4800, 2547, 123, -45, -43, -70
4800, 3347, 123, -54, -46, -76
4800, 4147, 123, -64, -49, -82
4800, 4947, 123, -80, -53, -85
4800, 5747, 123, -105, -58, -79
4800, 6547, 123, -147, -61, -58
4800, 7347, 123, -215, -68, -29
4800, 8147, 123, -261, -70, 0
4800, 8947, 123, -260, -72, 29
4800, 9747, 123, -260, -72, 62
4800, 10547, 123, -269, -72, 91
4800, 11347, 123, -261, -72, 106
4800, 12147, 123, -190, -68, 107
4800, 12947, 123, -126, -62, 102
4800, 13747, 123, -89, -56, 96
4800, 14547, 123, -68, -51, 90
4800, 15347, 123, -52, -46, 86
4800, 16147, 123, -41, -41, 82
4800, 16947, 123, -33, -36, 80
4800, 17747, 123, -26, -31, 78
4800, 18547, 123, -20, -27, 76
4800, 19347, 123, -15, -23, 75
4800, 20147, 123, -10, -20, 74
4800, 20947, 123, -6, -16, 75
4800, 21747, 123, -1, -12, 76
4800, 22547, 123, 3, -8, 77
4800, 23347, 123, 8, -4, 80
4800, 24147, 123, 13, -1, 82
4800, 24947, 123, 19, 4, 85
4800, 25747, 123, 26, 8, 90
4800, 26547, 123, 34, 13, 94
4800, 27347, 123, 44, 17, 100
4800, 28147, 123, 57, 23, 104
4800, 28947, 123, 74, 27, 106
4800, 29747, 123, 100, 33, 99
4800, 30547, 123, 140, 39, 78
4800, 31347, 123, 204, 44, 45
4800, 32147, 123, 264, 49, 12
4800, 32947, 123, 268, 50, -17
4800, 33747, 123, 258, 50, -46
4800, 34547, 123, 255, 50, -74
4800, 35347, 123, 250, 49, -90
4653, 36000, 123, 229, 49, -96
3853, 36000, 123, 234, 54, -94
3053, 36000, 123, 237, 61, -92
2400, 35853, 123, 234, 69, -91
2400, 35053, 123, 263, 72, -88
2400, 34253, 123, 276, 75, -76
2400, 33453, 123, 279, 76, -51
2400, 32653, 123, 288, 76, -21
2400, 31853, 123, 281, 74, 8
2400, 31053, 123, 211, 67, 39
2400, 30253, 123, 136, 57, 72
2400, 29453, 123, 95, 48, 92
2400, 28653, 123, 69, 39, 98
2400, 27853, 123, 52, 32, 95
2400, 27053, 123, 41, 25, 92
2400, 26253, 123, 32, 19, 87
2400, 25453, 123, 24, 13, 83
2400, 24653, 123, 18, 8, 79
2400, 23853, 123, 13, 4, 77
2400, 23053, 123, 8, 0, 74
2400, 22253, 123, 4, -5, 72
2400, 21453, 123, 0, -9, 71
2400, 20653, 123, -4, -13, 70
2400, 19853, 123, -8, -17, 70
2400, 19053, 123, -12, -22, 70
2400, 18253, 123, -16, -27, 70
2400, 17453, 123, -21, -31, 72
2400, 16653, 123, -27, -36, 73
2400, 15853, 123, -34, -42, 76
2400, 15053, 123, -43, -48, 78
2400, 14253, 123, -55, -56, 81
2400, 13453, 123, -72, -64, 87
2400, 12653, 123, -99, -74, 92
2400, 11853, 123, -147, -85, 96
2400, 11053, 123, -230, -95, 98
2400, 10253, 123, -272, -99, 91
2400, 9453, 123, -269, -100, 68
2400, 8653, 123, -265, -100, 39
2400, 7853, 123, -260, -98, 10
2400, 7053, 123, -221, -93, -17
2400, 6253, 123, -146, -84, -46
2400, 5453, 123, -102, -75, -67
2400, 4653, 123, -76, -66, -75
2400, 3853, 123, -61, -59, -74
2400, 3053, 123, -50, -53, -69
2400, 2253, 123, -43, -48, -64
2400, 1453, 123, -37, -44, -59
2400, 653, 123, -33, -41, -55
2253, 0, 123, -30, -39, -51
1453, 0, 123, -28, -39, -49
653, 0, 123, -27, -39, -48
0, 147, 123, -26, -40, -46
0, 947, 123, -29, -42, -48
0, 1747, 123, -33, -45, -52
0, 2547, 123, -37, -50, -55
0, 3347, 123, -43, -55, -58
0, 4147, 123, -51, -62, -60
0, 4947, 123, -61, -70, -59
0, 5747, 123, -75, -81, -55
0, 6547, 123, -95, -95, -43
0, 7347, 123, -120, -112, -23
0, 8147, 123, -142, -128, 0
0, 8947, 123, -153, -136, 22
0, 9747, 123, -156, -139, 45
0, 10547, 123, -155, -138, 65
0, 11347, 123, -143, -131, 76
0, 12147, 123, -118, -118, 80
0, 12947, 123, -90, -100, 79
0, 13747, 123, -69, -83, 76
0, 14547, 123, -54, -70, 74
0, 15347, 123, -42, -59, 71
0, 16147, 123, -35, -50, 69
0, 16947, 123, -28, -44, 66
0, 17747, 123, -22, -37, 65
0, 18547, 123, -18, -31, 64
0, 19347, 123, -13, -26, 64
0, 20147, 123, -9, -22, 64
0, 20947, 123, -5, -17, 64
0, 21747, 123, -3, -12, 64
0, 22547, 123, 3, -8, 67
0, 23347, 123, 5, -3, 67
0, 24147, 123, 10, 2, 69
0, 24947, 123, 14, 7, 71
0, 25747, 123, 19, 13, 74
0, 26547, 123, 26, 20, 76
0, 27347, 123, 34, 26, 79
0, 28147, 123, 43, 35, 82
0, 28947, 123, 56, 44, 83
0, 29747, 123, 72, 54, 78
0, 30547, 123, 95, 69, 64
0, 31347, 123, 128, 85, 42
0, 32147, 123, 165, 99, 17
0, 32947, 123, 185, 109, -5
0, 33747, 123, 187, 112, -31
0, 34547, 123, 184, 112, -52
0, 35347, 123, 177, 108, -67
-147, 36000, 123, 152, 105, -72
-947, 36000, 123, 124, 114, -65
-1747, 36000, 123, 101, 120, -58
-2400, 35853, 123, 85, 122, -53
-2400, 35053, 123, 89, 128, -50
-2400, 34253, 123, 95, 135, -40
-2400, 33453, 123, 98, 136, -26
-2400, 32653, 123, 95, 132, -8
-2400, 31853, 123, 89, 120, 10
-2400, 31053, 123, 79, 103, 27
-2400, 30253, 123, 65, 82, 44
-2400, 29453, 123, 54, 65, 55
-2400, 28653, 123, 43, 52, 61
-2400, 27853, 123, 35, 41, 64
-2400, 27053, 123, 28, 32, 66
-2400, 26253, 123, 22, 24, 64
-2400, 25453, 123, 17, 18, 63
-2400, 24653, 123, 13, 11, 62
-2400, 23853, 123, 9, 5, 60
-2400, 23053, 123, 5, 0, 59
-2400, 22253, 123, 2, -4, 58
-2400, 21453, 123, -1, -9, 58
-2400, 20653, 123, -4, -14, 58
-2400, 19853, 123, -8, -18, 57
-2400, 19053, 123, -11, -23, 57
-2400, 18253, 123, -14, -29, 58
-2400, 17453, 123, -18, -34, 58
-2400, 16653, 123, -22, -41, 59
-2400, 15853, 123, -26, -49, 60
-2400, 15053, 123, -33, -58, 61
-2400, 14253, 123, -39, -68, 62
-2400, 13453, 123, -47, -81, 63
-2400, 12653, 123, -57, -97, 63
-2400, 11853, 123, -67, -117, 62
-2400, 11053, 123, -76, -134, 58
-2400, 10253, 123, -84, -145, 50
-2400, 9453, 123, -87, -148, 38
-2400, 8653, 123, -87, -146, 23
-2400, 7853, 123, -83, -138, 6
-2400, 7053, 123, -76, -123, -9
-2400, 6253, 123, -67, -106, -23
-2400, 5453, 123, -58, -90, -34
-2400, 4653, 123, -50, -78, -41
-2400, 3853, 123, -44, -67, -44
-2400, 3053, 123, -38, -59, -45
-2400, 2253, 123, -33, -53, -45
-2400, 1453, 123, -30, -48, -43
-2400, 653, 123, -27, -44, -42
-2547, 0, 123, -23, -41, -40
-3347, 0, 123, -23, -41, -38
-4147, 0, 123, -22, -41, -36
-4800, 147, 123, -22, -41, -35
-4800, 947, 123, -23, -43, -36
-4800, 1747, 123, -26, -47, -37
-4800, 2547, 123, -29, -51, -37
-4800, 3347, 123, -31, -57, -36
-4800, 4147, 123, -35, -64, -35
-4800, 4947, 123, -40, -72, -33
-4800, 5747, 123, -44, -81, -27
-4800, 6547, 123, -48, -93, -20
-4800, 7347, 123, -53, -104, -11
-4800, 8147, 123, -57, -115, 0
-4800, 8947, 123, -59, -122, 12
-4800, 9747, 123, -60, -126, 23
-4800, 10547, 123, -59, -125, 33
-4800, 11347, 123, -56, -120, 40
-4800, 12147, 123, -51, -110, 46
-4800, 12947, 123, -46, -98, 49
-4800, 13747, 123, -40, -84, 51
-4800, 14547, 123, -35, -73, 52
-4800, 15347, 123, -30, -62, 53
-4800, 16147, 123, -26, -53, 52
-4800, 16947, 123, -21, -46, 52
-4800, 17747, 123, -18, -38, 51
-4800, 18547, 123, -14, -33, 51
-4800, 19347, 123, -12, -27, 51
-4800, 20147, 123, -8, -22, 51
-4800, 20947, 123, -6, -17, 51
-4800, 21747, 123, -3, -12, 52
-4800, 22547, 123, -1, -6, 52
-4800, 23347, 123, 2, -2, 52
-4800, 24147, 123, 5, 3, 53
-4800, 24947, 123, 8, 9, 53
-4800, 25747, 123, 12, 15, 53
-4800, 26547, 123, 16, 21, 53
-4800, 27347, 123, 20, 28, 53
-4800, 28147, 123, 26, 37, 51
-4800, 28947, 123, 31, 48, 48
-4800, 29747, 123, 38, 59, 42
-4800, 30547, 123, 44, 73, 34
-4800, 31347, 123, 51, 87, 23
-4800, 32147, 123, 56, 101, 11
-4800, 32947, 123, 59, 111, -2
-4800, 33747, 123, 61, 117, -14
-4800, 34547, 123, 60, 117, -25
-4800, 35347, 123, 57, 113, -33
-4800, 35976, 246, 55, 96, -34
-4800, 35176, 246, 55, 98, -33
-4800, 34376, 246, 59, 103, -26
-4800, 33576, 246, 60, 105, -17
-4800, 32776, 246, 59, 101, -5
-4800, 31976, 246, 56, 94, 6
-4800, 31176, 246, 51, 83, 18
-4800, 30376, 246, 46, 71, 28
-4800, 29576, 246, 39, 59, 36
-4800, 28776, 246, 33, 49, 43
-4800, 27976, 246, 27, 39, 47
-4800, 27176, 246, 23, 31, 49
-4800, 26376, 246, 18, 24, 50
-4800, 25576, 246, 14, 17, 50
-4800, 24776, 246, 10, 12, 51
-4800, 23976, 246, 7, 6, 50
-4800, 23176, 246, 4, 0, 50
-4800, 22376, 246, 1, -4, 50
-4800, 21576, 246, -1, -9, 50
-4800, 20776, 246, -4, -14, 49
-4800, 19976, 246, -7, -18, 50
-4800, 19176, 246, -10, -23, 49
-4800, 18376, 246, -13, -28, 50
-4800, 17576, 246, -16, -33, 49
-4800, 16776, 246, -20, -40, 50
-4800, 15976, 246, -23, -47, 50
-4800, 15176, 246, -28, -54, 50
-4800, 14376, 246, -32, -63, 50
-4800, 13576, 246, -38, -73, 49
-4800, 12776, 246, -41, -84, 48
-4800, 11976, 246, -48, -95, 44
-4800, 11176, 246, -53, -105, 41
-4800, 10376, 246, -56, -111, 34
-4800, 9576, 246, -58, -114, 26
-4800, 8776, 246, -59, -113, 17
-4800, 7976, 246, -57, -108, 6
-4800, 7176, 246, -54, -100, -4
-4800, 6376, 246, -50, -91, -13
-4800, 5576, 246, -46, -81, -20
-4800, 4776, 246, -41, -71, -26
-4800, 3976, 246, -37, -64, -31
-4800, 3176, 246, -33, -58, -33
-4800, 2376, 246, -30, -52, -34
-4800, 1576, 246, -27, -48, -34
-4800, 776, 246, -24, -44, -34
-4776, 0, 246, -22, -41, -34
-3976, 0, 246, -22, -40, -34
-3176, 0, 246, -24, -41, -36
-2400, 24, 246, -24, -40, -38
-2400, 824, 246, -26, -41, -39
-2400, 1624, 246, -29, -45, -41
-2400, 2424, 246, -32, -49, -42
-2400, 3224, 246, -36, -54, -43
-2400, 4024, 246, -41, -60, -41
-2400, 4824, 246, -47, -68, -40
-2400, 5624, 246, -55, -77, -36
-2400, 6424, 246, -63, -89, -28
-2400, 7224, 246, -71, -101, -17
-2400, 8024, 246, -79, -114, -4
-2400, 8824, 246, -83, -124, 10
-2400, 9624, 246, -87, -129, 24
-2400, 10424, 246, -86, -130, 38
-2400, 11224, 246, -81, -125, 47
-2400, 12024, 246, -74, -115, 55
-2400, 12824, 246, -65, -101, 57
-2400, 13624, 246, -55, -87, 59
-2400, 14424, 246, -46, -74, 58
-2400, 15224, 246, -39, -63, 58
-2400, 16024, 246, -32, -54, 57
-2400, 16824, 246, -26, -46, 57
-2400, 17624, 246, -22, -39, 56
-2400, 18424, 246, -18, -33, 55
-2400, 19224, 246, -14, -28, 55
-2400, 20024, 246, -10, -23, 55
-2400, 20824, 246, -7, -18, 55
-2400, 21624, 246, -4, -14, 55
-2400, 22424, 246, 0, -8, 56
-2400, 23224, 246, 3, -3, 57
-2400, 24024, 246, 6, 1, 58
-2400, 24824, 246, 10, 7, 59
-2400, 25624, 246, 16, 13, 59
-2400, 26424, 246, 20, 19, 60
-2400, 27224, 246, 27, 26, 60
-2400, 28024, 246, 32, 34, 60
-2400, 28824, 246, 40, 43, 58
-2400, 29624, 246, 50, 54, 52
-2400, 30424, 246, 61, 67, 43
-2400, 31224, 246, 73, 82, 30
-2400, 32024, 246, 84, 97, 14
-2400, 32824, 246, 92, 107, -1
-2400, 33624, 246, 94, 113, -14
-2400, 34424, 246, 94, 114, -27
-2400, 35224, 246, 91, 112, -39
-2376, 36000, 246, 84, 105, -46
-1576, 36000, 246, 99, 105, -51
-776, 36000, 246, 118, 101, -55
0, 35976, 246, 139, 95, -61
0, 35176, 246, 144, 99, -58
0, 34376, 246, 153, 104, -46
0, 33576, 246, 157, 104, -30
0, 32776, 246, 153, 102, -10
0, 31976, 246, 140, 94, 11
0, 31176, 246, 115, 81, 33
0, 30376, 246, 90, 67, 52
0, 29576, 246, 69, 55, 64
0, 28776, 246, 55, 44, 70
0, 27976, 246, 42, 34, 72
0, 27176, 246, 33, 27, 71
0, 26376, 246, 26, 21, 70
0, 25576, 246, 20, 15, 68
0, 24776, 246, 15, 9, 66
0, 23976, 246, 10, 4, 65
0, 23176, 246, 6, -1, 64
0, 22376, 246, 2, -6, 63
0, 21576, 246, -2, -10, 62
0, 20776, 246, -5, -14, 61
0, 19976, 246, -9, -19, 61
0, 19176, 246, -12, -23, 61
0, 18376, 246, -17, -29, 61
0, 17576, 246, -21, -34, 62
0, 16776, 246, -27, -40, 64
0, 15976, 246, -33, -47, 65
0, 15176, 246, -41, -54, 66
0, 14376, 246, -50, -64, 68
0, 13576, 246, -63, -75, 70
0, 12776, 246, -78, -88, 71
0, 11976, 246, -99, -104, 70
0, 11176, 246, -120, -117, 67
0, 10376, 246, -131, -124, 58
0, 9576, 246, -135, -126, 43
0, 8776, 246, -133, -125, 24
0, 7976, 246, -125, -119, 6
0, 7176, 246, -111, -108, -13
0, 6376, 246, -92, -94, -30
0, 5576, 246, -75, -82, -42
0, 4776, 246, -62, -71, -49
0, 3976, 246, -52, -63, -51
0, 3176, 246, -44, -56, -51
0, 2376, 246, -38, -50, -49
0, 1576, 246, -33, -46, -47
0, 776, 246, -30, -42, -45
24, 0, 246, -27, -39, -43
824, 0, 246, -28, -38, -45
1624, 0, 246, -28, -38, -47
2400, 24, 246, -29, -37, -47
2400, 824, 246, -30, -38, -49
2400, 1624, 246, -33, -41, -52
2400, 2424, 246, -39, -44, -57
2400, 3224, 246, -46, -48, -61
2400, 4024, 246, -54, -53, -63
2400, 4824, 246, -65, -59, -65
2400, 5624, 246, -81, -65, -63
2400, 6424, 246, -106, -73, -53
2400, 7224, 246, -143, -81, -34
2400, 8024, 246, -187, -89, -11
2400, 8824, 246, -212, -94, 12
2400, 9624, 246, -219, -96, 36
2400, 10424, 246, -221, -96, 60
2400, 11224, 246, -215, -95, 77
2400, 12024, 246, -183, -90, 84
2400, 12824, 246, -133, -82, 84
2400, 13624, 246, -96, -72, 82
2400, 14424, 246, -72, -64, 79
2400, 15224, 246, -56, -56, 77
2400, 16024, 246, -44, -48, 73
2400, 16824, 246, -36, -42, 71
2400, 17624, 246, -28, -37, 69
2400, 18424, 246, -22, -31, 68
2400, 19224, 246, -17, -27, 68
2400, 20024, 246, -12, -23, 69
2400, 20824, 246, -8, -18, 67
2400, 21624, 246, -4, -14, 68
2400, 22424, 246, 0, -10, 68
2400, 23224, 246, 4, -6, 70
2400, 24024, 246, 9, -1, 71
2400, 24824, 246, 14, 3, 73
2400, 25624, 246, 20, 8, 76
2400, 26424, 246, 26, 13, 78
2400, 27224, 246, 34, 18, 81
2400, 28024, 246, 45, 25, 85
2400, 28824, 246, 58, 32, 86
2400, 29624, 246, 76, 39, 83
2400, 30424, 246, 103, 47, 72
2400, 31224, 246, 141, 55, 53
2400, 32024, 246, 190, 63, 28
2400, 32824, 246, 226, 69, 2
2400, 33624, 246, 233, 72, -22
2400, 34424, 246, 230, 72, -46
2400, 35224, 246, 222, 71, -65
2424, 36000, 246, 199, 67, -75
3224, 36000, 246, 208, 60, -78
4024, 36000, 246, 208, 54, -79
4800, 35976, 246, 207, 49, -81
4800, 35176, 246, 221, 50, -78
4800, 34376, 246, 232, 52, -65
4800, 33576, 246, 238, 53, -42
4800, 32776, 246, 242, 52, -16
4800, 31976, 246, 231, 51, 11
4800, 31176, 246, 188, 47, 40
4800, 30376, 246, 137, 41, 66
4800, 29576, 246, 100, 35, 85
4800, 28776, 246, 77, 30, 94
4800, 27976, 246, 57, 24, 93
4800, 27176, 246, 45, 19, 91
4800, 26376, 246, 35, 14, 88
4800, 25576, 246, 27, 10, 84
4800, 24776, 246, 20, 5, 81
4800, 23976, 246, 14, 1, 78
4800, 23176, 246, 9, -2, 76
4800, 22376, 246, 4, -6, 74
4800, 21576, 246, 0, -10, 73
4800, 20776, 246, -5, -14, 73
4800, 19976, 246, -9, -18, 72
4800, 19176, 246, -14, -22, 72
4800, 18376, 246, -19, -25, 73
4800, 17576, 246, -25, -30, 74
4800, 16776, 246, -31, -34, 76
4800, 15976, 246, -40, -38, 78
4800, 15176, 246, -50, -43, 81
4800, 14376, 246, -64, -49, 85
4800, 13576, 246, -86, -55, 89
4800, 12776, 246, -116, -61, 92
4800, 11976, 246, -165, -67, 95
4800, 11176, 246, -218, -72, 92
4800, 10376, 246, -238, -73, 81
4800, 9576, 246, -238, -74, 58
4800, 8776, 246, -236, -74, 30
4800, 7976, 246, -228, -73, 5
4800, 7176, 246, -194, -70, -21
4800, 6376, 246, -144, -65, -46
4800, 5576, 246, -105, -60, -64
4800, 4776, 246, -82, -55, -72
4800, 3976, 246, -65, -51, -71
4800, 3176, 246, -54, -47, -68
4800, 2376, 246, -46, -43, -64
4800, 1576, 246, -39, -40, -59
4800, 776, 246, -34, -37, -55
4824, 0, 246, -31, -35, -52
5624, 0, 246, -31, -33, -53
6424, 0, 246, -31, -34, -54
7200, 24, 246, -32, -32, -55
7200, 824, 246, -34, -33, -57
7200, 1624, 246, -39, -36, -60
7200, 2424, 246, -44, -37, -65
7200, 3224, 246, -51, -40, -70
7200, 4024, 246, -62, -42, -73
7200, 4824, 246, -74, -45, -75
7200, 5624, 246, -91, -47, -72
7200, 6424, 246, -118, -51, -61
7200, 7224, 246, -156, -54, -40
7200, 8024, 246, -197, -57, -15
7200, 8824, 246, -216, -59, 11
7200, 9624, 246, -219, -60, 37
7200, 10424, 246, -222, -61, 64
7200, 11224, 246, -221, -60, 86
7200, 12024, 246, -197, -58, 95
7200, 12824, 246, -151, -55, 98
7200, 13624, 246, -111, -51, 96
7200, 14424, 246, -84, -47, 92
7200, 15224, 246, -65, -43, 90
7200, 16024, 246, -51, -39, 85
7200, 16824, 246, -41, -35, 82
7200, 17624, 246, -32, -30, 80
7200, 18424, 246, -25, -28, 79
7200, 19224, 246, -20, -24, 77
7200, 20024, 246, -14, -21, 77
7200, 20824, 246, -9, -18, 76
7200, 21624, 246, -4, -14, 77
7200, 22424, 246, 1, -11, 78
7200, 23224, 246, 6, -8, 80
7200, 24024, 246, 11, -4, 81
7200, 24824, 246, 17, -1, 84
7200, 25624, 246, 24, 3, 87
7200, 26424, 246, 32, 6, 91
7200, 27224, 246, 41, 10, 95
7200, 28024, 246, 52, 14, 97
7200, 28824, 246, 67, 18, 97
7200, 29624, 246, 87, 22, 92
7200, 30424, 246, 115, 26, 79
7200, 31224, 246, 155, 31, 56
7200, 32024, 246, 197, 35, 28
7200, 32824, 246, 221, 37, 2
7200, 33624, 246, 224, 39, -22
7200, 34424, 246, 218, 39, -47
7200, 35224, 246, 213, 39, -67
7224, 36000, 246, 201, 38, -79
8024, 36000, 246, 198, 35, -79
8824, 36000, 246, 194, 32, -79
9600, 35976, 246, 192, 31, -78
9600, 35176, 246, 201, 31, -74
9600, 34376, 246, 207, 33, -57
9600, 33576, 246, 212, 33, -35
9600, 32776, 246, 218, 33, -9
9600, 31976, 246, 204, 32, 19
9600, 31176, 246, 166, 27, 46
9600, 30376, 246, 126, 24, 72
9600, 29576, 246, 96, 20, 90
9600, 28776, 246, 76, 16, 99
9600, 27976, 246, 58, 13, 99
9600, 27176, 246, 46, 10, 98
9600, 26376, 246, 36, 7, 95
9600, 25576, 246, 29, 3, 92
9600, 24776, 246, 22, 0, 89
9600, 23976, 246, 15, -3, 87
9600, 23176, 246, 9, -6, 84
9600, 22376, 246, 4, -9, 83
9600, 21576, 246, -1, -11, 82
9600, 20776, 246, -6, -15, 81
9600, 19976, 246, -11, -18, 80
9600, 19176, 246, -16, -20, 81
9600, 18376, 246, -22, -24, 82
9600, 17576, 246, -29, -26, 83
9600, 16776, 246, -36, -29, 85
9600, 15976, 246, -45, -32, 87
9600, 15176, 246, -57, -35, 90
9600, 14376, 246, -72, -38, 93
9600, 13576, 246, -93, -42, 97
9600, 12776, 246, -122, -45, 99
9600, 11976, 246, -163, -49, 99
9600, 11176, 246, -202, -52, 94
9600, 10376, 246, -212, -53, 78
9600, 9576, 246, -209, -53, 53
9600, 8776, 246, -207, -53, 27
9600, 7976, 246, -201, -52, 1
9600, 7176, 246, -173, -49, -25
9600, 6376, 246, -134, -47, -48
9600, 5576, 246, -105, -44, -65
9600, 4776, 246, -84, -42, -74
9600, 3976, 246, -70, -40, -74
9600, 3176, 246, -57, -38, -72
9600, 2376, 246, -48, -35, -69
9600, 1576, 246, -42, -33, -64
9600, 776, 246, -37, -31, -60
9624, 0, 246, -33, -30, -57
10424, 0, 246, -33, -30, -57
11224, 0, 246, -33, -29, -57
12000, 24, 246, -34, -28, -58
12000, 824, 246, -35, -28, -60
12000, 1624, 246, -40, -30, -63
12000, 2424, 246, -46, -31, -67
12000, 3224, 246, -53, -32, -71
12000, 4024, 246, -62, -34, -73
12000, 4824, 246, -74, -35, -75
12000, 5624, 246, -89, -38, -70
12000, 6424, 246, -111, -40, -60
12000, 7224, 246, -141, -43, -40
12000, 8024, 246, -176, -46, -17
12000, 8824, 246, -194, -48, 7
12000, 9624, 246, -198, -48, 33
12000, 10424, 246, -200, -48, 59
12000, 11224, 246, -202, -49, 81
12000, 12024, 246, -186, -48, 94
12000, 12824, 246, -148, -45, 99
12000, 13624, 246, -112, -41, 98
12000, 14424, 246, -86, -38, 96
12000, 15224, 246, -68, -35, 94
12000, 16024, 246, -55, -33, 91
12000, 16824, 246, -44, -30, 88
12000, 17624, 246, -35, -28, 87
12000, 18424, 246, -28, -25, 85
12000, 19224, 246, -22, -23, 84
12000, 20024, 246, -16, -20, 83
12000, 20824, 246, -11, -18, 83
12000, 21624, 246, -5, -15, 84
12000, 22424, 246, 0, -13, 85
12000, 23224, 246, 5, -10, 86
12000, 24024, 246, 11, -8, 88
12000, 24824, 246, 17, -5, 90
12000, 25624, 246, 24, -2, 92
12000, 26424, 246, 31, 0, 95
12000, 27224, 246, 39, 3, 97
12000, 28024, 246, 49, 6, 99
12000, 28824, 246, 63, 9, 99
12000, 29624, 246, 79, 11, 95
12000, 30424, 246, 100, 15, 85
12000, 31224, 246, 128, 18, 68
12000, 32024, 246, 157, 21, 47
12000, 32824, 246, 189, 24, 23
12000, 33624, 246, 204, 27, 1
12000, 34424, 246, 204, 28, -23
12000, 35224, 246, 199, 28, -45
12024, 36000, 246, 195, 27, -63
12824, 36000, 246, 193, 26, -62
13624, 36000, 246, 191, 26, -62
14400, 35976, 246, 191, 25, -60
14400, 35176, 246, 194, 26, -53
14400, 34376, 246, 199, 25, -32
14400, 33576, 246, 202, 25, -9
14400, 32776, 246, 194, 24, 16
14400, 31976, 246, 162, 21, 42
14400, 31176, 246, 123, 18, 70
14400, 30376, 246, 96, 13, 88
14400, 29576, 246, 78, 10, 97
14400, 28776, 246, 60, 7, 100
14400, 27976, 246, 48, 4, 100
14400, 27176, 246, 38, 1, 98
14400, 26376, 246, 30, 0, 97
14400, 25576, 246, 23, -3, 94
14400, 24776, 246, 16, -6, 92
14400, 23976, 246, 10, -8, 90
14400, 23176, 246, 5, -11, 88
14400, 22376, 246, -1, -13, 87
14400, 21576, 246, -6, -15, 87
14400, 20776, 246, -10, -17, 86
14400, 19976, 246, -16, -19, 87
14400, 19176, 246, -22, -21, 87
14400, 18376, 246, -29, -24, 88
14400, 17576, 246, -36, -25, 89
14400, 16776, 246, -45, -27, 91
14400, 15976, 246, -56, -30, 94
14400, 15176, 246, -70, -32, 96
14400, 14376, 246, -88, -35, 99
14400, 13576, 246, -114, -38, 99
14400, 12776, 246, -152, -43, 98
14400, 11976, 246, -186, -45, 92
14400, 11176, 246, -197, -46, 78
14400, 10376, 246, -195, -47, 54
14400, 9576, 246, -192, -46, 29
14400, 8776, 246, -188, -45, 5
14400, 7976, 246, -167, -42, -20
14400, 7176, 246, -133, -39, -42
14400, 6376, 246, -104, -37, -60
14400, 5576, 246, -86, -35, -69
14400, 4776, 246, -71, -33, -73
14400, 3976, 246, -60, -31, -72
14400, 3176, 246, -51, -30, -70
14400, 2376, 246, -45, -29, -66
14400, 1576, 246, -39, -27, -63
14400, 776, 246, -35, -26, -59
14424, 0, 246, -31, -25, -56
15224, 0, 246, -31, -25, -56
16024, 0, 246, -31, -24, -56
16800, 24, 246, -31, -23, -56
16800, 824, 246, -33, -23, -58
16800, 1624, 246, -38, -24, -61
16800, 2424, 246, -42, -25, -65
16800, 3224, 246, -48, -26, -68
16800, 4024, 246, -55, -28, -70
16800, 4824, 246, -64, -29, -72
16800, 5624, 246, -76, -31, -71
16800, 6424, 246, -90, -32, -66
16800, 7224, 246, -113, -35, -53
16800, 8024, 246, -143, -38, -33
16800, 8824, 246, -173, -41, -10
16800, 9624, 246, -186, -43, 13
16800, 10424, 246, -188, -44, 38
16800, 11224, 246, -191, -45, 63
16800, 12024, 246, -190, -44, 83
16800, 12824, 246, -169, -43, 93
16800, 13624, 246, -132, -40, 98
16800, 14424, 246, -101, -37, 98
16800, 15224, 246, -80, -34, 97
16800, 16024, 246, -65, -31, 95
16800, 16824, 246, -52, -30, 93
16800, 17624, 246, -42, -27, 91
16800, 18424, 246, -34, -26, 90
16800, 19224, 246, -27, -24, 89
16800, 20024, 246, -20, -22, 89
16800, 20824, 246, -15, -20, 88
16800, 21624, 246, -9, -18, 88
16800, 22424, 246, -4, -16, 89
16800, 23224, 246, 1, -14, 90
16800, 24024, 246, 7, -11, 91
16800, 24824, 246, 15, -10, 93
16800, 25624, 246, 19, -7, 94
16800, 26424, 246, 26, -5, 96
16800, 27224, 246, 34, -2, 98
16800, 28024, 246, 43, 0, 100
16800, 28824, 246, 55, 2, 100
16800, 29624, 246, 68, 5, 98
16800, 30424, 246, 84, 7, 92
16800, 31224, 246, 108, 11, 78
16800, 32024, 246, 137, 15, 56
16800, 32824, 246, 171, 19, 32
16800, 33624, 246, 193, 22, 6
16800, 34424, 246, 196, 23, -17
16800, 35224, 246, 191, 23, -37
16824, 36000, 246, 188, 23, -55
17624, 36000, 246, 186, 22, -56
18424, 36000, 246, 185, 22, -55
19200, 35976, 246, 185, 21, -55
19200, 35176, 246, 188, 23, -46
19200, 34376, 246, 193, 23, -26
19200, 33576, 246, 195, 22, -2
19200, 32776, 246, 181, 20, 23
19200, 31976, 246, 145, 16, 51
19200, 31176, 246, 113, 12, 74
19200, 30376, 246, 88, 9, 90
19200, 29576, 246, 71, 6, 99
19200, 28776, 246, 56, 3, 101
19200, 27976, 246, 45, 0, 101
19200, 27176, 246, 37, -2, 101
19200, 26376, 246, 28, -4, 99
19200, 25576, 246, 21, -6, 96
19200, 24776, 246, 15, -9, 95
19200, 23976, 246, 9, -11, 93
19200, 23176, 246, 3, -13, 92
19200, 22376, 246, -2, -15, 91
19200, 21576, 246, -7, -16, 90
19200, 20776, 246, -13, -18, 90
19200, 19976, 246, -18, -20, 90
19200, 19176, 246, -24, -21, 91
19200, 18376, 246, -31, -24, 92
19200, 17576, 246, -39, -25, 92
19200, 16776, 246, -49, -27, 94
19200, 15976, 246, -59, -29, 96
19200, 15176, 246, -74, -31, 97
19200, 14376, 246, -93, -34, 98
19200, 13576, 246, -121, -37, 98
19200, 12776, 246, -157, -41, 96
19200, 11976, 246, -184, -43, 87
19200, 11176, 246, -189, -43, 69
19200, 10376, 246, -187, -44, 46
19200, 9576, 246, -183, -42, 20
19200, 8776, 246, -176, -41, -4
19200, 7976, 246, -151, -38, -25
19200, 7176, 246, -118, -35, -47
19200, 6376, 246, -95, -33, -62
19200, 5576, 246, -80, -30, -69
19200, 4776, 246, -67, -28, -72
19200, 3976, 246, -57, -26, -70
19200, 3176, 246, -50, -26, -68
19200, 2376, 246, -43, -24, -65
19200, 1576, 246, -38, -23, -62
19200, 776, 246, -34, -22, -59
19224, 0, 246, -31, -22, -56
20024, 0, 246, -31, -21, -56
20824, 0, 246, -31, -21, -56
21600, 24, 246, -31, -19, -56
21600, 824, 246, -33, -20, -58
21600, 1624, 246, -36, -21, -60
21600, 2424, 246, -42, -22, -64
21600, 3224, 246, -46, -23, -66
21600, 4024, 246, -53, -24, -69
21600, 4824, 246, -61, -25, -71
21600, 5624, 246, -71, -27, -71
21600, 6424, 246, -85, -29, -67
21600, 7224, 246, -103, -31, -56
21600, 8024, 246, -130, -35, -38
21600, 8824, 246, -161, -38, -16
21600, 9624, 246, -177, -41, 6
21600, 10424, 246, -182, -42, 30
21600, 11224, 246, -184, -43, 54
21600, 12024, 246, -185, -43, 76
21600, 12824, 246, -172, -42, 89
21600, 13624, 246, -139, -40, 95
21600, 14424, 246, -107, -37, 97
21600, 15224, 246, -84, -35, 97
21600, 16024, 246, -67, -33, 96
21600, 16824, 246, -55, -31, 95
21600, 17624, 246, -45, -29, 93
21600, 18424, 246, -37, -27, 92
21600, 19224, 246, -29, -24, 92
21600, 20024, 246, -23, -23, 91
21600, 20824, 246, -17, -21, 91
21600, 21624, 246, -11, -20, 91
21600, 22424, 246, -6, -18, 91
21600, 23224, 246, -1, -16, 93
21600, 24024, 246, 5, -14, 94
21600, 24824, 246, 11, -12, 95
21600, 25624, 246, 17, -10, 96
21600, 26424, 246, 23, -8, 99
21600, 27224, 246, 32, -6, 100
21600, 28024, 246, 39, -3, 101
21600, 28824, 246, 49, -1, 101
21600, 29624, 246, 60, 2, 100
21600, 30424, 246, 75, 5, 95
21600, 31224, 246, 94, 8, 85
21600, 32024, 246, 120, 11, 67
21600, 32824, 246, 150, 15, 44
21600, 33624, 246, 180, 19, 19
21600, 34424, 246, 191, 20, -5
21600, 35224, 246, 188, 21, -28
21624, 36000, 246, 184, 21, -50
22424, 36000, 246, 183, 20, -50
23224, 36000, 246, 182, 20, -49
24000, 35976, 246, 182, 20, -49
24000, 35176, 246, 185, 21, -40
24000, 34376, 246, 190, 22, -20
24000, 33576, 246, 190, 22, 3
24000, 32776, 246, 171, 19, 29
24000, 31976, 246, 135, 15, 56
24000, 31176, 246, 105, 11, 78
24000, 30376, 246, 83, 7, 93
24000, 29576, 246, 66, 5, 99
24000, 28776, 246, 53, 2, 102
24000, 27976, 246, 42, -1, 102
24000, 27176, 246, 33, -4, 101
24000, 26376, 246, 25, -7, 100
24000, 25576, 246, 19, -9, 99
24000, 24776, 246, 12, -11, 98
24000, 23976, 246, 7, -14, 96
24000, 23176, 246, 1, -15, 95
24000, 22376, 246, -4, -17, 95
24000, 21576, 246, -9, -19, 93
24000, 20776, 246, -15, -20, 93
24000, 19976, 246, -20, -22, 93
24000, 19176, 246, -27, -25, 93
24000, 18376, 246, -34, -26, 94
24000, 17576, 246, -42, -28, 94
24000, 16776, 246, -51, -30, 95
24000, 15976, 246, -63, -31, 96
24000, 15176, 246, -78, -34, 97
24000, 14376, 246, -97, -36, 97
24000, 13576, 246, -127, -39, 96
24000, 12776, 246, -162, -42, 91
24000, 11976, 246, -182, -43, 80
24000, 11176, 246, -183, -43, 62
24000, 10376, 246, -180, -42, 37
24000, 9576, 246, -179, -41, 14
24000, 8776, 246, -167, -38, -10
24000, 7976, 246, -138, -36, -31
24000, 7176, 246, -110, -32, -50
24000, 6376, 246, -89, -29, -63
24000, 5576, 246, -75, -27, -69
24000, 4776, 246, -63, -25, -71
24000, 3976, 246, -55, -23, -70
24000, 3176, 246, -48, -22, -67
24000, 2376, 246, -42, -20, -64
24000, 1576, 246, -38, -19, -61
24000, 776, 246, -34, -19, -58
24024, 0, 246, -30, -18, -54
24824, 0, 246, -31, -18, -56
25624, 0, 246, -31, -17, -56
26400, 24, 246, -31, -17, -56
26400, 824, 246, -32, -17, -57
26400, 1624, 246, -35, -18, -60
26400, 2424, 246, -40, -19, -63
26400, 3224, 246, -45, -20, -66
26400, 4024, 246, -51, -20, -68
26400, 4824, 246, -58, -22, -70
26400, 5624, 246, -68, -24, -71
26400, 6424, 246, -81, -26, -67
26400, 7224, 246, -97, -29, -59
26400, 8024, 246, -121, -32, -42
26400, 8824, 246, -151, -36, -22
26400, 9624, 246, -172, -39, 0
26400, 10424, 246, -177, -42, 22
26400, 11224, 246, -178, -43, 47
26400, 12024, 246, -181, -44, 68
26400, 12824, 246, -173, -44, 83
26400, 13624, 246, -145, -43, 91
26400, 14424, 246, -113, -41, 95
26400, 15224, 246, -89, -39, 96
26400, 16024, 246, -72, -38, 96
26400, 16824, 246, -59, -36, 96
26400, 17624, 246, -48, -33, 95
26400, 18424, 246, -39, -32, 95
26400, 19224, 246, -32, -30, 94
26400, 20024, 246, -25, -27, 94
26400, 20824, 246, -19, -25, 94
26400, 21624, 246, -14, -23, 94
26400, 22424, 246, -8, -21, 94
26400, 23224, 246, -4, -19, 95
26400, 24024, 246, 2, -17, 96
26400, 24824, 246, 9, -15, 99
26400, 25624, 246, 14, -13, 99
26400, 26424, 246, 20, -11, 100
26400, 27224, 246, 27, -8, 102
26400, 28024, 246, 35, -4, 102
26400, 28824, 246, 46, -1, 102
26400, 29624, 246, 57, 2, 101
26400, 30424, 246, 71, 5, 97
26400, 31224, 246, 90, 9, 87
26400, 32024, 246, 111, 12, 72
26400, 32824, 246, 139, 16, 51
26400, 33624, 246, 167, 18, 29
26400, 34424, 246, 186, 20, 6
26400, 35224, 246, 188, 21, -16
26424, 36000, 246, 183, 20, -36
27224, 36000, 246, 183, 20, -35
28024, 36000, 246, 182, 21, -35
28800, 35976, 246, 182, 21, -35
28800, 35176, 246, 186, 22, -26
28800, 34376, 246, 189, 23, -6
28800, 33576, 246, 179, 22, 18
28800, 32776, 246, 147, 20, 45
28800, 31976, 246, 118, 19, 67
28800, 31176, 246, 92, 14, 86
28800, 30376, 246, 74, 10, 96
28800, 29576, 246, 59, 6, 102
28800, 28776, 246, 47, 2, 104
28800, 27976, 246, 37, -2, 105
28800, 27176, 246, 29, -6, 104
28800, 26376, 246, 21, -9, 103
28800, 25576, 246, 14, -12, 102
28800, 24776, 246, 9, -14, 100
28800, 23976, 246, 3, -17, 99
28800, 23176, 246, -2, -18, 97
28800, 22376, 246, -7, -20, 96
28800, 21576, 246, -13, -22, 96
28800, 20776, 246, -18, -25, 96
28800, 19976, 246, -24, -27, 95
28800, 19176, 246, -31, -30, 96
28800, 18376, 246, -38, -32, 96
28800, 17576, 246, -46, -35, 97
28800, 16776, 246, -56, -37, 97
28800, 15976, 246, -69, -41, 96
28800, 15176, 246, -84, -42, 96
28800, 14376, 246, -106, -43, 95
28800, 13576, 246, -137, -44, 92
28800, 12776, 246, -167, -45, 85
28800, 11976, 246, -179, -45, 72
28800, 11176, 246, -178, -43, 50
28800, 10376, 246, -176, -42, 27
28800, 9576, 246, -173, -39, 5
28800, 8776, 246, -157, -37, -17
28800, 7976, 246, -128, -33, -37
28800, 7176, 246, -102, -29, -55
28800, 6376, 246, -84, -26, -66
28800, 5576, 246, -70, -23, -70
28800, 4776, 246, -60, -22, -70
28800, 3976, 246, -51, -20, -68
28800, 3176, 246, -46, -19, -65
28800, 2376, 246, -41, -17, -63
28800, 1576, 246, -36, -17, -59
28800, 776, 246, -33, -16, -58
28824, 0, 246, -30, -15, -55
29624, 0, 246, -29, -15, -55
30424, 0, 246, -30, -14, -54
31200, 24, 246, -30, -14, -55
31200, 824, 246, -31, -14, -57
31200, 1624, 246, -35, -14, -59
31200, 2424, 246, -39, -15, -62
31200, 3224, 246, -44, -16, -65
31200, 4024, 246, -49, -17, -68
31200, 4824, 246, -56, -18, -70
31200, 5624, 246, -65, -20, -72
31200, 6424, 246, -76, -23, -70
31200, 7224, 246, -91, -26, -63
31200, 8024, 246, -112, -29, -50
31200, 8824, 246, -141, -33, -31
31200, 9624, 246, -166, -38, -10
31200, 10424, 246, -175, -40, 11
31200, 11224, 246, -176, -43, 34
31200, 12024, 246, -178, -45, 55
31200, 12824, 246, -175, -47, 73
31200, 13624, 246, -154, -47, 84
31200, 14424, 246, -123, -50, 90
31200, 15224, 246, -99, -50, 94
31200, 16024, 246, -80, -50, 96
31200, 16824, 246, -66, -49, 99
31200, 17624, 246, -55, -45, 98
31200, 18424, 246, -45, -42, 98
31200, 19224, 246, -37, -38, 97
31200, 20024, 246, -29, -34, 97
31200, 20824, 246, -22, -29, 97
31200, 21624, 246, -16, -26, 96
31200, 22424, 246, -11, -24, 97
31200, 23224, 246, -6, -22, 98
31200, 24024, 246, -1, -21, 100
31200, 24824, 246, 4, -19, 101
31200, 25624, 246, 10, -17, 103
31200, 26424, 246, 16, -14, 105
31200, 27224, 246, 25, -10, 106
31200, 28024, 246, 34, -5, 107
31200, 28824, 246, 44, 1, 106
31200, 29624, 246, 55, 7, 103
31200, 30424, 246, 70, 12, 97
31200, 31224, 246, 86, 17, 88
31200, 32024, 246, 109, 21, 72
31200, 32824, 246, 136, 23, 51
31200, 33624, 246, 164, 24, 29
31200, 34424, 246, 182, 24, 7
31200, 35224, 246, 186, 22, -17
31224, 36000, 246, 182, 21, -37
32024, 36000, 246, 182, 22, -36
32824, 36000, 246, 182, 21, -37
33600, 35976, 246, 183, 21, -37
33600, 35176, 246, 185, 23, -28
33600, 34376, 246, 188, 26, -8
33600, 33576, 246, 178, 29, 15
33600, 32776, 246, 149, 31, 41
33600, 31976, 246, 123, 30, 63
33600, 31176, 246, 98, 26, 84
33600, 30376, 246, 79, 21, 96
33600, 29576, 246, 63, 14, 104
33600, 28776, 246, 49, 6, 108
33600, 27976, 246, 37, -1, 111
33600, 27176, 246, 26, -7, 111
33600, 26376, 246, 17, -13, 110
33600, 25576, 246, 10, -17, 108
33600, 24776, 246, 4, -20, 106
33600, 23976, 246, -2, -21, 103
33600, 23176, 246, -5, -21, 100
33600, 22376, 246, -10, -22, 98
33600, 21576, 246, -15, -24, 97
33600, 20776, 246, -21, -28, 98
33600, 19976, 246, -28, -33, 99
33600, 19176, 246, -36, -39, 101
33600, 18376, 246, -46, -45, 102
33600, 17576, 246, -56, -51, 102
33600, 16776, 246, -67, -55, 101
33600, 15976, 246, -80, -58, 99
33600, 15176, 246, -96, -58, 96
33600, 14376, 246, -116, -57, 91
33600, 13576, 246, -145, -53, 84
33600, 12776, 246, -169, -50, 74
33600, 11976, 246, -176, -46, 59
33600, 11176, 246, -175, -43, 38
33600, 10376, 246, -175, -41, 16
33600, 9576, 246, -171, -38, -5
33600, 8776, 246, -150, -34, -25
33600, 7976, 246, -119, -30, -44
33600, 7176, 246, -97, -26, -60
33600, 6376, 246, -80, -23, -68
33600, 5576, 246, -68, -20, -72
33600, 4776, 246, -58, -18, -71
33600, 3976, 246, -51, -17, -69
33600, 3176, 246, -45, -15, -67
33600, 2376, 246, -40, -14, -63
33600, 1576, 246, -36, -13, -60
33600, 776, 246, -32, -11, -57
33624, 0, 246, -29, -12, -54
34424, 0, 246, -29, -12, -55
35224, 0, 246, -29, -11, -54
36000, 24, 246, -29, -11, -54
36000, 824, 246, -30, -11, -56
36000, 1624, 246, -33, -11, -59
36000, 2424, 246, -37, -11, -62
36000, 3224, 246, -42, -12, -65
36000, 4024, 246, -48, -13, -68
36000, 4824, 246, -55, -15, -71
36000, 5624, 246, -63, -16, -72
36000, 6424, 246, -73, -19, -72
36000, 7224, 246, -87, -22, -68
36000, 8024, 246, -107, -25, -56
36000, 8824, 246, -133, -29, -39
36000, 9624, 246, -162, -34, -20
36000, 10424, 246, -174, -38, 0
36000, 11224, 246, -175, -40, 19
36000, 12024, 246, -175, -44, 39
36000, 12824, 246, -175, -48, 57
36000, 13624, 246, -164, -54, 72
36000, 14424, 246, -143, -59, 83
36000, 15224, 246, -123, -63, 92
36000, 16024, 246, -107, -66, 99
36000, 16824, 246, -93, -64, 104
36000, 17624, 246, -79, -60, 106
36000, 18424, 246, -66, -53, 107
36000, 19224, 246, -53, -46, 106
36000, 20024, 246, -40, -38, 103
36000, 20824, 246, -29, -31, 100
36000, 21624, 246, -20, -26, 97
36000, 22424, 246, -14, -23, 97
36000, 23224, 246, -11, -22, 99
36000, 24024, 246, -9, -22, 102
36000, 24824, 246, -7, -23, 105
36000, 25624, 246, -2, -22, 110
36000, 26424, 246, 6, -20, 113
36000, 27224, 246, 17, -16, 116
36000, 28024, 246, 29, -10, 117
36000, 28824, 246, 42, -5, 115
36000, 29624, 246, 59, 3, 111
36000, 30424, 246, 75, 10, 105
36000, 31224, 246, 93, 17, 95
36000, 32024, 246, 112, 23, 81
36000, 32824, 246, 133, 28, 64
36000, 33624, 246, 154, 31, 43
36000, 34424, 246, 175, 29, 21
36000, 35224, 246, 186, 26, 0
36024, 36000, 246, 187, 23, -19
36824, 36000, 246, 187, 22, -20
37624, 36000, 246, 188, 21, -21
38400, 35976, 246, 189, 19, -21
38400, 35176, 246, 192, 21, -12
38400, 34376, 246, 196, 23, 9
38400, 33576, 246, 190, 24, 30
38400, 32776, 246, 174, 22, 53
38400, 31976, 246, 150, 18, 75
38400, 31176, 246, 123, 12, 94
38400, 30376, 246, 96, 5, 108
38400, 29576, 246, 71, -2, 117
38400, 28776, 246, 49, -8, 122
38400, 27976, 246, 30, -13, 123
38400, 27176, 246, 12, -16, 122
38400, 26376, 246, -3, -21, 119
38400, 25576, 246, -12, -22, 114
38400, 24776, 246, -14, -22, 108
38400, 23976, 246, -13, -20, 102
38400, 23176, 246, -10, -19, 98
38400, 22376, 246, -12, -20, 96
38400, 21576, 246, -20, -22, 98
38400, 20776, 246, -34, -27, 104
38400, 19976, 246, -54, -33, 109
38400, 19176, 246, -74, -41, 113
38400, 18376, 246, -94, -48, 114
38400, 17576, 246, -112, -54, 113
38400, 16776, 246, -129, -59, 109
38400, 15976, 246, -143, -61, 102
38400, 15176, 246, -159, -58, 91
38400, 14376, 246, -169, -54, 78
38400, 13576, 246, -175, -49, 63
38400, 12776, 246, -176, -44, 47
38400, 11976, 246, -176, -41, 29
38400, 11176, 246, -176, -38, 11
38400, 10376, 246, -175, -36, -6
38400, 9576, 246, -160, -32, -24
38400, 8776, 246, -132, -28, -43
38400, 7976, 246, -107, -24, -59
38400, 7176, 246, -87, -20, -69
38400, 6376, 246, -73, -17, -74
38400, 5576, 246, -62, -14, -73
38400, 4776, 246, -54, -12, -71
38400, 3976, 246, -47, -11, -68
38400, 3176, 246, -42, -10, -65
38400, 2376, 246, -35, -9, -62
38400, 1576, 246, -33, -9, -58
38400, 776, 246, -30, -9, -55
38424, 0, 246, -27, -9, -52
39224, 0, 246, -28, -8, -53
40024, 0, 246, -27, -8, -53
40800, 24, 246, -27, -7, -52
40800, 824, 246, -28, -7, -54
40800, 1624, 246, -31, -7, -57
40800, 2424, 246, -35, -7, -60
40800, 3224, 246, -38, -7, -62
40800, 4024, 246, -44, -8, -67
40800, 4824, 246, -50, -9, -70
40800, 5624, 246, -57, -10, -73
40800, 6424, 246, -67, -11, -76
40800, 7224, 246, -79, -14, -74
40800, 8024, 246, -95, -17, -67
40800, 8824, 246, -118, -22, -55
40800, 9624, 246, -147, -26, -37
40800, 10424, 246, -171, -31, -19
40800, 11224, 246, -178, -34, -2
40800, 12024, 246, -176, -36, 13
40800, 12824, 246, -177, -38, 28
40800, 13624, 246, -180, -41, 46
40800, 14424, 246, -185, -44, 64
40800, 15224, 246, -190, -48, 82
40800, 16024, 246, -185, -49, 99
40800, 16824, 246, -170, -49, 110
40800, 17624, 246, -148, -46, 117
40800, 18424, 246, -122, -41, 120
40800, 19224, 246, -94, -36, 119
40800, 20024, 246, -67, -31, 114
40800, 20824, 246, -41, -26, 107
40800, 21624, 246, -21, -22, 99
40800, 22424, 246, -9, -21, 95
40800, 23224, 246, -6, -19, 94
40800, 24024, 246, -11, -20, 99
40800, 24824, 246, -19, -22, 106
40800, 25624, 246, -21, -23, 114
40800, 26424, 246, -14, -22, 121
40800, 27224, 246, 3, -21, 126
40800, 28024, 246, 24, -17, 127
40800, 28824, 246, 45, -14, 126
40800, 29624, 246, 70, -9, 121
40800, 30424, 246, 97, -5, 112
40800, 31224, 246, 122, -1, 99
40800, 32024, 246, 149, 4, 81
40800, 32824, 246, 173, 8, 63
40800, 33624, 246, 196, 11, 39
40800, 34424, 246, 203, 13, 19
40800, 35224, 246, 200, 14, 1
40824, 36000, 246, 194, 14, -16
41624, 36000, 246, 196, 12, -16
42424, 36000, 246, 196, 10, -16
43200, 35976, 246, 198, 8, -16
43200, 35176, 246, 202, 10, -8
43200, 34376, 246, 207, 9, 10
43200, 33576, 246, 202, 7, 30
43200, 32776, 246, 184, 4, 53
43200, 31976, 246, 154, 1, 78
43200, 31176, 246, 123, -3, 98
43200, 30376, 246, 97, -7, 113
43200, 29576, 246, 65, -10, 124
43200, 28776, 246, 40, -15, 129
43200, 27976, 246, 17, -17, 130
43200, 27176, 246, -3, -20, 128
43200, 26376, 246, -18, -21, 122
43200, 25576, 246, -23, -22, 115
43200, 24776, 246, -20, -21, 106
43200, 23976, 246, -11, -20, 98
43200, 23176, 246, -4, -18, 93
43200, 22376, 246, -5, -18, 94
43200, 21576, 246, -16, -19, 98
43200, 20776, 246, -36, -21, 107
43200, 19976, 246, -63, -25, 115
43200, 19176, 246, -94, -28, 121
43200, 18376, 246, -124, -31, 123
43200, 17576, 246, -154, -35, 121
43200, 16776, 246, -177, -37, 113
43200, 15976, 246, -193, -38, 101
43200, 15176, 246, -196, -39, 84
43200, 14376, 246, -190, -37, 64
43200, 13576, 246, -182, -36, 44
43200, 12776, 246, -178, -34, 26
43200, 11976, 246, -178, -32, 11
43200, 11176, 246, -179, -30, -4
43200, 10376, 246, -175, -28, -20
43200, 9576, 246, -152, -23, -36
43200, 8776, 246, -122, -19, -54
43200, 7976, 246, -99, -14, -67
43200, 7176, 246, -81, -11, -74
43200, 6376, 246, -68, -9, -76
43200, 5576, 246, -58, -7, -74
43200, 4776, 246, -50, -6, -70
43200, 3976, 246, -44, -5, -67
43200, 3176, 246, -39, -5, -63
43200, 2376, 246, -35, -5, -60
43200, 1576, 246, -31, -4, -57
43200, 776, 246, -28, -5, -53
43224, 0, 246, -25, -5, -51
44024, 0, 246, -25, -4, -50
44824, 0, 246, -25, -4, -50
45600, 24, 246, -25, -3, -50
45600, 824, 246, -26, -2, -51
45600, 1624, 246, -28, -2, -54
45600, 2424, 246, -32, -2, -58
45600, 3224, 246, -36, -1, -61
45600, 4024, 246, -41, -1, -65
45600, 4824, 246, -46, -1, -69
45600, 5624, 246, -53, -2, -73
45600, 6424, 246, -63, -3, -75
45600, 7224, 246, -73, -4, -77
45600, 8024, 246, -89, -6, -74
45600, 8824, 246, -109, -9, -66
45600, 9624, 246, -138, -14, -49
45600, 10424, 246, -168, -18, -32
45600, 11224, 246, -182, -22, -15
45600, 12024, 246, -183, -25, -1
45600, 12824, 246, -181, -26, 13
45600, 13624, 246, -183, -27, 30
45600, 14424, 246, -190, -29, 50
45600, 15224, 246, -200, -29, 70
45600, 16024, 246, -201, -29, 89
45600, 16824, 246, -190, -28, 105
45600, 17624, 246, -169, -27, 115
45600, 18424, 246, -143, -25, 121
45600, 19224, 246, -113, -23, 122
45600, 20024, 246, -83, -21, 117
45600, 20824, 246, -54, -19, 110
45600, 21624, 246, -29, -19, 101
45600, 22424, 246, -12, -18, 93
45600, 23224, 246, -5, -18, 90
45600, 24024, 246, -8, -20, 93
45600, 24824, 246, -17, -22, 100
45600, 25624, 246, -24, -23, 109
45600, 26424, 246, -23, -24, 118
45600, 27224, 246, -12, -23, 125
45600, 28024, 246, 5, -22, 128
45600, 28824, 246, 26, -20, 129
45600, 29624, 246, 51, -17, 126
45600, 30424, 246, 79, -15, 117
45600, 31224, 246, 108, -12, 105
45600, 32024, 246, 136, -10, 88
45600, 32824, 246, 166, -7, 65
45600, 33624, 246, 190, -5, 43
45600, 34424, 246, 205, -2, 22
45600, 35224, 246, 208, -1, 1
45624, 36000, 246, 203, -1, -17
46424, 36000, 246, 205, -5, -16
47224, 36000, 246, 208, -10, -16
48000, 35976, 246, 211, -15, -16
48000, 35176, 246, 214, -14, -7
48000, 34376, 246, 216, -14, 12
48000, 33576, 246, 203, -15, 35
48000, 32776, 246, 176, -17, 61
48000, 31976, 246, 149, -18, 83
48000, 31176, 246, 117, -20, 102
48000, 30376, 246, 88, -20, 115
48000, 29576, 246, 58, -21, 125
48000, 28776, 246, 32, -22, 128
48000, 27976, 246, 8, -22, 129
48000, 27176, 246, -12, -23, 125
48000, 26376, 246, -24, -24, 118
48000, 25576, 246, -28, -22, 110
48000, 24776, 246, -22, -21, 101
48000, 23976, 246, -12, -19, 93
48000, 23176, 246, -7, -16, 89
48000, 22376, 246, -10, -15, 90
48000, 21576, 246, -24, -13, 97
48000, 20776, 246, -47, -13, 105
48000, 19976, 246, -74, -13, 113
48000, 19176, 246, -106, -13, 119
48000, 18376, 246, -137, -13, 120
48000, 17576, 246, -163, -15, 116
48000, 16776, 246, -185, -15, 106
48000, 15976, 246, -202, -16, 93
48000, 15176, 246, -207, -16, 75
48000, 14376, 246, -200, -16, 55
48000, 13576, 246, -190, -15, 34
48000, 12776, 246, -187, -16, 17
48000, 11976, 246, -187, -15, 2
48000, 11176, 246, -189, -14, -12
48000, 10376, 246, -179, -11, -28
48000, 9576, 246, -150, -7, -46
48000, 8776, 246, -119, -3, -62
48000, 7976, 246, -94, 0, -72
48000, 7176, 246, -77, 2, -78
48000, 6376, 246, -64, 3, -77
48000, 5576, 246, -55, 3, -74
48000, 4776, 246, -47, 2, -69
48000, 3976, 246, -41, 2, -65
48000, 3176, 246, -36, 1, -61
48000, 2376, 246, -32, 1, -57
48000, 1576, 246, -29, 0, -54
48000, 776, 246, -25, 0, -50
48024, 0, 246, -24, -1, -48
48824, 0, 246, -23, -1, -47
49624, 0, 246, -23, 0, -46
50400, 24, 246, -23, 1, -46
50400, 824, 246, -24, 2, -47
50400, 1624, 246, -26, 2, -50
50400, 2424, 246, -29, 3, -54
50400, 3224, 246, -33, 4, -57
50400, 4024, 246, -36, 5, -60
50400, 4824, 246, -42, 6, -65
50400, 5624, 246, -49, 8, -69
50400, 6424, 246, -57, 9, -74
50400, 7224, 246, -68, 11, -77
50400, 8024, 246, -83, 11, -77
50400, 8824, 246, -103, 12, -71
50400, 9624, 246, -132, 11, -57
50400, 10424, 246, -168, 10, -39
50400, 11224, 246, -194, 7, -22
50400, 12024, 246, -198, 7, -7
50400, 12824, 246, -197, 7, 6
50400, 13624, 246, -197, 7, 23
50400, 14424, 246, -203, 8, 41
50400, 15224, 246, -211, 8, 60
50400, 16024, 246, -211, 8, 79
50400, 16824, 246, -199, 7, 94
50400, 17624, 246, -180, 6, 105
50400, 18424, 246, -157, 5, 112
50400, 19224, 246, -129, 3, 113
50400, 20024, 246, -99, 0, 111
50400, 20824, 246, -70, -3, 104
50400, 21624, 246, -45, -5, 96
50400, 22424, 246, -25, -8, 89
50400, 23224, 246, -16, -11, 85
50400, 24024, 246, -17, -14, 86
50400, 24824, 246, -24, -18, 93
50400, 25624, 246, -30, -21, 102
50400, 26424, 246, -31, -23, 110
50400, 27224, 246, -20, -24, 117
50400, 28024, 246, -2, -26, 121
50400, 28824, 246, 22, -28, 122
50400, 29624, 246, 47, -31, 122
50400, 30424, 246, 74, -34, 115
50400, 31224, 246, 102, -37, 107
50400, 32024, 246, 129, -39, 93
50400, 32824, 246, 158, -40, 75
50400, 33624, 246, 186, -41, 54
50400, 34424, 246, 208, -41, 34
50400, 35224, 246, 220, -41, 15
50424, 36000, 246, 223, -42, -6
51224, 36000, 246, 226, -53, -6
52024, 36000, 246, 228, -64, -5
52800, 35976, 246, 228, -74, -4
52800, 35176, 246, 229, -73, 5
52800, 34376, 246, 221, -70, 24
52800, 33576, 246, 199, -66, 46
52800, 32776, 246, 168, -61, 68
52800, 31976, 246, 133, -56, 88
52800, 31176, 246, 104, -49, 100
52800, 30376, 246, 74, -42, 110
52800, 29576, 246, 48, -36, 115
52800, 28776, 246, 24, -30, 116
52800, 27976, 246, -1, -25, 115
52800, 27176, 246, -23, -20, 112
52800, 26376, 246, -36, -17, 106
52800, 25576, 246, -39, -14, 99
52800, 24776, 246, -32, -10, 91
52800, 23976, 246, -25, -7, 84
52800, 23176, 246, -23, -3, 81
52800, 22376, 246, -30, 1, 84
52800, 21576, 246, -50, 7, 90
52800, 20776, 246, -76, 13, 98
52800, 19976, 246, -104, 19, 104
52800, 19176, 246, -131, 24, 107
52800, 18376, 246, -158, 30, 105
52800, 17576, 246, -183, 33, 99
52800, 16776, 246, -203, 37, 90
52800, 15976, 246, -217, 39, 77
52800, 15176, 246, -219, 40, 60
52800, 14376, 246, -213, 39, 42
52800, 13576, 246, -209, 39, 24
52800, 12776, 246, -209, 37, 9
52800, 11976, 246, -210, 36, -5
52800, 11176, 246, -206, 33, -19
52800, 10376, 246, -179, 31, -36
52800, 9576, 246, -139, 27, -54
52800, 8776, 246, -106, 24, -68
52800, 7976, 246, -83, 21, -75
52800, 7176, 246, -67, 18, -75
52800, 6376, 246, -56, 15, -71
52800, 5576, 246, -47, 13, -66
52800, 4776, 246, -41, 11, -63
52800, 3976, 246, -36, 8, -59
52800, 3176, 246, -32, 8, -55
52800, 2376, 246, -28, 5, -51
52800, 1576, 246, -24, 3, -47
52800, 776, 246, -23, 3, -45
52824, 0, 246, -21, 2, -43
53624, 0, 246, -20, 2, -42
54424, 0, 246, -20, 2, -42
55200, 24, 246, -21, 3, -41
55200, 824, 246, -21, 4, -42
55200, 1624, 246, -23, 5, -44
55200, 2424, 246, -26, 7, -46
55200, 3224, 246, -28, 8, -49
55200, 4024, 246, -32, 10, -52
55200, 4824, 246, -36, 12, -55
55200, 5624, 246, -41, 15, -59
55200, 6424, 246, -47, 18, -62
55200, 7224, 246, -55, 22, -66
55200, 8024, 246, -67, 26, -67
55200, 8824, 246, -82, 31, -65
55200, 9624, 246, -105, 37, -56
55200, 10424, 246, -137, 44, -43
55200, 11224, 246, -172, 51, -26
55200, 12024, 246, -190, 56, -12
55200, 12824, 246, -193, 59, 2
55200, 13624, 246, -193, 61, 15
55200, 14424, 246, -193, 62, 29
55200, 15224, 246, -192, 63, 45
55200, 16024, 246, -193, 62, 59
55200, 16824, 246, -186, 59, 72
55200, 17624, 246, -171, 55, 82
55200, 18424, 246, -151, 49, 88
55200, 19224, 246, -128, 42, 92
55200, 20024, 246, -106, 35, 92
55200, 20824, 246, -83, 27, 89
55200, 21624, 246, -61, 18, 84
55200, 22424, 246, -41, 11, 79
55200, 23224, 246, -29, 5, 76
55200, 24024, 246, -27, 1, 76
55200, 24824, 246, -31, -4, 80
55200, 25624, 246, -37, -6, 87
55200, 26424, 246, -37, -12, 92
55200, 27224, 246, -28, -16, 97
55200, 28024, 246, -11, -22, 100
55200, 28824, 246, 7, -29, 101
55200, 29624, 246, 23, -36, 101
55200, 30424, 246, 39, -43, 99
55200, 31224, 246, 59, -50, 96
55200, 32024, 246, 80, -58, 86
55200, 32824, 246, 105, -65, 75
55200, 33624, 246, 130, -71, 60
55200, 34424, 246, 153, -79, 43
55200, 35224, 246, 171, -85, 27
55224, 36000, 246, 183, -89, 9
56024, 36000, 246, 157, -89, 10
56824, 36000, 246, 133, -88, 10
57600, 35976, 246, 114, -86, 11
57600, 35176, 246, 113, -84, 19
57600, 34376, 246, 105, -80, 32
57600, 33576, 246, 91, -73, 48
57600, 32776, 246, 75, -65, 61
57600, 31976, 246, 59, -57, 72
57600, 31176, 246, 41, -48, 80
57600, 30376, 246, 27, -40, 85
57600, 29576, 246, 14, -33, 88
57600, 28776, 246, 3, -26, 88
57600, 27976, 246, -9, -19, 87
57600, 27176, 246, -18, -13, 85
57600, 26376, 246, -23, -8, 82
57600, 25576, 246, -26, -4, 77
57600, 24776, 246, -25, 0, 73
57600, 23976, 246, -26, 4, 71
57600, 23176, 246, -29, 9, 70
57600, 22376, 246, -37, 16, 72
57600, 21576, 246, -48, 23, 75
57600, 20776, 246, -62, 30, 77
57600, 19976, 246, -75, 38, 79
57600, 19176, 246, -90, 45, 78
57600, 18376, 246, -103, 52, 74
57600, 17576, 246, -116, 57, 68
57600, 16776, 246, -124, 61, 60
57600, 15976, 246, -130, 64, 48
57600, 15176, 246, -134, 65, 37
57600, 14376, 246, -135, 65, 24
57600, 13576, 246, -135, 64, 12
57600, 12776, 246, -134, 62, 0
57600, 11976, 246, -130, 58, -12
57600, 11176, 246, -118, 53, -25
57600, 10376, 246, -101, 46, -37
57600, 9576, 246, -83, 40, -47
57600, 8776, 246, -68, 34, -54
57600, 7976, 246, -57, 28, -56
57600, 7176, 246, -48, 24, -56
57600, 6376, 246, -41, 20, -54
57600, 5576, 246, -36, 18, -52
57600, 4776, 246, -32, 14, -49
57600, 3976, 246, -29, 12, -47
57600, 3176, 246, -26, 10, -45
57600, 2376, 246, -23, 8, -42
57600, 1576, 246, -21, 6, -41
57600, 776, 246, -20, 5, -39
57600, 0, 270, -18, 3, -36
57600, 701, 369, -19, 3, -36
57600, 1501, 369, -21, 4, -38
57600, 2301, 369, -23, 5, -40
57600, 3101, 369, -25, 8, -41
57600, 3901, 369, -28, 9, -44
57600, 4701, 369, -31, 11, -46
57600, 5501, 369, -34, 14, -47
57600, 6301, 369, -38, 16, -49
57600, 7101, 369, -44, 19, -50
57600, 7901, 369, -51, 23, -51
57600, 8701, 369, -59, 27, -50
57600, 9501, 369, -69, 32, -46
57600, 10301, 369, -83, 36, -40
57600, 11101, 369, -98, 42, -30
57600, 11901, 369, -112, 47, -20
57600, 12701, 369, -120, 51, -8
57600, 13501, 369, -125, 54, 3
57600, 14301, 369, -125, 56, 16
57600, 15101, 369, -126, 56, 25
57600, 15901, 369, -124, 56, 37
57600, 16701, 369, -121, 54, 47
57600, 17501, 369, -115, 52, 55
57600, 18301, 369, -105, 48, 63
57600, 19101, 369, -95, 43, 68
57600, 19901, 369, -83, 37, 71
57600, 20701, 369, -70, 31, 73
57600, 21501, 369, -57, 25, 72
57600, 22301, 369, -46, 17, 70
57600, 23101, 369, -36, 12, 68
57600, 23901, 369, -30, 5, 67
57600, 24701, 369, -26, 1, 69
57600, 25501, 369, -24, -3, 70
57600, 26301, 369, -23, -7, 74
57600, 27101, 369, -20, -11, 77
57600, 27901, 369, -14, -16, 79
57600, 28701, 369, -4, -21, 81
57600, 29501, 369, 6, -26, 81
57600, 30301, 369, 18, -33, 80
57600, 31101, 369, 29, -40, 77
57600, 31901, 369, 42, -48, 71
57600, 32701, 369, 54, -53, 65
57600, 33501, 369, 71, -60, 54
57600, 34301, 369, 82, -66, 45
57600, 35101, 369, 95, -71, 33
57600, 35901, 369, 103, -75, 20
56899, 36000, 369, 114, -77, 18
56099, 36000, 369, 132, -78, 19
55299, 36000, 369, 149, -77, 19
55200, 35299, 369, 153, -76, 26
55200, 34499, 369, 139, -71, 40
55200, 33699, 369, 117, -65, 55
55200, 32899, 369, 95, -58, 70
55200, 32099, 369, 71, -51, 81
55200, 31299, 369, 49, -43, 89
55200, 30499, 369, 33, -37, 93
55200, 29699, 369, 16, -30, 95
55200, 28899, 369, -1, -23, 95
55200, 28099, 369, -15, -18, 93
55200, 27299, 369, -26, -12, 89
55200, 26499, 369, -30, -9, 87
55200, 25699, 369, -29, -5, 80
55200, 24899, 369, -28, -1, 76
55200, 24099, 369, -29, 2, 74
55200, 23299, 369, -36, 7, 75
55200, 22499, 369, -47, 13, 80
55200, 21699, 369, -66, 20, 82
55200, 20899, 369, -86, 27, 85
55200, 20099, 369, -105, 33, 85
55200, 19299, 369, -123, 39, 84
55200, 18499, 369, -142, 45, 79
55200, 17699, 369, -156, 49, 72
55200, 16899, 369, -166, 52, 63
55200, 16099, 369, -172, 54, 49
55200, 15299, 369, -172, 54, 36
55200, 14499, 369, -172, 53, 24
55200, 13699, 369, -172, 52, 10
55200, 12899, 369, -170, 50, -1
55200, 12099, 369, -163, 47, -14
55200, 11299, 369, -145, 43, -28
55200, 10499, 369, -120, 37, -40
55200, 9699, 369, -95, 32, -52
55200, 8899, 369, -77, 28, -57
55200, 8099, 369, -64, 22, -60
55200, 7299, 369, -53, 19, -59
55200, 6499, 369, -45, 16, -57
55200, 5699, 369, -41, 13, -54
55200, 4899, 369, -34, 11, -51
55200, 4099, 369, -32, 9, -49
55200, 3299, 369, -28, 8, -46
55200, 2499, 369, -25, 6, -44
55200, 1699, 369, -23, 4, -42
55200, 899, 369, -21, 3, -40
55200, 99, 369, -19, 2, -38
54499, 0, 369, -19, 3, -38
53699, 0, 369, -19, 2, -38
52899, 0, 369, -20, 1, -39
52800, 701, 369, -21, 1, -40
52800, 1501, 369, -22, 2, -43
52800, 2301, 369, -24, 2, -45
52800, 3101, 369, -27, 4, -47
52800, 3901, 369, -30, 6, -49
52800, 4701, 369, -33, 7, -53
52800, 5501, 369, -38, 9, -56
52800, 6301, 369, -43, 10, -59
52800, 7101, 369, -50, 13, -62
52800, 7901, 369, -58, 15, -65
52800, 8701, 369, -70, 18, -66
52800, 9501, 369, -85, 20, -64
52800, 10301, 369, -106, 24, -56
52800, 11101, 369, -135, 27, -44
52800, 11901, 369, -163, 32, -28
52800, 12701, 369, -183, 32, -15
52800, 13501, 369, -188, 36, -2
52800, 14301, 369, -189, 35, 12
52800, 15101, 369, -191, 36, 26
52800, 15901, 369, -193, 36, 42
52800, 16701, 369, -195, 36, 56
52800, 17501, 369, -190, 35, 71
52800, 18301, 369, -177, 33, 82
52800, 19101, 369, -159, 29, 89
52800, 19901, 369, -136, 25, 94
52800, 20701, 369, -114, 21, 96
52800, 21501, 369, -91, 15, 94
52800, 22301, 369, -68, 10, 89
52800, 23101, 369, -47, 4, 83
52800, 23901, 369, -33, 0, 80
52800, 24701, 369, -26, -5, 79
52800, 25501, 369, -27, -8, 82
52800, 26301, 369, -30, -12, 87
52800, 27101, 369, -31, -15, 93
52800, 27901, 369, -25, -18, 98
52800, 28701, 369, -10, -22, 102
52800, 29501, 369, 7, -27, 104
52800, 30301, 369, 27, -32, 104
52800, 31101, 369, 47, -36, 101
52800, 31901, 369, 68, -42, 96
52800, 32701, 369, 92, -47, 87
52800, 33501, 369, 118, -53, 75
52800, 34301, 369, 142, -57, 61
52800, 35101, 369, 166, -62, 43
52800, 35901, 369, 185, -65, 25
52099, 36000, 369, 192, -60, 24
51299, 36000, 369, 193, -52, 23
50499, 36000, 369, 194, -43, 23
50400, 35299, 369, 190, -40, 30
50400, 34499, 369, 174, -39, 48
50400, 33699, 369, 148, -38, 68
50400, 32899, 369, 122, -36, 85
50400, 32099, 369, 95, -34, 99
50400, 31299, 369, 69, -31, 108
50400, 30499, 369, 47, -29, 111
50400, 29699, 369, 22, -26, 114
50400, 28899, 369, 0, -24, 113
50400, 28099, 369, -15, -22, 110
50400, 27299, 369, -25, -20, 103
50400, 26499, 369, -26, -18, 98
50400, 25699, 369, -22, -16, 91
50400, 24899, 369, -19, -12, 86
50400, 24099, 369, -19, -10, 86
50400, 23299, 369, -29, -7, 87
50400, 22499, 369, -45, -4, 92
50400, 21699, 369, -66, -1, 98
50400, 20899, 369, -93, 2, 103
50400, 20099, 369, -118, 4, 105
50400, 19299, 369, -143, 6, 103
50400, 18499, 369, -164, 7, 98
50400, 17699, 369, -180, 8, 89
50400, 16899, 369, -193, 9, 76
50400, 16099, 369, -195, 9, 60
50400, 15299, 369, -192, 9, 43
50400, 14499, 369, -187, 9, 26
50400, 13699, 369, -186, 9, 11
50400, 12899, 369, -184, 8, -2
50400, 12099, 369, -179, 8, -16
50400, 11299, 369, -163, 9, -31
50400, 10499, 369, -137, 10, -45
50400, 9699, 369, -110, 11, -59
50400, 8899, 369, -89, 10, -66
50400, 8099, 369, -73, 10, -69
50400, 7299, 369, -60, 9, -69
50400, 6499, 369, -51, 7, -65
50400, 5699, 369, -45, 6, -62
50400, 4899, 369, -38, 5, -58
50400, 4099, 369, -35, 4, -55
50400, 3299, 369, -31, 3, -52
50400, 2499, 369, -28, 2, -49
50400, 1699, 369, -25, 1, -46
50400, 899, 369, -23, 0, -43
50400, 99, 369, -21, -1, -41
49699, 0, 369, -21, -1, -41
48899, 0, 369, -22, -1, -42
48099, 0, 369, -21, -2, -42
48000, 701, 369, -22, -2, -43
48000, 1501, 369, -24, -1, -46
48000, 2301, 369, -26, -1, -48
48000, 3101, 369, -29, 0, -51
48000, 3901, 369, -33, 0, -54
48000, 4701, 369, -36, 1, -57
48000, 5501, 369, -41, 2, -61
48000, 6301, 369, -47, 3, -64
48000, 7101, 369, -55, 3, -68
48000, 7901, 369, -64, 3, -69
48000, 8701, 369, -76, 3, -70
48000, 9501, 369, -91, 2, -66
48000, 10301, 369, -112, 0, -57
48000, 11101, 369, -138, -2, -44
48000, 11901, 369, -161, -5, -28
48000, 12701, 369, -175, -8, -13
48000, 13501, 369, -178, -9, 1
48000, 14301, 369, -179, -10, 15
48000, 15101, 369, -182, -11, 31
48000, 15901, 369, -187, -11, 49
48000, 16701, 369, -190, -11, 67
48000, 17501, 369, -187, -11, 82
48000, 18301, 369, -174, -11, 94
48000, 19101, 369, -155, -10, 104
48000, 19901, 369, -132, -11, 108
48000, 20701, 369, -107, -11, 109
48000, 21501, 369, -79, -12, 105
48000, 22301, 369, -55, -12, 100
48000, 23101, 369, -35, -14, 94
48000, 23901, 369, -21, -14, 89
48000, 24701, 369, -15, -16, 87
48000, 25501, 369, -16, -17, 90
48000, 26301, 369, -20, -20, 95
48000, 27101, 369, -22, -22, 103
48000, 27901, 369, -17, -23, 109
48000, 28701, 369, -7, -23, 114
48000, 29501, 369, 8, -22, 117
48000, 30301, 369, 28, -24, 117
48000, 31101, 369, 48, -24, 114
48000, 31901, 369, 72, -24, 108
48000, 32701, 369, 94, -24, 99
48000, 33501, 369, 120, -24, 87
48000, 34301, 369, 145, -23, 69
48000, 35101, 369, 165, -22, 53
48000, 35901, 369, 184, -22, 33
47299, 36000, 369, 185, -16, 31
46499, 36000, 369, 184, -12, 31
45699, 36000, 369, 183, -8, 31
45600, 35299, 369, 180, -6, 37
45600, 34499, 369, 162, -8, 56
45600, 33699, 369, 139, -9, 75
45600, 32899, 369, 113, -12, 92
45600, 32099, 369, 83, -14, 107
45600, 31299, 369, 57, -16, 116
45600, 30499, 369, 34, -18, 119
45600, 29699, 369, 15, -19, 120
45600, 28899, 369, -2, -21, 118
45600, 28099, 369, -15, -21, 114
45600, 27299, 369, -19, -22, 107
45600, 26499, 369, -17, -20, 100
45600, 25699, 369, -12, -18, 94
45600, 24899, 369, -10, -17, 90
45600, 24099, 369, -14, -17, 91
45600, 23299, 369, -26, -16, 95
45600, 22499, 369, -45, -16, 102
45600, 21699, 369, -70, -18, 108
45600, 20899, 369, -96, -20, 112
45600, 20099, 369, -122, -21, 114
45600, 19299, 369, -147, -23, 110
45600, 18499, 369, -168, -24, 101
45600, 17699, 369, -181, -25, 91
45600, 16899, 369, -187, -24, 74
45600, 16099, 369, -184, -25, 56
45600, 15299, 369, -177, -24, 38
45600, 14499, 369, -174, -23, 21
45600, 13699, 369, -173, -22, 8
45600, 12899, 369, -171, -20, -7
45600, 12099, 369, -163, -18, -20
45600, 11299, 369, -144, -14, -35
45600, 10499, 369, -119, -10, -51
45600, 9699, 369, -97, -7, -62
45600, 8899, 369, -82, -5, -68
45600, 8099, 369, -67, -3, -70
45600, 7299, 369, -59, -2, -68
45600, 6499, 369, -50, -2, -66
45600, 5699, 369, -44, -2, -63
45600, 4899, 369, -39, -2, -60
45600, 4099, 369, -35, -2, -57
45600, 3299, 369, -31, -2, -53
45600, 2499, 369, -28, -2, -50
45600, 1699, 369, -25, -3, -48
45600, 899, 369, -23, -4, -45
45600, 99, 369, -21, -4, -42
44899, 0, 369, -20, -4, -43
44099, 0, 369, -21, -5, -43
43299, 0, 369, -20, -5, -42
43200, 701, 369, -22, -5, -44
43200, 1501, 369, -24, -5, -46
43200, 2301, 369, -26, -5, -49
43200, 3101, 369, -29, -5, -52
43200, 3901, 369, -31, -4, -54
43200, 4701, 369, -35, -4, -58
43200, 5501, 369, -39, -5, -61
43200, 6301, 369, -45, -5, -64
43200, 7101, 369, -51, -5, -66
43200, 7901, 369, -60, -6, -69
43200, 8701, 369, -68, -7, -69
43200, 9501, 369, -81, -10, -68
43200, 10301, 369, -97, -12, -60
43200, 11101, 369, -118, -16, -50
43200, 11901, 369, -142, -20, -35
43200, 12701, 369, -160, -24, -19
43200, 13501, 369, -167, -27, -5
43200, 14301, 369, -170, -29, 10
43200, 15101, 369, -171, -30, 24
43200, 15901, 369, -174, -32, 40
43200, 16701, 369, -179, -34, 57
43200, 17501, 369, -183, -35, 75
43200, 18301, 369, -178, -35, 90
43200, 19101, 369, -165, -34, 103
43200, 19901, 369, -144, -33, 111
43200, 20701, 369, -119, -30, 113
43200, 21501, 369, -92, -27, 112
43200, 22301, 369, -65, -24, 108
43200, 23101, 369, -43, -22, 102
43200, 23901, 369, -25, -20, 96
43200, 24701, 369, -13, -19, 92
43200, 25501, 369, -10, -19, 92
43200, 26301, 369, -12, -20, 95
43200, 27101, 369, -17, -21, 101
43200, 27901, 369, -17, -22, 109
43200, 28701, 369, -11, -22, 114
43200, 29501, 369, 1, -21, 119
43200, 30301, 369, 19, -19, 120
43200, 31101, 369, 40, -16, 119
43200, 31901, 369, 63, -13, 114
43200, 32701, 369, 87, -10, 104
43200, 33501, 369, 113, -7, 91
43200, 34301, 369, 140, -4, 73
43200, 35101, 369, 164, -1, 53
43200, 35901, 369, 181, 1, 33
42499, 36000, 369, 182, 4, 32
41699, 36000, 369, 182, 7, 33
40899, 36000, 369, 180, 9, 33
40800, 35299, 369, 177, 9, 40
40800, 34499, 369, 159, 7, 59
40800, 33699, 369, 133, 2, 80
40800, 32899, 369, 107, -1, 95
40800, 32099, 369, 78, -7, 109
40800, 31299, 369, 55, -11, 115
40800, 30499, 369, 35, -14, 120
40800, 29699, 369, 15, -17, 119
40800, 28899, 369, -1, -20, 117
40800, 28099, 369, -12, -20, 112
40800, 27299, 369, -16, -20, 107
40800, 26499, 369, -13, -20, 100
40800, 25699, 369, -11, -19, 95
40800, 24899, 369, -11, -19, 94
40800, 24099, 369, -18, -20, 95
40800, 23299, 369, -32, -22, 100
40800, 22499, 369, -51, -26, 105
40800, 21699, 369, -75, -30, 110
40800, 20899, 369, -99, -35, 112
40800, 20099, 369, -122, -39, 111
40800, 19299, 369, -144, -42, 107
40800, 18499, 369, -160, -44, 99
40800, 17699, 369, -172, -44, 87
40800, 16899, 369, -175, -42, 72
40800, 16099, 369, -172, -40, 55
40800, 15299, 369, -170, -38, 39
40800, 14499, 369, -168, -35, 23
40800, 13699, 369, -167, -33, 10
40800, 12899, 369, -164, -31, -8
40800, 12099, 369, -154, -28, -22
40800, 11299, 369, -131, -24, -38
40800, 10499, 369, -109, -20, -52
40800, 9699, 369, -90, -16, -62
40800, 8899, 369, -76, -13, -68
40800, 8099, 369, -65, -11, -68
40800, 7299, 369, -55, -10, -67
40800, 6499, 369, -48, -8, -65
40800, 5699, 369, -43, -7, -62
40800, 4899, 369, -38, -7, -60
40800, 4099, 369, -34, -7, -56
40800, 3299, 369, -29, -7, -53
40800, 2499, 369, -28, -6, -51
40800, 1699, 369, -25, -7, -48
40800, 899, 369, -22, -6, -45
40800, 99, 369, -21, -7, -43
40099, 0, 369, -21, -7, -43
39299, 0, 369, -21, -8, -43
38499, 0, 369, -20, -8, -43
38400, 701, 369, -21, -8, -45
38400, 1501, 369, -23, -8, -47
38400, 2301, 369, -26, -8, -49
38400, 3101, 369, -28, -8, -51
38400, 3901, 369, -31, -8, -54
38400, 4701, 369, -35, -9, -57
38400, 5501, 369, -37, -9, -59
38400, 6301, 369, -43, -10, -63
38400, 7101, 369, -50, -11, -65
38400, 7901, 369, -56, -12, -67
38400, 8701, 369, -64, -14, -68
38400, 9501, 369, -76, -16, -67
38400, 10301, 369, -89, -19, -62
38400, 11101, 369, -108, -22, -51
38400, 11901, 369, -130, -26, -36
38400, 12701, 369, -151, -30, -20
38400, 13501, 369, -162, -34, -3
38400, 14301, 369, -166, -36, 13
38400, 15101, 369, -166, -39, 29
38400, 15901, 369, -167, -42, 45
38400, 16701, 369, -165, -46, 60
38400, 17501, 369, -160, -50, 74
38400, 18301, 369, -152, -53, 86
38400, 19101, 369, -139, -53, 96
38400, 19901, 369, -123, -52, 103
38400, 20701, 369, -106, -48, 107
38400, 21501, 369, -87, -43, 107
38400, 22301, 369, -68, -37, 106
38400, 23101, 369, -49, -31, 102
38400, 23901, 369, -32, -26, 98
38400, 24701, 369, -20, -23, 95
38400, 25501, 369, -13, -21, 94
38400, 26301, 369, -12, -21, 96
38400, 27101, 369, -12, -21, 100
38400, 27901, 369, -11, -22, 106
38400, 28701, 369, -5, -21, 110
38400, 29501, 369, 6, -18, 114
38400, 30301, 369, 21, -17, 115
38400, 31101, 369, 39, -12, 115
38400, 31901, 369, 59, -7, 111
38400, 32701, 369, 80, -1, 104
38400, 33501, 369, 104, 4, 93
38400, 34301, 369, 129, 9, 77
38400, 35101, 369, 152, 13, 58
38400, 35901, 369, 169, 17, 37
37699, 36000, 369, 165, 20, 36
36899, 36000, 369, 158, 22, 37
36099, 36000, 369, 151, 24, 39
36000, 35299, 369, 143, 25, 46
36000, 34499, 369, 125, 23, 63
36000, 33699, 369, 105, 19, 79
36000, 32899, 369, 86, 12, 93
36000, 32099, 369, 66, 4, 103
36000, 31299, 369, 50, -1, 108
36000, 30499, 369, 34, -8, 110
36000, 29699, 369, 21, -13, 111
36000, 28899, 369, 10, -17, 109
36000, 28099, 369, 2, -19, 107
36000, 27299, 369, -4, -20, 103
36000, 26499, 369, -7, -20, 100
36000, 25699, 369, -11, -21, 97
36000, 24899, 369, -14, -21, 95
36000, 24099, 369, -20, -24, 96
36000, 23299, 369, -30, -28, 98
36000, 22499, 369, -40, -34, 100
36000, 21699, 369, -52, -40, 102
36000, 20899, 369, -66, -47, 103
36000, 20099, 369, -79, -52, 102
36000, 19299, 369, -93, -56, 99
36000, 18499, 369, -106, -58, 95
36000, 17699, 369, -121, -57, 88
36000, 16899, 369, -137, -54, 79
36000, 16099, 369, -153, -50, 69
36000, 15299, 369, -163, -45, 55
36000, 14499, 369, -165, -41, 39
36000, 13699, 369, -165, -39, 23
36000, 12899, 369, -162, -36, 3
36000, 12099, 369, -153, -33, -14
36000, 11299, 369, -132, -29, -32
36000, 10499, 369, -110, -25, -47
36000, 9699, 369, -92, -23, -58
36000, 8899, 369, -76, -19, -65
36000, 8099, 369, -66, -16, -67
36000, 7299, 369, -57, -15, -67
36000, 6499, 369, -49, -14, -64
36000, 5699, 369, -44, -13, -62
36000, 4899, 369, -39, -11, -60
36000, 4099, 369, -35, -11, -57
36000, 3299, 369, -31, -10, -54
36000, 2499, 369, -29, -10, -51
36000, 1699, 369, -26, -10, -49
36000, 899, 369, -23, -10, -46
36000, 99, 369, -21, -8, -45
35299, 0, 369, -21, -9, -44
34499, 0, 369, -21, -10, -44
33699, 0, 369, -21, -11, -44
33600, 701, 369, -22, -11, -45
33600, 1501, 369, -24, -11, -47
33600, 2301, 369, -27, -12, -49
33600, 3101, 369, -29, -12, -52
33600, 3901, 369, -32, -12, -55
33600, 4701, 369, -35, -13, -57
33600, 5501, 369, -40, -14, -60
33600, 6301, 369, -45, -14, -62
33600, 7101, 369, -50, -16, -64
33600, 7901, 369, -58, -17, -66
33600, 8701, 369, -67, -19, -66
33600, 9501, 369, -77, -21, -63
33600, 10301, 369, -92, -24, -57
33600, 11101, 369, -110, -27, -45
33600, 11901, 369, -133, -31, -30
33600, 12701, 369, -153, -35, -12
33600, 13501, 369, -162, -38, 8
33600, 14301, 369, -165, -41, 27
33600, 15101, 369, -165, -43, 45
33600, 15901, 369, -161, -46, 61
33600, 16701, 369, -146, -50, 73
33600, 17501, 369, -126, -53, 82
33600, 18301, 369, -106, -55, 88
33600, 19101, 369, -90, -55, 92
33600, 19901, 369, -76, -54, 95
33600, 20701, 369, -64, -51, 97
33600, 21501, 369, -52, -45, 98
33600, 22301, 369, -43, -41, 97
33600, 23101, 369, -34, -35, 96
33600, 23901, 369, -26, -30, 95
33600, 24701, 369, -19, -26, 95
33600, 25501, 369, -13, -24, 95
33600, 26301, 369, -7, -22, 97
33600, 27101, 369, -4, -21, 98
33600, 27901, 369, 2, -20, 101
33600, 28701, 369, 8, -19, 104
33600, 29501, 369, 17, -15, 105
33600, 30301, 369, 26, -10, 105
33600, 31101, 369, 37, -4, 105
33600, 31901, 369, 50, 2, 102
33600, 32701, 369, 64, 8, 97
33600, 33501, 369, 78, 14, 89
33600, 34301, 369, 95, 19, 78
33600, 35101, 369, 116, 23, 61
33600, 35901, 369, 136, 24, 43
32899, 36000, 369, 137, 24, 42
32099, 36000, 369, 136, 22, 43
31299, 36000, 369, 135, 21, 43
31200, 35299, 369, 127, 22, 50
31200, 34499, 369, 106, 19, 67
31200, 33699, 369, 86, 16, 82
31200, 32899, 369, 70, 11, 91
31200, 32099, 369, 55, 6, 98
31200, 31299, 369, 43, 0, 101
31200, 30499, 369, 33, -5, 102
31200, 29699, 369, 24, -8, 102
31200, 28899, 369, 16, -13, 101
31200, 28099, 369, 9, -16, 99
31200, 27299, 369, 3, -17, 99
31200, 26499, 369, -3, -19, 96
31200, 25699, 369, -7, -20, 95
31200, 24899, 369, -13, -23, 94
31200, 24099, 369, -18, -25, 94
31200, 23299, 369, -24, -27, 94
31200, 22499, 369, -31, -32, 95
31200, 21699, 369, -39, -36, 95
31200, 20899, 369, -48, -40, 95
31200, 20099, 369, -58, -43, 95
31200, 19299, 369, -70, -45, 94
31200, 18499, 369, -83, -47, 92
31200, 17699, 369, -101, -47, 89
31200, 16899, 369, -123, -47, 84
31200, 16099, 369, -147, -46, 77
31200, 15299, 369, -162, -44, 64
31200, 14499, 369, -166, -42, 49
31200, 13699, 369, -165, -41, 31
31200, 12899, 369, -161, -39, 9
31200, 12099, 369, -151, -36, -10
31200, 11299, 369, -130, -32, -29
31200, 10499, 369, -108, -29, -45
31200, 9699, 369, -90, -25, -56
31200, 8899, 369, -75, -23, -63
31200, 8099, 369, -64, -20, -66
31200, 7299, 369, -56, -19, -64
31200, 6499, 369, -49, -18, -63
31200, 5699, 369, -44, -16, -61
31200, 4899, 369, -39, -15, -59
31200, 4099, 369, -35, -14, -57
31200, 3299, 369, -31, -14, -54
31200, 2499, 369, -28, -13, -51
31200, 1699, 369, -26, -12, -49
31200, 899, 369, -23, -12, -47
31200, 99, 369, -22, -12, -44
30499, 0, 369, -21, -13, -44
29699, 0, 369, -21, -13, -44
28899, 0, 369, -21, -13, -44
28800, 701, 369, -22, -13, -45
28800, 1501, 369, -25, -14, -47
28800, 2301, 369, -26, -14, -50
28800, 3101, 369, -29, -15, -52
28800, 3901, 369, -32, -15, -55
28800, 4701, 369, -36, -16, -57
28800, 5501, 369, -38, -17, -58
28800, 6301, 369, -45, -18, -62
28800, 7101, 369, -50, -18, -64
28800, 7901, 369, -57, -20, -65
28800, 8701, 369, -65, -21, -65
28800, 9501, 369, -77, -24, -63
28800, 10301, 369, -91, -26, -56
28800, 11101, 369, -109, -29, -44
28800, 11901, 369, -133, -33, -27
28800, 12701, 369, -153, -36, -8
28800, 13501, 369, -163, -39, 12
28800, 14301, 369, -166, -41, 33
28800, 15101, 369, -167, -43, 52
28800, 15901, 369, -162, -44, 69
28800, 16701, 369, -145, -44, 79
28800, 17501, 369, -120, -44, 85
28800, 18301, 369, -98, -43, 89
28800, 19101, 369, -80, -42, 91
28800, 19901, 369, -66, -40, 92
28800, 20701, 369, -55, -38, 93
28800, 21501, 369, -45, -35, 92
28800, 22301, 369, -37, -33, 93
28800, 23101, 369, -30, -30, 92
28800, 23901, 369, -23, -27, 92
28800, 24701, 369, -17, -25, 92
28800, 25501, 369, -11, -23, 92
28800, 26301, 369, -6, -21, 94
28800, 27101, 369, 0, -17, 96
28800, 27901, 369, 6, -16, 96
28800, 28701, 369, 12, -14, 97
28800, 29501, 369, 20, -12, 99
28800, 30301, 369, 28, -9, 101
28800, 31101, 369, 35, -5, 99
28800, 31901, 369, 45, -1, 98
28800, 32701, 369, 56, 3, 95
28800, 33501, 369, 70, 7, 89
28800, 34301, 369, 85, 11, 81
28800, 35101, 369, 105, 14, 67
28800, 35901, 369, 127, 15, 50
28099, 36000, 369, 132, 16, 49
27299, 36000, 369, 131, 16, 47
26499, 36000, 369, 131, 14, 48
26400, 35299, 369, 123, 14, 55
26400, 34499, 369, 101, 12, 71
26400, 33699, 369, 82, 9, 84
26400, 32899, 369, 66, 5, 92
26400, 32099, 369, 52, 1, 96
26400, 31299, 369, 41, -2, 97
26400, 30499, 369, 32, -5, 98
26400, 29699, 369, 24, -8, 97
26400, 28899, 369, 18, -10, 96
26400, 28099, 369, 11, -13, 96
26400, 27299, 369, 5, -15, 94
26400, 26499, 369, -1, -17, 93
26400, 25699, 369, -6, -18, 93
26400, 24899, 369, -11, -20, 92
26400, 24099, 369, -17, -22, 92
26400, 23299, 369, -22, -25, 92
26400, 22499, 369, -29, -27, 92
26400, 21699, 369, -37, -29, 91
26400, 20899, 369, -45, -31, 92
26400, 20099, 369, -54, -33, 92
26400, 19299, 369, -66, -35, 92
26400, 18499, 369, -80, -37, 91
26400, 17699, 369, -100, -38, 90
26400, 16899, 369, -124, -40, 87
26400, 16099, 369, -149, -41, 81
26400, 15299, 369, -166, -42, 69
26400, 14499, 369, -168, -42, 53
26400, 13699, 369, -167, -41, 33
26400, 12899, 369, -163, -39, 11
26400, 12099, 369, -152, -36, -8
26400, 11299, 369, -132, -34, -26
26400, 10499, 369, -106, -31, -44
26400, 9699, 369, -89, -28, -56
26400, 8899, 369, -76, -25, -62
26400, 8099, 369, -65, -24, -65
26400, 7299, 369, -55, -22, -64
26400, 6499, 369, -48, -20, -63
26400, 5699, 369, -43, -19, -61
26400, 4899, 369, -39, -18, -59
26400, 4099, 369, -35, -17, -56
26400, 3299, 369, -31, -16, -54
26400, 2499, 369, -28, -16, -50
26400, 1699, 369, -25, -15, -48
26400, 899, 369, -23, -15, -46
26400, 99, 369, -21, -15, -43
25699, 0, 369, -21, -15, -43
24899, 0, 369, -21, -15, -43
24099, 0, 369, -21, -15, -43
24000, 701, 369, -22, -16, -45
24000, 1501, 369, -24, -16, -47
24000, 2301, 369, -27, -17, -49
24000, 3101, 369, -28, -18, -51
24000, 3901, 369, -32, -18, -54
24000, 4701, 369, -35, -18, -57
24000, 5501, 369, -39, -19, -59
24000, 6301, 369, -43, -20, -61
24000, 7101, 369, -50, -22, -63
24000, 7901, 369, -57, -23, -65
24000, 8701, 369, -65, -24, -65
24000, 9501, 369, -77, -26, -62
24000, 10301, 369, -90, -29, -56
24000, 11101, 369, -109, -31, -44
24000, 11901, 369, -132, -34, -27
24000, 12701, 369, -153, -37, -8
24000, 13501, 369, -164, -39, 12
24000, 14301, 369, -169, -41, 34
24000, 15101, 369, -170, -42, 55
24000, 15901, 369, -165, -42, 71
24000, 16701, 369, -149, -41, 82
24000, 17501, 369, -123, -39, 88
24000, 18301, 369, -99, -37, 90
24000, 19101, 369, -80, -35, 91
24000, 19901, 369, -65, -33, 92
24000, 20701, 369, -53, -32, 91
24000, 21501, 369, -44, -30, 91
24000, 22301, 369, -36, -28, 90
24000, 23101, 369, -28, -26, 90
24000, 23901, 369, -21, -24, 90
24000, 24701, 369, -16, -22, 90
24000, 25501, 369, -10, -20, 90
24000, 26301, 369, -5, -18, 91
24000, 27101, 369, 1, -15, 92
24000, 27901, 369, 6, -14, 93
24000, 28701, 369, 13, -13, 93
24000, 29501, 369, 19, -10, 94
24000, 30301, 369, 25, -8, 96
24000, 31101, 369, 34, -5, 96
24000, 31901, 369, 43, -2, 95
24000, 32701, 369, 54, 0, 94
24000, 33501, 369, 66, 3, 90
24000, 34301, 369, 81, 6, 83
24000, 35101, 369, 100, 9, 71
24000, 35901, 369, 124, 12, 54
23299, 36000, 369, 127, 13, 52
22499, 36000, 369, 128, 12, 51
21699, 36000, 369, 128, 12, 52
21600, 35299, 369, 120, 13, 59
21600, 34499, 369, 99, 11, 73
21600, 33699, 369, 80, 7, 86
21600, 32899, 369, 65, 4, 92
21600, 32099, 369, 51, 1, 95
21600, 31299, 369, 41, -2, 96
21600, 30499, 369, 32, -4, 96
21600, 29699, 369, 24, -7, 95
21600, 28899, 369, 18, -9, 93
21600, 28099, 369, 12, -11, 92
21600, 27299, 369, 6, -12, 91
21600, 26499, 369, 0, -14, 90
21600, 25699, 369, -5, -16, 90
21600, 24899, 369, -10, -18, 89
21600, 24099, 369, -16, -20, 89
21600, 23299, 369, -22, -22, 89
21600, 22499, 369, -28, -24, 89
21600, 21699, 369, -36, -25, 90
21600, 20899, 369, -44, -27, 91
21600, 20099, 369, -54, -30, 91
21600, 19299, 369, -66, -31, 92
21600, 18499, 369, -80, -32, 92
21600, 17699, 369, -102, -35, 92
21600, 16899, 369, -127, -38, 89
21600, 16099, 369, -153, -40, 83
21600, 15299, 369, -169, -40, 71
21600, 14499, 369, -172, -41, 54
21600, 13699, 369, -170, -41, 36
21600, 12899, 369, -167, -40, 14
21600, 12099, 369, -155, -38, -7
21600, 11299, 369, -131, -35, -29
21600, 10499, 369, -109, -32, -44
21600, 9699, 369, -91, -30, -56
21600, 8899, 369, -75, -28, -63
21600, 8099, 369, -64, -26, -64
21600, 7299, 369, -56, -25, -64
21600, 6499, 369, -49, -23, -63
21600, 5699, 369, -44, -22, -61
21600, 4899, 369, -39, -21, -59
21600, 4099, 369, -35, -20, -56
21600, 3299, 369, -31, -20, -53
21600, 2499, 369, -28, -19, -50
21600, 1699, 369, -26, -18, -48
21600, 899, 369, -23, -17, -46
21600, 99, 369, -21, -17, -43
20899, 0, 369, -21, -17, -43
20099, 0, 369, -21, -18, -43
19299, 0, 369, -21, -18, -42
19200, 701, 369, -22, -18, -43
19200, 1501, 369, -24, -19, -46
19200, 2301, 369, -26, -20, -48
19200, 3101, 369, -29, -20, -51
19200, 3901, 369, -32, -21, -53
19200, 4701, 369, -35, -22, -56
19200, 5501, 369, -39, -23, -59
19200, 6301, 369, -44, -24, -61
19200, 7101, 369, -50, -25, -64
19200, 7901, 369, -57, -26, -65
19200, 8701, 369, -66, -27, -65
19200, 9501, 369, -78, -29, -63
19200, 10301, 369, -93, -31, -56
19200, 11101, 369, -112, -33, -44
19200, 11901, 369, -137, -36, -26
19200, 12701, 369, -158, -39, -6
19200, 13501, 369, -170, -41, 15
19200, 14301, 369, -173, -42, 37
19200, 15101, 369, -174, -42, 58
19200, 15901, 369, -169, -42, 75
19200, 16701, 369, -150, -41, 85
19200, 17501, 369, -123, -38, 89
19200, 18301, 369, -98, -36, 92
19200, 19101, 369, -79, -33, 91
19200, 19901, 369, -64, -31, 91
19200, 20701, 369, -51, -29, 89
19200, 21501, 369, -42, -27, 89
19200, 22301, 369, -34, -25, 88
19200, 23101, 369, -27, -23, 87
19200, 23901, 369, -21, -22, 87
19200, 24701, 369, -14, -20, 87
19200, 25501, 369, -9, -18, 87
19200, 26301, 369, -3, -16, 88
19200, 27101, 369, 2, -13, 89
19200, 27901, 369, 7, -12, 90
19200, 28701, 369, 14, -10, 91
19200, 29501, 369, 20, -8, 92
19200, 30301, 369, 27, -5, 93
19200, 31101, 369, 35, -4, 94
19200, 31901, 369, 45, -1, 94
19200, 32701, 369, 55, 1, 93
19200, 33501, 369, 69, 5, 89
19200, 34301, 369, 85, 7, 81
19200, 35101, 369, 106, 10, 69
19200, 35901, 369, 132, 13, 49
18499, 36000, 369, 136, 14, 47
17699, 36000, 369, 137, 15, 47
16899, 36000, 369, 137, 15, 46
16800, 35299, 369, 130, 16, 55
16800, 34499, 369, 106, 12, 71
16800, 33699, 369, 85, 9, 84
16800, 32899, 369, 68, 6, 91
16800, 32099, 369, 69, 6, 91
16800, 31299, 369, 69, 7, 91
16800, 30499, 369, 69, 6, 91
16800, 29699, 369, 69, 7, 91
16800, 28899, 369, 69, 7, 91
16800, 28099, 369, 70, 7, 91
16800, 27299, 369, 69, 7, 91
16800, 26499, 369, 69, 6, 91
16800, 25699, 369, 69, 7, 91
16800, 24899, 369, 69, 7, 91
16800, 24099, 369, 69, 7, 91
16800, 23299, 369, 69, 6, 91
16800, 22499, 369, 69, 7, 91
16800, 21699, 369, 69, 7, 91
16800, 20899, 369, 69, 6, 91
