x,y,z,u,v,w
-270, 36000, 0, -24, 41, 25
-1070, 36000, 0, -25, 43, 28
-1870, 36000, 0, -28, 43, 30
-2670, 36000, 0, -31, 44, 33
-3470, 36000, 0, -33, 44, 35
-4270, 36000, 0, -37, 45, 37
-5070, 36000, 0, -39, 44, 40
-5870, 36000, 0, -40, 44, 43
-6670, 36000, 0, -44, 43, 45
-7470, 36000, 0, -46, 42, 47
-8270, 36000, 0, -49, 40, 49
-9070, 36000, 0, -50, 38, 51
-9870, 36000, 0, -52, 36, 53
-10670, 36000, 0, -53, 33, 55
-11470, 36000, 0, -54, 30, 56
-12270, 36000, 0, -55, 26, 57
-13070, 36000, 0, -55, 23, 58
-13870, 36000, 0, -55, 20, 58
-14670, 36000, 0, -56, 18, 59
-15470, 36000, 0, -56, 15, 59
-16270, 36000, 0, -55, 13, 60
-17070, 36000, 0, -55, 11, 60
-17870, 36000, 0, -55, 10, 60
-18670, 36000, 0, -56, 7, 61
-19470, 36000, 0, -56, 5, 61
-20270, 36000, 0, -55, 4, 60
-21070, 36000, 0, -55, 3, 60
-21870, 36000, 0, -55, 2, 60
-22670, 36000, 0, -55, 1, 61
-23470, 36000, 0, -55, 1, 61
-24270, 36000, 0, -54, -1, 60
-25070, 36000, 0, -54, -1, 61
-25870, 36000, 0, -55, -2, 61
-26670, 36000, 0, -54, -3, 60
-27470, 36000, 0, -54, -3, 61
-28270, 36000, 0, -53, -4, 61
-29070, 36000, 0, -54, -4, 61
-29870, 36000, 0, -54, -5, 61
-30670, 36000, 0, -54, -5, 61
-31470, 36000, 0, -54, -5, 61
-32270, 36000, 0, -54, -6, 61
-33070, 36000, 0, -54, -6, 61
-33870, 36000, 0, -54, -6, 61
-34670, 36000, 0, -55, -7, 61
-35470, 36000, 0, -54, -8, 62
-36270, 36000, 0, -54, -8, 62
-37070, 36000, 0, -54, -8, 62
-37870, 36000, 0, -54, -9, 62
-38670, 36000, 0, -54, -9, 63
-39470, 36000, 0, -54, -10, 62
-40270, 36000, 0, -55, -10, 63
-41070, 36000, 0, -55, -11, 63
-41870, 36000, 0, -55, -11, 63
-42670, 36000, 0, -55, -11, 63
-43470, 36000, 0, -56, -12, 64
-44270, 36000, 0, -55, -12, 64
-45070, 36000, 0, -55, -13, 64
-45870, 36000, 0, -56, -13, 65
-46670, 36000, 0, -56, -15, 64
-47470, 36000, 0, -56, -16, 65
-48270, 36000, 0, -57, -17, 65
-49070, 36000, 0, -56, -18, 66
-49870, 36000, 0, -57, -19, 65
-50670, 36000, 0, -56, -20, 65
-51470, 36000, 0, -56, -22, 66
-52270, 36000, 0, -57, -23, 65
-53070, 36000, 0, -56, -25, 65
-53870, 36000, 0, -57, -27, 65
-54670, 36000, 0, -57, -29, 64
-55470, 36000, 0, -56, -30, 63
-56270, 36000, 0, -55, -34, 62
-57070, 36000, 0, -55, -36, 61
-57870, 36000, 0, -53, -39, 60
-58670, 36000, 0, -52, -41, 58
-59470, 36000, 0, -50, -44, 57
-60270, 36000, 0, -48, -48, 54
-61070, 36000, 0, -45, -51, 52
-61870, 36000, 0, -43, -53, 50
-62670, 36000, 0, -40, -55, 47
-63470, 36000, 0, -37, -57, 45
-64270, 36000, 0, -34, -58, 42
-65070, 36000, 0, -32, -58, 40
-65870, 36000, 0, -29, -59, 36
-66670, 36000, 0, -26, -58, 34
-67470, 36000, 0, -24, -57, 32
-68270, 36000, 0, -21, -56, 29
-69070, 36000, 0, -20, -55, 27
-69870, 36000, 0, -18, -53, 25
-70670, 36000, 0, -17, -52, 23
-71470, 36000, 0, -15, -50, 21
-71853, 36000, 123, -14, -47, 18
-71053, 36000, 123, -16, -49, 20
-70253, 36000, 123, -18, -51, 22
-69453, 36000, 123, -19, -52, 23
-68653, 36000, 123, -21, -53, 26
-67853, 36000, 123, -24, -54, 28
-67053, 36000, 123, -26, -56, 30
-66253, 36000, 123, -28, -56, 32
-65453, 36000, 123, -31, -56, 35
-64653, 36000, 123, -33, -56, 38
-63853, 36000, 123, -36, -55, 39
-63053, 36000, 123, -39, -54, 42
-62253, 36000, 123, -42, -53, 44
-61453, 36000, 123, -45, -51, 47
-60653, 36000, 123, -48, -48, 49
-59853, 36000, 123, -50, -45, 51
-59053, 36000, 123, -52, -43, 53
-58253, 36000, 123, -54, -41, 55
-57453, 36000, 123, -56, -38, 56
-56653, 36000, 123, -57, -35, 57
-55853, 36000, 123, -58, -33, 59
-55053, 36000, 123, -58, -31, 60
-54253, 36000, 123, -59, -29, 60
-53453, 36000, 123, -59, -27, 61
-52653, 36000, 123, -59, -25, 61
-51853, 36000, 123, -59, -23, 61
-51053, 36000, 123, -59, -22, 61
-50253, 36000, 123, -59, -20, 61
-49453, 36000, 123, -59, -19, 61
-48653, 36000, 123, -59, -18, 61
-47853, 36000, 123, -59, -17, 61
-47053, 36000, 123, -59, -16, 61
-46253, 36000, 123, -58, -15, 61
-45453, 36000, 123, -58, -15, 61
-44653, 36000, 123, -58, -14, 60
-43853, 36000, 123, -58, -14, 60
-43053, 36000, 123, -57, -12, 60
-42253, 36000, 123, -57, -12, 60
-41453, 36000, 123, -57, -11, 60
-40653, 36000, 123, -57, -11, 59
-39853, 36000, 123, -57, -10, 59
-39053, 36000, 123, -57, -9, 59
-38253, 36000, 123, -57, -9, 58
-37453, 36000, 123, -57, -9, 58
-36653, 36000, 123, -57, -9, 58
-35853, 36000, 123, -57, -8, 59
-35053, 36000, 123, -57, -8, 58
-34253, 36000, 123, -57, -7, 58
-33453, 36000, 123, -55, -7, 57
-32653, 36000, 123, -57, -6, 57
-31853, 36000, 123, -57, -6, 57
-31053, 36000, 123, -55, -6, 57
-30253, 36000, 123, -57, -5, 57
-29453, 36000, 123, -57, -5, 57
-28653, 36000, 123, -56, -5, 57
-27853, 36000, 123, -57, -3, 57
-27053, 36000, 123, -57, -4, 57
-26253, 36000, 123, -57, -3, 57
-25453, 36000, 123, -57, -2, 57
-24653, 36000, 123, -57, -2, 57
-23853, 36000, 123, -57, -1, 57
-23053, 36000, 123, -57, 0, 57
-22253, 36000, 123, -57, 2, 57
-21453, 36000, 123, -58, 2, 57
-20653, 36000, 123, -57, 3, 57
-19853, 36000, 123, -58, 4, 57
-19053, 36000, 123, -58, 5, 56
-18253, 36000, 123, -58, 7, 56
-17453, 36000, 123, -58, 9, 56
-16653, 36000, 123, -58, 11, 57
-15853, 36000, 123, -58, 12, 56
-15053, 36000, 123, -58, 15, 55
-14253, 36000, 123, -57, 17, 55
-13453, 36000, 123, -57, 20, 54
-12653, 36000, 123, -57, 23, 53
-11853, 36000, 123, -56, 25, 52
-11053, 36000, 123, -56, 28, 51
-10253, 36000, 123, -54, 31, 50
-9453, 36000, 123, -53, 34, 49
-8653, 36000, 123, -52, 36, 47
-7853, 36000, 123, -50, 38, 45
-7053, 36000, 123, -47, 39, 44
-6253, 36000, 123, -45, 41, 42
-5453, 36000, 123, -43, 41, 39
-4653, 36000, 123, -40, 42, 37
-3853, 36000, 123, -37, 42, 34
-3053, 36000, 123, -34, 41, 33
-2253, 36000, 123, -32, 42, 30
-1453, 36000, 123, -30, 41, 28
-653, 36000, 123, -26, 40, 25
0, 35853, 123, -25, 40, 24
0, 35053, 123, -27, 41, 24
-547, 34800, 123, -29, 42, 25
-1347, 34800, 123, -32, 43, 27
-2147, 34800, 123, -35, 44, 29
-2947, 34800, 123, -38, 46, 32
-3747, 34800, 123, -42, 45, 35
-4547, 34800, 123, -45, 46, 37
-5347, 34800, 123, -49, 45, 40
-6147, 34800, 123, -52, 45, 43
-6947, 34800, 123, -55, 44, 45
-7747, 34800, 123, -59, 43, 47
-8547, 34800, 123, -60, 40, 49
-9347, 34800, 123, -64, 38, 51
-10147, 34800, 123, -65, 34, 53
-10947, 34800, 123, -66, 31, 54
-11747, 34800, 123, -67, 28, 56
-12547, 34800, 123, -67, 24, 57
-13347, 34800, 123, -67, 21, 58
-14147, 34800, 123, -68, 18, 58
-14947, 34800, 123, -67, 14, 59
-15747, 34800, 123, -67, 13, 59
-16547, 34800, 123, -68, 10, 59
-17347, 34800, 123, -67, 8, 59
-18147, 34800, 123, -67, 7, 59
-18947, 34800, 123, -67, 5, 59
-19747, 34800, 123, -67, 3, 59
-20547, 34800, 123, -67, 1, 60
-21347, 34800, 123, -66, 1, 59
-22147, 34800, 123, -66, 0, 59
-22947, 34800, 123, -66, -2, 59
-23747, 34800, 123, -65, -2, 59
-24547, 34800, 123, -66, -3, 59
-25347, 34800, 123, -66, -3, 59
-26147, 34800, 123, -66, -4, 59
-26947, 34800, 123, -66, -4, 59
-27747, 34800, 123, -66, -5, 59
-28547, 34800, 123, -64, -5, 59
-29347, 34800, 123, -65, -6, 59
-30147, 34800, 123, -66, -6, 59
-30947, 34800, 123, -65, -7, 59
-31747, 34800, 123, -65, -7, 60
-32547, 34800, 123, -65, -7, 60
-33347, 34800, 123, -65, -8, 60
-34147, 34800, 123, -65, -8, 60
-34947, 34800, 123, -65, -8, 60
-35747, 34800, 123, -65, -9, 60
-36547, 34800, 123, -65, -9, 60
-37347, 34800, 123, -65, -10, 61
-38147, 34800, 123, -65, -10, 61
-38947, 34800, 123, -66, -10, 61
-39747, 34800, 123, -66, -11, 62
-40547, 34800, 123, -66, -11, 62
-41347, 34800, 123, -66, -11, 62
-42147, 34800, 123, -66, -12, 63
-42947, 34800, 123, -67, -13, 63
-43747, 34800, 123, -67, -13, 63
-44547, 34800, 123, -67, -13, 63
-45347, 34800, 123, -67, -15, 63
-46147, 34800, 123, -68, -15, 64
-46947, 34800, 123, -68, -16, 64
-47747, 34800, 123, -68, -17, 64
-48547, 34800, 123, -68, -18, 64
-49347, 34800, 123, -69, -19, 65
-50147, 34800, 123, -69, -21, 65
-50947, 34800, 123, -69, -22, 65
-51747, 34800, 123, -69, -24, 66
-52547, 34800, 123, -69, -25, 65
-53347, 34800, 123, -69, -27, 64
-54147, 34800, 123, -70, -29, 64
-54947, 34800, 123, -69, -31, 64
-55747, 34800, 123, -69, -34, 63
-56547, 34800, 123, -68, -36, 62
-57347, 34800, 123, -66, -39, 61
-58147, 34800, 123, -65, -42, 59
-58947, 34800, 123, -63, -46, 58
-59747, 34800, 123, -61, -48, 55
-60547, 34800, 123, -57, -52, 53
-61347, 34800, 123, -53, -55, 52
-62147, 34800, 123, -50, -57, 48
-62947, 34800, 123, -46, -60, 45
-63747, 34800, 123, -42, -61, 42
-64547, 34800, 123, -38, -61, 39
-65347, 34800, 123, -35, -62, 37
-66147, 34800, 123, -32, -62, 34
-66947, 34800, 123, -29, -61, 32
-67747, 34800, 123, -26, -59, 29
-68547, 34800, 123, -24, -58, 27
-69347, 34800, 123, -22, -56, 25
-70147, 34800, 123, -20, -55, 23
-70947, 34800, 123, -18, -53, 21
-71747, 34800, 123, -17, -51, 19
-72000, 34253, 123, -17, -53, 18
-71853, 33600, 123, -18, -55, 18
-71053, 33600, 123, -20, -57, 19
-70253, 33600, 123, -21, -59, 21
-69453, 33600, 123, -24, -62, 23
-68653, 33600, 123, -25, -63, 25
-67853, 33600, 123, -29, -67, 27
-67053, 33600, 123, -33, -68, 30
-66253, 33600, 123, -36, -70, 33
-65453, 33600, 123, -40, -71, 36
-64653, 33600, 123, -44, -72, 39
-63853, 33600, 123, -49, -71, 42
-63053, 33600, 123, -55, -70, 45
-62253, 33600, 123, -60, -68, 49
-61453, 33600, 123, -66, -65, 52
-60653, 33600, 123, -72, -61, 54
-59853, 33600, 123, -77, -57, 57
-59053, 33600, 123, -82, -52, 60
-58253, 33600, 123, -85, -49, 62
-57453, 33600, 123, -87, -45, 63
-56653, 33600, 123, -89, -41, 65
-55853, 33600, 123, -89, -38, 66
-55053, 33600, 123, -90, -35, 67
-54253, 33600, 123, -90, -33, 68
-53453, 33600, 123, -89, -30, 68
-52653, 33600, 123, -89, -28, 69
-51853, 33600, 123, -88, -27, 68
-51053, 33600, 123, -87, -25, 67
-50253, 33600, 123, -87, -23, 68
-49453, 33600, 123, -87, -22, 68
-48653, 33600, 123, -86, -21, 67
-47853, 33600, 123, -86, -20, 67
-47053, 33600, 123, -85, -19, 67
-46253, 33600, 123, -85, -18, 66
-45453, 33600, 123, -84, -17, 66
-44653, 33600, 123, -84, -16, 65
-43853, 33600, 123, -83, -16, 65
-43053, 33600, 123, -83, -15, 65
-42253, 33600, 123, -83, -14, 64
-41453, 33600, 123, -83, -14, 64
-40653, 33600, 123, -83, -13, 63
-39853, 33600, 123, -82, -13, 63
-39053, 33600, 123, -82, -13, 63
-38253, 33600, 123, -82, -12, 62
-37453, 33600, 123, -81, -12, 62
-36653, 33600, 123, -81, -12, 62
-35853, 33600, 123, -81, -11, 62
-35053, 33600, 123, -81, -11, 61
-34253, 33600, 123, -81, -11, 61
-33453, 33600, 123, -81, -11, 61
-32653, 33600, 123, -81, -10, 61
-31853, 33600, 123, -81, -10, 61
-31053, 33600, 123, -81, -10, 60
-30253, 33600, 123, -81, -10, 61
-29453, 33600, 123, -81, -9, 61
-28653, 33600, 123, -81, -9, 61
-27853, 33600, 123, -81, -8, 61
-27053, 33600, 123, -83, -7, 61
-26253, 33600, 123, -80, -7, 60
-25453, 33600, 123, -82, -7, 61
-24653, 33600, 123, -82, -6, 61
-23853, 33600, 123, -82, -5, 61
-23053, 33600, 123, -82, -3, 61
-22253, 33600, 123, -83, -4, 61
-21453, 33600, 123, -83, -3, 61
-20653, 33600, 123, -83, -2, 61
-19853, 33600, 123, -83, 0, 61
-19053, 33600, 123, -84, 0, 61
-18253, 33600, 123, -84, 2, 62
-17453, 33600, 123, -84, 4, 61
-16653, 33600, 123, -85, 6, 61
-15853, 33600, 123, -85, 8, 61
-15053, 33600, 123, -86, 11, 61
-14253, 33600, 123, -86, 14, 61
-13453, 33600, 123, -86, 17, 61
-12653, 33600, 123, -86, 21, 60
-11853, 33600, 123, -86, 25, 59
-11053, 33600, 123, -86, 31, 58
-10253, 33600, 123, -84, 35, 57
-9453, 33600, 123, -83, 39, 56
-8653, 33600, 123, -81, 43, 53
-7853, 33600, 123, -78, 46, 51
-7053, 33600, 123, -74, 48, 49
-6253, 33600, 123, -69, 50, 46
-5453, 33600, 123, -64, 50, 43
-4653, 33600, 123, -59, 51, 40
-3853, 33600, 123, -54, 50, 37
-3053, 33600, 123, -49, 50, 34
-2253, 33600, 123, -44, 49, 31
-1453, 33600, 123, -39, 47, 28
-653, 33600, 123, -35, 46, 25
0, 33453, 123, -33, 45, 23
0, 32653, 123, -36, 48, 23
-547, 32400, 123, -38, 49, 23
-1347, 32400, 123, -43, 51, 26
-2147, 32400, 123, -49, 52, 29
-2947, 32400, 123, -55, 54, 32
-3747, 32400, 123, -62, 57, 35
-4547, 32400, 123, -69, 56, 39
-5347, 32400, 123, -78, 57, 43
-6147, 32400, 123, -87, 57, 46
-6947, 32400, 123, -95, 55, 50
-7747, 32400, 123, -102, 53, 52
-8547, 32400, 123, -107, 49, 56
-9347, 32400, 123, -110, 45, 58
-10147, 32400, 123, -112, 39, 60
-10947, 32400, 123, -113, 33, 61
-11747, 32400, 123, -113, 28, 62
-12547, 32400, 123, -112, 22, 63
-13347, 32400, 123, -112, 17, 64
-14147, 32400, 123, -111, 13, 64
-14947, 32400, 123, -110, 9, 64
-15747, 32400, 123, -109, 6, 64
-16547, 32400, 123, -108, 3, 64
-17347, 32400, 123, -108, 1, 64
-18147, 32400, 123, -107, -1, 64
-18947, 32400, 123, -107, -3, 64
-19747, 32400, 123, -106, -4, 63
-20547, 32400, 123, -106, -5, 63
-21347, 32400, 123, -105, -6, 63
-22147, 32400, 123, -104, -7, 63
-22947, 32400, 123, -104, -8, 63
-23747, 32400, 123, -103, -9, 63
-24547, 32400, 123, -103, -9, 62
-25347, 32400, 123, -103, -10, 62
-26147, 32400, 123, -103, -10, 62
-26947, 32400, 123, -102, -10, 62
-27747, 32400, 123, -102, -11, 62
-28547, 32400, 123, -102, -11, 62
-29347, 32400, 123, -102, -12, 62
-30147, 32400, 123, -102, -12, 62
-30947, 32400, 123, -102, -12, 62
-31747, 32400, 123, -101, -12, 62
-32547, 32400, 123, -102, -13, 62
-33347, 32400, 123, -102, -13, 63
-34147, 32400, 123, -102, -14, 62
-34947, 32400, 123, -102, -14, 63
-35747, 32400, 123, -102, -14, 63
-36547, 32400, 123, -102, -14, 63
-37347, 32400, 123, -103, -14, 64
-38147, 32400, 123, -103, -15, 64
-38947, 32400, 123, -103, -15, 64
-39747, 32400, 123, -104, -15, 64
-40547, 32400, 123, -104, -15, 65
-41347, 32400, 123, -104, -15, 65
-42147, 32400, 123, -105, -16, 66
-42947, 32400, 123, -105, -17, 66
-43747, 32400, 123, -106, -17, 67
-44547, 32400, 123, -106, -18, 67
-45347, 32400, 123, -106, -19, 68
-46147, 32400, 123, -107, -19, 68
-46947, 32400, 123, -107, -20, 69
-47747, 32400, 123, -109, -21, 69
-48547, 32400, 123, -110, -22, 70
-49347, 32400, 123, -110, -23, 70
-50147, 32400, 123, -111, -24, 71
-50947, 32400, 123, -112, -26, 71
-51747, 32400, 123, -113, -28, 71
-52547, 32400, 123, -114, -30, 71
-53347, 32400, 123, -115, -32, 72
-54147, 32400, 123, -116, -33, 72
-54947, 32400, 123, -118, -37, 72
-55747, 32400, 123, -119, -39, 71
-56547, 32400, 123, -119, -43, 70
-57347, 32400, 123, -119, -47, 69
-58147, 32400, 123, -116, -51, 67
-58947, 32400, 123, -113, -56, 65
-59747, 32400, 123, -106, -62, 62
-60547, 32400, 123, -98, -67, 60
-61347, 32400, 123, -88, -72, 56
-62147, 32400, 123, -78, -76, 53
-62947, 32400, 123, -70, -80, 48
-63747, 32400, 123, -62, -82, 45
-64547, 32400, 123, -54, -83, 41
-65347, 32400, 123, -49, -82, 37
-66147, 32400, 123, -43, -79, 34
-66947, 32400, 123, -38, -78, 31
-67747, 32400, 123, -34, -75, 28
-68547, 32400, 123, -31, -72, 25
-69347, 32400, 123, -27, -68, 23
-70147, 32400, 123, -25, -66, 21
-70947, 32400, 123, -22, -62, 18
-71747, 32400, 123, -20, -60, 17
-72000, 31853, 123, -20, -61, 15
-71853, 31200, 123, -22, -64, 13
-71053, 31200, 123, -24, -67, 15
-70253, 31200, 123, -27, -70, 17
-69453, 31200, 123, -30, -75, 19
-68653, 31200, 123, -33, -78, 21
-67853, 31200, 123, -37, -82, 24
-67053, 31200, 123, -42, -86, 26
-66253, 31200, 123, -48, -90, 30
-65453, 31200, 123, -54, -93, 33
-64653, 31200, 123, -60, -94, 37
-63853, 31200, 123, -70, -95, 41
-63053, 31200, 123, -81, -95, 45
-62253, 31200, 123, -94, -91, 49
-61453, 31200, 123, -110, -86, 54
-60653, 31200, 123, -126, -80, 57
-59853, 31200, 123, -143, -72, 62
-59053, 31200, 123, -154, -65, 65
-58253, 31200, 123, -162, -59, 67
-57453, 31200, 123, -163, -54, 69
-56653, 31200, 123, -164, -49, 70
-55853, 31200, 123, -162, -45, 71
-55053, 31200, 123, -159, -41, 71
-54253, 31200, 123, -156, -38, 71
-53453, 31200, 123, -154, -36, 71
-52653, 31200, 123, -151, -33, 71
-51853, 31200, 123, -150, -32, 70
-51053, 31200, 123, -148, -29, 70
-50253, 31200, 123, -146, -28, 69
-49453, 31200, 123, -145, -27, 68
-48653, 31200, 123, -144, -26, 68
-47853, 31200, 123, -143, -24, 68
-47053, 31200, 123, -141, -23, 67
-46253, 31200, 123, -140, -22, 66
-45453, 31200, 123, -139, -21, 66
-44653, 31200, 123, -138, -21, 65
-43853, 31200, 123, -138, -20, 64
-43053, 31200, 123, -137, -19, 64
-42253, 31200, 123, -137, -19, 63
-41453, 31200, 123, -136, -19, 63
-40653, 31200, 123, -135, -19, 62
-39853, 31200, 123, -135, -18, 62
-39053, 31200, 123, -134, -18, 61
-38253, 31200, 123, -134, -18, 61
-37453, 31200, 123, -134, -18, 60
-36653, 31200, 123, -133, -18, 60
-35853, 31200, 123, -133, -17, 60
-35053, 31200, 123, -133, -17, 60
-34253, 31200, 123, -133, -17, 59
-33453, 31200, 123, -133, -17, 59
-32653, 31200, 123, -133, -17, 59
-31853, 31200, 123, -133, -17, 59
-31053, 31200, 123, -133, -16, 59
-30253, 31200, 123, -133, -16, 59
-29453, 31200, 123, -134, -16, 58
-28653, 31200, 123, -133, -15, 59
-27853, 31200, 123, -134, -15, 58
-27053, 31200, 123, -134, -15, 58
-26253, 31200, 123, -134, -15, 59
-25453, 31200, 123, -134, -14, 59
-24653, 31200, 123, -135, -14, 59
-23853, 31200, 123, -136, -14, 59
-23053, 31200, 123, -136, -13, 59
-22253, 31200, 123, -136, -13, 59
-21453, 31200, 123, -137, -12, 59
-20653, 31200, 123, -138, -11, 60
-19853, 31200, 123, -139, -10, 60
-19053, 31200, 123, -140, -9, 61
-18253, 31200, 123, -140, -7, 61
-17453, 31200, 123, -142, -5, 61
-16653, 31200, 123, -143, -3, 62
-15853, 31200, 123, -145, -1, 61
-15053, 31200, 123, -145, 2, 62
-14253, 31200, 123, -147, 6, 62
-13453, 31200, 123, -150, 10, 62
-12653, 31200, 123, -151, 16, 62
-11853, 31200, 123, -153, 22, 62
-11053, 31200, 123, -154, 29, 61
-10253, 31200, 123, -156, 37, 60
-9453, 31200, 123, -155, 44, 59
-8653, 31200, 123, -153, 51, 57
-7853, 31200, 123, -147, 57, 54
-7053, 31200, 123, -138, 60, 50
-6253, 31200, 123, -125, 62, 47
-5453, 31200, 123, -111, 63, 43
-4653, 31200, 123, -96, 63, 39
-3853, 31200, 123, -83, 61, 35
-3053, 31200, 123, -72, 60, 31
-2253, 31200, 123, -61, 58, 27
-1453, 31200, 123, -54, 56, 24
-653, 31200, 123, -48, 53, 20
0, 31053, 123, -43, 53, 18
0, 30253, 123, -47, 54, 13
-547, 30000, 123, -50, 55, 12
-1347, 30000, 123, -57, 58, 15
-2147, 30000, 123, -67, 61, 18
-2947, 30000, 123, -78, 63, 21
-3747, 30000, 123, -91, 66, 25
-4547, 30000, 123, -107, 67, 28
-5347, 30000, 123, -126, 69, 33
-6147, 30000, 123, -147, 70, 37
-6947, 30000, 123, -167, 68, 42
-7747, 30000, 123, -182, 65, 44
-8547, 30000, 123, -190, 59, 47
-9347, 30000, 123, -194, 52, 49
-10147, 30000, 123, -193, 42, 51
-10947, 30000, 123, -190, 33, 52
-11747, 30000, 123, -186, 23, 51
-12547, 30000, 123, -185, 15, 52
-13347, 30000, 123, -181, 9, 52
-14147, 30000, 123, -178, 4, 52
-14947, 30000, 123, -176, -1, 51
-15747, 30000, 123, -174, -4, 51
-16547, 30000, 123, -171, -7, 50
-17347, 30000, 123, -169, -10, 50
-18147, 30000, 123, -168, -11, 50
-18947, 30000, 123, -166, -13, 49
-19747, 30000, 123, -165, -13, 49
-20547, 30000, 123, -164, -15, 49
-21347, 30000, 123, -163, -16, 49
-22147, 30000, 123, -162, -16, 49
-22947, 30000, 123, -161, -17, 48
-23747, 30000, 123, -160, -18, 47
-24547, 30000, 123, -160, -18, 47
-25347, 30000, 123, -159, -18, 47
-26147, 30000, 123, -158, -18, 47
-26947, 30000, 123, -158, -19, 47
-27747, 30000, 123, -157, -18, 47
-28547, 30000, 123, -157, -19, 46
-29347, 30000, 123, -156, -19, 46
-30147, 30000, 123, -156, -19, 47
-30947, 30000, 123, -156, -19, 47
-31747, 30000, 123, -156, -19, 47
-32547, 30000, 123, -155, -19, 47
-33347, 30000, 123, -155, -20, 47
-34147, 30000, 123, -155, -19, 47
-34947, 30000, 123, -155, -20, 48
-35747, 30000, 123, -155, -19, 48
-36547, 30000, 123, -155, -20, 48
-37347, 30000, 123, -155, -20, 48
-38147, 30000, 123, -155, -19, 49
-38947, 30000, 123, -154, -20, 49
-39747, 30000, 123, -155, -19, 50
-40547, 30000, 123, -156, -19, 51
-41347, 30000, 123, -156, -20, 51
-42147, 30000, 123, -157, -20, 52
-42947, 30000, 123, -157, -20, 53
-43747, 30000, 123, -157, -20, 53
-44547, 30000, 123, -158, -21, 54
-45347, 30000, 123, -158, -21, 54
-46147, 30000, 123, -159, -23, 55
-46947, 30000, 123, -160, -23, 56
-47747, 30000, 123, -161, -24, 56
-48547, 30000, 123, -162, -25, 57
-49347, 30000, 123, -163, -27, 58
-50147, 30000, 123, -165, -28, 58
-50947, 30000, 123, -167, -30, 59
-51747, 30000, 123, -169, -31, 60
-52547, 30000, 123, -171, -34, 60
-53347, 30000, 123, -174, -36, 61
-54147, 30000, 123, -177, -38, 61
-54947, 30000, 123, -181, -42, 61
-55747, 30000, 123, -184, -45, 62
-56547, 30000, 123, -188, -50, 61
-57347, 30000, 123, -191, -54, 61
-58147, 30000, 123, -191, -60, 60
-58947, 30000, 123, -188, -67, 58
-59747, 30000, 123, -178, -75, 55
-60547, 30000, 123, -162, -83, 52
-61347, 30000, 123, -140, -92, 49
-62147, 30000, 123, -120, -99, 45
-62947, 30000, 123, -101, -104, 40
-63747, 30000, 123, -87, -106, 36
-64547, 30000, 123, -74, -106, 32
-65347, 30000, 123, -65, -104, 29
-66147, 30000, 123, -56, -100, 25
-66947, 30000, 123, -50, -96, 22
-67747, 30000, 123, -44, -92, 20
-68547, 30000, 123, -38, -88, 17
-69347, 30000, 123, -34, -83, 15
-70147, 30000, 123, -31, -78, 13
-70947, 30000, 123, -27, -74, 11
-71747, 30000, 123, -24, -70, 9
-72000, 29453, 123, -24, -70, 7
-71853, 28800, 123, -25, -71, 3
-71053, 28800, 123, -28, -75, 4
-70253, 28800, 123, -31, -79, 5
-69453, 28800, 123, -35, -84, 6
-68653, 28800, 123, -39, -90, 8
-67853, 28800, 123, -44, -95, 9
-67053, 28800, 123, -50, -100, 12
-66253, 28800, 123, -57, -104, 14
-65453, 28800, 123, -65, -108, 16
-64653, 28800, 123, -75, -111, 19
-63853, 28800, 123, -87, -112, 22
-63053, 28800, 123, -100, -110, 24
-62253, 28800, 123, -117, -106, 27
-61453, 28800, 123, -137, -98, 29
-60653, 28800, 123, -156, -90, 31
-59853, 28800, 123, -176, -81, 33
-59053, 28800, 123, -188, -72, 35
-58253, 28800, 123, -194, -65, 36
-57453, 28800, 123, -193, -59, 37
-56653, 28800, 123, -191, -53, 37
-55853, 28800, 123, -187, -48, 37
-55053, 28800, 123, -183, -44, 37
-54253, 28800, 123, -179, -41, 37
-53453, 28800, 123, -176, -37, 37
-52653, 28800, 123, -173, -35, 36
-51853, 28800, 123, -171, -32, 36
-51053, 28800, 123, -169, -30, 35
-50253, 28800, 123, -167, -28, 35
-49453, 28800, 123, -165, -27, 34
-48653, 28800, 123, -165, -25, 34
-47853, 28800, 123, -163, -23, 33
-47053, 28800, 123, -163, -22, 32
-46253, 28800, 123, -162, -21, 31
-45453, 28800, 123, -161, -20, 30
-44653, 28800, 123, -161, -19, 29
-43853, 28800, 123, -160, -18, 29
-43053, 28800, 123, -160, -19, 29
-42253, 28800, 123, -160, -18, 27
-41453, 28800, 123, -160, -18, 26
-40653, 28800, 123, -160, -18, 25
-39853, 28800, 123, -160, -19, 25
-39053, 28800, 123, -160, -19, 24
-38253, 28800, 123, -160, -19, 23
-37453, 28800, 123, -160, -19, 22
-36653, 28800, 123, -161, -20, 22
-35853, 28800, 123, -161, -20, 22
-35053, 28800, 123, -161, -20, 22
-34253, 28800, 123, -161, -20, 21
-33453, 28800, 123, -162, -20, 21
-32653, 28800, 123, -162, -20, 21
-31853, 28800, 123, -162, -21, 21
-31053, 28800, 123, -163, -20, 20
-30253, 28800, 123, -163, -21, 21
-29453, 28800, 123, -163, -21, 20
-28653, 28800, 123, -164, -20, 20
-27853, 28800, 123, -164, -21, 20
-27053, 28800, 123, -163, -20, 20
-26253, 28800, 123, -165, -20, 21
-25453, 28800, 123, -166, -19, 21
-24653, 28800, 123, -166, -19, 21
-23853, 28800, 123, -167, -19, 21
-23053, 28800, 123, -168, -19, 21
-22253, 28800, 123, -169, -19, 21
-21453, 28800, 123, -170, -18, 21
-20653, 28800, 123, -171, -17, 22
-19853, 28800, 123, -173, -16, 22
-19053, 28800, 123, -173, -15, 22
-18253, 28800, 123, -175, -14, 22
-17453, 28800, 123, -177, -12, 23
-16653, 28800, 123, -179, -10, 23
-15853, 28800, 123, -181, -8, 23
-15053, 28800, 123, -183, -5, 24
-14253, 28800, 123, -185, -1, 24
-13453, 28800, 123, -188, 5, 25
-12653, 28800, 123, -190, 10, 24
-11853, 28800, 123, -194, 18, 25
-11053, 28800, 123, -198, 27, 24
-10253, 28800, 123, -201, 37, 24
-9453, 28800, 123, -203, 46, 24
-8653, 28800, 123, -202, 55, 23
-7853, 28800, 123, -197, 62, 21
-7053, 28800, 123, -185, 67, 19
-6253, 28800, 123, -168, 69, 17
-5453, 28800, 123, -146, 70, 15
-4653, 28800, 123, -125, 70, 12
-3853, 28800, 123, -106, 67, 10
-3053, 28800, 123, -90, 65, 8
-2253, 28800, 123, -76, 62, 6
-1453, 28800, 123, -66, 59, 4
-653, 28800, 123, -56, 56, 2
0, 28653, 123, -50, 55, -1
0, 27853, 123, -49, 53, -10
-547, 27600, 123, -51, 53, -13
-1347, 27600, 123, -58, 56, -12
-2147, 27600, 123, -68, 58, -12
-2947, 27600, 123, -80, 61, -12
-3747, 27600, 123, -94, 63, -12
-4547, 27600, 123, -110, 65, -12
-5347, 27600, 123, -131, 67, -12
-6147, 27600, 123, -153, 67, -11
-6947, 27600, 123, -174, 65, -11
-7747, 27600, 123, -190, 62, -10
-8547, 27600, 123, -199, 56, -9
-9347, 27600, 123, -203, 49, -9
-10147, 27600, 123, -203, 40, -10
-10947, 27600, 123, -200, 31, -9
-11747, 27600, 123, -197, 22, -9
-12547, 27600, 123, -194, 14, -10
-13347, 27600, 123, -192, 8, -10
-14147, 27600, 123, -189, 3, -9
-14947, 27600, 123, -186, -2, -10
-15747, 27600, 123, -184, -4, -9
-16547, 27600, 123, -182, -8, -11
-17347, 27600, 123, -181, -10, -10
-18147, 27600, 123, -179, -12, -10
-18947, 27600, 123, -177, -14, -10
-19747, 27600, 123, -176, -15, -10
-20547, 27600, 123, -175, -16, -10
-21347, 27600, 123, -174, -17, -11
-22147, 27600, 123, -173, -18, -11
-22947, 27600, 123, -172, -18, -11
-23747, 27600, 123, -171, -18, -11
-24547, 27600, 123, -170, -19, -11
-25347, 27600, 123, -169, -19, -11
-26147, 27600, 123, -169, -19, -11
-26947, 27600, 123, -167, -19, -11
-27747, 27600, 123, -167, -19, -11
-28547, 27600, 123, -166, -19, -10
-29347, 27600, 123, -166, -19, -11
-30147, 27600, 123, -165, -19, -11
-30947, 27600, 123, -165, -19, -10
-31747, 27600, 123, -164, -19, -10
-32547, 27600, 123, -164, -19, -10
-33347, 27600, 123, -164, -18, -10
-34147, 27600, 123, -163, -18, -10
-34947, 27600, 123, -163, -18, -9
-35747, 27600, 123, -162, -17, -9
-36547, 27600, 123, -162, -17, -9
-37347, 27600, 123, -161, -17, -7
-38147, 27600, 123, -161, -16, -6
-38947, 27600, 123, -161, -15, -5
-39747, 27600, 123, -161, -15, -5
-40547, 27600, 123, -162, -14, -3
-41347, 27600, 123, -162, -13, -2
-42147, 27600, 123, -164, -12, -1
-42947, 27600, 123, -164, -12, 1
-43747, 27600, 123, -166, -12, 2
-44547, 27600, 123, -167, -12, 3
-45347, 27600, 123, -167, -13, 5
-46147, 27600, 123, -168, -14, 6
-46947, 27600, 123, -168, -16, 7
-47747, 27600, 123, -170, -18, 8
-48547, 27600, 123, -170, -19, 9
-49347, 27600, 123, -171, -22, 10
-50147, 27600, 123, -173, -25, 11
-50947, 27600, 123, -175, -27, 12
-51747, 27600, 123, -177, -28, 12
-52547, 27600, 123, -179, -33, 13
-53347, 27600, 123, -182, -35, 13
-54147, 27600, 123, -184, -39, 13
-54947, 27600, 123, -188, -42, 13
-55747, 27600, 123, -192, -45, 14
-56547, 27600, 123, -196, -51, 14
-57347, 27600, 123, -199, -56, 13
-58147, 27600, 123, -200, -63, 13
-58947, 27600, 123, -197, -70, 13
-59747, 27600, 123, -187, -79, 13
-60547, 27600, 123, -171, -88, 11
-61347, 27600, 123, -148, -98, 10
-62147, 27600, 123, -129, -105, 9
-62947, 27600, 123, -109, -111, 8
-63747, 27600, 123, -95, -114, 6
-64547, 27600, 123, -81, -114, 5
-65347, 27600, 123, -72, -112, 3
-66147, 27600, 123, -62, -108, 2
-66947, 27600, 123, -54, -104, 1
-67747, 27600, 123, -47, -98, 0
-68547, 27600, 123, -42, -93, -1
-69347, 27600, 123, -37, -87, -2
-70147, 27600, 123, -33, -82, -3
-70947, 27600, 123, -29, -77, -3
-71747, 27600, 123, -26, -73, -4
-72000, 27053, 123, -25, -70, -7
-71853, 26400, 123, -25, -70, -12
-71053, 26400, 123, -28, -73, -12
-70253, 26400, 123, -31, -77, -11
-69453, 26400, 123, -35, -83, -12
-68653, 26400, 123, -39, -87, -11
-67853, 26400, 123, -44, -93, -12
-67053, 26400, 123, -51, -98, -11
-66253, 26400, 123, -57, -103, -12
-65453, 26400, 123, -66, -108, -11
-64653, 26400, 123, -75, -111, -11
-63853, 26400, 123, -87, -112, -11
-63053, 26400, 123, -101, -112, -10
-62253, 26400, 123, -119, -108, -10
-61453, 26400, 123, -139, -101, -9
-60653, 26400, 123, -162, -93, -9
-59853, 26400, 123, -183, -84, -8
-59053, 26400, 123, -199, -75, -8
-58253, 26400, 123, -207, -67, -7
-57453, 26400, 123, -209, -61, -7
-56653, 26400, 123, -208, -55, -7
-55853, 26400, 123, -206, -49, -7
-55053, 26400, 123, -203, -45, -7
-54253, 26400, 123, -200, -41, -8
-53453, 26400, 123, -198, -37, -8
-52653, 26400, 123, -196, -34, -7
-51853, 26400, 123, -193, -30, -9
-51053, 26400, 123, -192, -27, -9
-50253, 26400, 123, -189, -23, -9
-49453, 26400, 123, -187, -21, -10
-48653, 26400, 123, -185, -17, -12
-47853, 26400, 123, -183, -13, -13
-47053, 26400, 123, -181, -10, -14
-46253, 26400, 123, -179, -6, -16
-45453, 26400, 123, -177, -3, -17
-44653, 26400, 123, -174, -2, -19
-43853, 26400, 123, -169, -1, -22
-43053, 26400, 123, -162, -1, -25
-42253, 26400, 123, -154, -2, -27
-41453, 26400, 123, -146, -4, -29
-40653, 26400, 123, -142, -5, -31
-39853, 26400, 123, -138, -6, -34
-39053, 26400, 123, -136, -7, -36
-38253, 26400, 123, -134, -9, -37
-37453, 26400, 123, -133, -9, -39
-36653, 26400, 123, -133, -11, -40
-35853, 26400, 123, -133, -12, -40
-35053, 26400, 123, -133, -12, -41
-34253, 26400, 123, -133, -13, -41
-33453, 26400, 123, -133, -14, -43
-32653, 26400, 123, -133, -14, -43
-31853, 26400, 123, -134, -14, -43
-31053, 26400, 123, -134, -14, -44
-30253, 26400, 123, -135, -15, -44
-29453, 26400, 123, -135, -15, -45
-28653, 26400, 123, -135, -15, -45
-27853, 26400, 123, -135, -15, -45
-27053, 26400, 123, -137, -15, -45
-26253, 26400, 123, -138, -16, -45
-25453, 26400, 123, -138, -15, -45
-24653, 26400, 123, -138, -14, -45
-23853, 26400, 123, -139, -14, -45
-23053, 26400, 123, -140, -14, -45
-22253, 26400, 123, -141, -13, -46
-21453, 26400, 123, -140, -12, -45
-20653, 26400, 123, -142, -12, -45
-19853, 26400, 123, -144, -11, -46
-19053, 26400, 123, -144, -10, -46
-18253, 26400, 123, -146, -8, -46
-17453, 26400, 123, -147, -7, -46
-16653, 26400, 123, -148, -4, -46
-15853, 26400, 123, -149, -2, -46
-15053, 26400, 123, -151, 1, -45
-14253, 26400, 123, -153, 5, -46
-13453, 26400, 123, -154, 9, -46
-12653, 26400, 123, -156, 14, -46
-11853, 26400, 123, -157, 19, -46
-11053, 26400, 123, -159, 26, -45
-10253, 26400, 123, -159, 33, -45
-9453, 26400, 123, -158, 40, -44
-8653, 26400, 123, -156, 46, -44
-7853, 26400, 123, -150, 51, -43
-7053, 26400, 123, -139, 54, -42
-6253, 26400, 123, -127, 56, -40
-5453, 26400, 123, -112, 57, -39
-4653, 26400, 123, -98, 56, -36
-3853, 26400, 123, -85, 55, -34
-3053, 26400, 123, -74, 54, -33
-2253, 26400, 123, -64, 53, -31
-1453, 26400, 123, -56, 51, -29
-653, 26400, 123, -49, 49, -27
0, 26253, 123, -43, 46, -27
0, 25453, 123, -38, 42, -35
-547, 25200, 123, -37, 41, -38
-1347, 25200, 123, -42, 43, -42
-2147, 25200, 123, -47, 44, -44
-2947, 25200, 123, -53, 45, -47
-3747, 25200, 123, -60, 46, -51
-4547, 25200, 123, -66, 46, -55
-5347, 25200, 123, -74, 46, -59
-6147, 25200, 123, -81, 46, -63
-6947, 25200, 123, -87, 45, -67
-7747, 25200, 123, -93, 43, -70
-8547, 25200, 123, -97, 40, -73
-9347, 25200, 123, -101, 37, -75
-10147, 25200, 123, -101, 32, -77
-10947, 25200, 123, -104, 29, -78
-11747, 25200, 123, -104, 23, -78
-12547, 25200, 123, -105, 19, -78
-13347, 25200, 123, -105, 15, -79
-14147, 25200, 123, -104, 11, -79
-14947, 25200, 123, -104, 8, -79
-15747, 25200, 123, -103, 5, -79
-16547, 25200, 123, -103, 3, -78
-17347, 25200, 123, -102, 1, -78
-18147, 25200, 123, -101, -1, -78
-18947, 25200, 123, -100, -3, -78
-19747, 25200, 123, -100, -4, -78
-20547, 25200, 123, -100, -6, -78
-21347, 25200, 123, -99, -6, -78
-22147, 25200, 123, -98, -7, -77
-22947, 25200, 123, -98, -7, -77
-23747, 25200, 123, -97, -8, -77
-24547, 25200, 123, -97, -9, -76
-25347, 25200, 123, -95, -9, -77
-26147, 25200, 123, -96, -8, -76
-26947, 25200, 123, -96, -9, -77
-27747, 25200, 123, -95, -9, -76
-28547, 25200, 123, -95, -9, -75
-29347, 25200, 123, -95, -9, -76
-30147, 25200, 123, -95, -8, -76
-30947, 25200, 123, -95, -9, -75
-31747, 25200, 123, -95, -8, -74
-32547, 25200, 123, -94, -7, -74
-33347, 25200, 123, -94, -7, -74
-34147, 25200, 123, -95, -7, -73
-34947, 25200, 123, -95, -6, -72
-35747, 25200, 123, -95, -5, -71
-36547, 25200, 123, -95, -4, -70
-37347, 25200, 123, -97, -3, -69
-38147, 25200, 123, -99, -2, -67
-38947, 25200, 123, -102, 0, -66
-39747, 25200, 123, -106, 3, -64
-40547, 25200, 123, -112, 4, -61
-41347, 25200, 123, -120, 6, -58
-42147, 25200, 123, -131, 7, -55
-42947, 25200, 123, -143, 9, -53
-43747, 25200, 123, -157, 9, -49
-44547, 25200, 123, -168, 9, -46
-45347, 25200, 123, -176, 7, -43
-46147, 25200, 123, -181, 5, -41
-46947, 25200, 123, -185, 0, -39
-47747, 25200, 123, -188, -4, -37
-48547, 25200, 123, -189, -10, -36
-49347, 25200, 123, -191, -14, -35
-50147, 25200, 123, -192, -18, -35
-50947, 25200, 123, -193, -22, -34
-51747, 25200, 123, -192, -27, -33
-52547, 25200, 123, -193, -30, -32
-53347, 25200, 123, -194, -34, -32
-54147, 25200, 123, -195, -38, -32
-54947, 25200, 123, -197, -41, -32
-55747, 25200, 123, -199, -45, -31
-56547, 25200, 123, -201, -50, -31
-57347, 25200, 123, -204, -55, -31
-58147, 25200, 123, -203, -61, -30
-58947, 25200, 123, -199, -67, -30
-59747, 25200, 123, -186, -76, -30
-60547, 25200, 123, -168, -84, -29
-61347, 25200, 123, -143, -92, -29
-62147, 25200, 123, -122, -99, -28
-62947, 25200, 123, -103, -104, -28
-63747, 25200, 123, -88, -106, -27
-64547, 25200, 123, -75, -106, -26
-65347, 25200, 123, -65, -103, -27
-66147, 25200, 123, -56, -99, -25
-66947, 25200, 123, -50, -94, -24
-67747, 25200, 123, -44, -89, -23
-68547, 25200, 123, -39, -83, -23
-69347, 25200, 123, -35, -79, -22
-70147, 25200, 123, -31, -75, -21
-70947, 25200, 123, -27, -70, -20
-71747, 25200, 123, -24, -66, -19
-72000, 24653, 123, -23, -61, -22
-71853, 24000, 123, -21, -58, -27
-71053, 24000, 123, -24, -61, -28
-70253, 24000, 123, -27, -65, -29
-69453, 24000, 123, -30, -69, -31
-68653, 24000, 123, -33, -72, -33
-67853, 24000, 123, -38, -77, -34
-67053, 24000, 123, -42, -81, -36
-66253, 24000, 123, -48, -85, -38
-65453, 24000, 123, -54, -89, -40
-64653, 24000, 123, -63, -91, -42
-63853, 24000, 123, -72, -93, -44
-63053, 24000, 123, -84, -92, -46
-62253, 24000, 123, -98, -89, -47
-61453, 24000, 123, -116, -83, -50
-60653, 24000, 123, -135, -76, -52
-59853, 24000, 123, -153, -69, -54
-59053, 24000, 123, -167, -62, -55
-58253, 24000, 123, -173, -56, -57
-57453, 24000, 123, -175, -51, -59
-56653, 24000, 123, -175, -46, -60
-55853, 24000, 123, -174, -41, -60
-55053, 24000, 123, -172, -37, -61
-54253, 24000, 123, -170, -34, -62
-53453, 24000, 123, -169, -31, -63
-52653, 24000, 123, -169, -27, -63
-51853, 24000, 123, -168, -24, -63
-51053, 24000, 123, -167, -20, -64
-50253, 24000, 123, -168, -17, -65
-49453, 24000, 123, -167, -12, -65
-48653, 24000, 123, -167, -8, -66
-47853, 24000, 123, -166, -3, -66
-47053, 24000, 123, -164, 2, -67
-46253, 24000, 123, -160, 6, -68
-45453, 24000, 123, -156, 10, -70
-44653, 24000, 123, -149, 12, -71
-43853, 24000, 123, -140, 14, -73
-43053, 24000, 123, -128, 14, -75
-42253, 24000, 123, -114, 12, -77
-41453, 24000, 123, -103, 11, -79
-40653, 24000, 123, -93, 9, -81
-39853, 24000, 123, -86, 9, -82
-39053, 24000, 123, -81, 5, -84
-38253, 24000, 123, -78, 4, -85
-37453, 24000, 123, -75, 2, -87
-36653, 24000, 123, -73, 1, -87
-35853, 24000, 123, -71, 0, -88
-35053, 24000, 123, -70, -1, -89
-34253, 24000, 123, -70, -2, -89
-33453, 24000, 123, -70, -2, -90
-32653, 24000, 123, -69, -3, -91
-31853, 24000, 123, -68, -4, -91
-31053, 24000, 123, -68, -4, -91
-30253, 24000, 123, -67, -4, -92
-29453, 24000, 123, -68, -5, -93
-28653, 24000, 123, -68, -5, -92
-27853, 24000, 123, -68, -4, -93
-27053, 24000, 123, -69, -5, -93
-26253, 24000, 123, -68, -4, -93
-25453, 24000, 123, -69, -5, -93
-24653, 24000, 123, -69, -4, -94
-23853, 24000, 123, -69, -4, -94
-23053, 24000, 123, -69, -3, -94
-22253, 24000, 123, -69, -2, -94
-21453, 24000, 123, -70, -2, -94
-20653, 24000, 123, -70, -1, -95
-19853, 24000, 123, -70, 0, -94
-19053, 24000, 123, -70, 1, -94
-18253, 24000, 123, -70, 2, -94
-17453, 24000, 123, -71, 4, -95
-16653, 24000, 123, -71, 6, -95
-15853, 24000, 123, -71, 8, -95
-15053, 24000, 123, -71, 9, -94
-14253, 24000, 123, -71, 11, -95
-13453, 24000, 123, -71, 14, -94
-12653, 24000, 123, -70, 17, -94
-11853, 24000, 123, -70, 19, -93
-11053, 24000, 123, -70, 22, -93
-10253, 24000, 123, -68, 25, -91
-9453, 24000, 123, -67, 27, -89
-8653, 24000, 123, -65, 30, -87
-7853, 24000, 123, -63, 32, -84
-7053, 24000, 123, -59, 33, -80
-6253, 24000, 123, -56, 35, -76
-5453, 24000, 123, -53, 36, -72
-4653, 24000, 123, -49, 37, -68
-3853, 24000, 123, -45, 36, -64
-3053, 24000, 123, -41, 36, -60
-2253, 24000, 123, -38, 36, -56
-1453, 24000, 123, -35, 36, -52
-653, 24000, 123, -31, 35, -48
0, 23853, 123, -27, 33, -47
0, 23053, 123, -23, 28, -50
-547, 22800, 123, -22, 27, -52
-1347, 22800, 123, -24, 29, -56
-2147, 22800, 123, -25, 28, -59
-2947, 22800, 123, -28, 28, -63
-3747, 22800, 123, -30, 28, -66
-4547, 22800, 123, -33, 28, -69
-5347, 22800, 123, -35, 28, -74
-6147, 22800, 123, -37, 27, -77
-6947, 22800, 123, -39, 26, -81
-7747, 22800, 123, -41, 26, -84
-8547, 22800, 123, -42, 24, -87
-9347, 22800, 123, -42, 23, -89
-10147, 22800, 123, -45, 21, -91
-10947, 22800, 123, -46, 19, -93
-11747, 22800, 123, -47, 18, -95
-12547, 22800, 123, -48, 16, -96
-13347, 22800, 123, -48, 14, -97
-14147, 22800, 123, -48, 12, -98
-14947, 22800, 123, -49, 11, -98
-15747, 22800, 123, -49, 9, -99
-16547, 22800, 123, -50, 8, -99
-17347, 22800, 123, -49, 6, -99
-18147, 22800, 123, -49, 5, -99
-18947, 22800, 123, -48, 4, -100
-19747, 22800, 123, -49, 3, -100
-20547, 22800, 123, -49, 3, -99
-21347, 22800, 123, -47, 2, -99
-22147, 22800, 123, -50, 1, -100
-22947, 22800, 123, -49, 0, -99
-23747, 22800, 123, -49, 0, -99
-24547, 22800, 123, -49, -1, -99
-25347, 22800, 123, -49, -1, -99
-26147, 22800, 123, -49, -1, -99
-26947, 22800, 123, -49, 0, -99
-27747, 22800, 123, -49, -1, -99
-28547, 22800, 123, -49, -1, -99
-29347, 22800, 123, -49, -1, -99
-30147, 22800, 123, -49, 0, -99
-30947, 22800, 123, -49, -1, -98
-31747, 22800, 123, -50, 0, -98
-32547, 22800, 123, -50, 0, -98
-33347, 22800, 123, -51, 0, -98
-34147, 22800, 123, -51, 2, -97
-34947, 22800, 123, -51, 2, -96
-35747, 22800, 123, -52, 3, -97
-36547, 22800, 123, -53, 4, -97
-37347, 22800, 123, -55, 5, -97
-38147, 22800, 123, -57, 6, -97
-38947, 22800, 123, -60, 8, -96
-39747, 22800, 123, -64, 9, -96
-40547, 22800, 123, -69, 11, -96
-41347, 22800, 123, -77, 12, -96
-42147, 22800, 123, -85, 14, -96
-42947, 22800, 123, -96, 14, -95
-43747, 22800, 123, -107, 15, -95
-44547, 22800, 123, -114, 14, -96
-45347, 22800, 123, -120, 12, -96
-46147, 22800, 123, -122, 9, -96
-46947, 22800, 123, -124, 5, -96
-47747, 22800, 123, -126, 1, -96
-48547, 22800, 123, -127, -3, -96
-49347, 22800, 123, -127, -7, -95
-50147, 22800, 123, -129, -10, -95
-50947, 22800, 123, -129, -13, -95
-51747, 22800, 123, -128, -16, -94
-52547, 22800, 123, -129, -19, -94
-53347, 22800, 123, -129, -22, -93
-54147, 22800, 123, -132, -24, -91
-54947, 22800, 123, -133, -27, -91
-55747, 22800, 123, -135, -30, -89
-56547, 22800, 123, -136, -33, -88
-57347, 22800, 123, -137, -37, -86
-58147, 22800, 123, -137, -41, -84
-58947, 22800, 123, -134, -46, -81
-59747, 22800, 123, -126, -52, -78
-60547, 22800, 123, -115, -58, -75
-61347, 22800, 123, -99, -64, -71
-62147, 22800, 123, -85, -69, -68
-62947, 22800, 123, -73, -73, -64
-63747, 22800, 123, -63, -75, -60
-64547, 22800, 123, -54, -75, -57
-65347, 22800, 123, -48, -73, -53
-66147, 22800, 123, -42, -71, -50
-66947, 22800, 123, -37, -68, -48
-67747, 22800, 123, -33, -65, -45
-68547, 22800, 123, -30, -62, -43
-69347, 22800, 123, -27, -59, -40
-70147, 22800, 123, -24, -56, -38
-70947, 22800, 123, -21, -52, -36
-71747, 22800, 123, -19, -50, -34
-72000, 22253, 123, -17, -45, -36
-71853, 21600, 123, -16, -39, -40
-71053, 21600, 123, -17, -42, -42
-70253, 21600, 123, -19, -44, -44
-69453, 21600, 123, -21, -46, -46
-68653, 21600, 123, -23, -48, -49
-67853, 21600, 123, -26, -50, -52
-67053, 21600, 123, -29, -52, -55
-66253, 21600, 123, -32, -54, -58
-65453, 21600, 123, -36, -55, -61
-64653, 21600, 123, -39, -55, -66
-63853, 21600, 123, -44, -56, -70
-63053, 21600, 123, -51, -54, -74
-62253, 21600, 123, -59, -51, -78
-61453, 21600, 123, -67, -48, -83
-60653, 21600, 123, -78, -43, -88
-59853, 21600, 123, -87, -38, -92
-59053, 21600, 123, -93, -34, -96
-58253, 21600, 123, -96, -29, -100
-57453, 21600, 123, -96, -27, -102
-56653, 21600, 123, -93, -23, -105
-55853, 21600, 123, -91, -21, -108
-55053, 21600, 123, -88, -17, -110
-54253, 21600, 123, -86, -17, -111
-53453, 21600, 123, -85, -15, -113
-52653, 21600, 123, -84, -13, -114
-51853, 21600, 123, -83, -10, -115
-51053, 21600, 123, -83, -9, -116
-50253, 21600, 123, -83, -7, -116
-49453, 21600, 123, -82, -5, -116
-48653, 21600, 123, -81, -3, -117
-47853, 21600, 123, -80, 0, -116
-47053, 21600, 123, -80, 2, -116
-46253, 21600, 123, -81, 5, -114
-45453, 21600, 123, -81, 8, -113
-44653, 21600, 123, -80, 9, -112
-43853, 21600, 123, -77, 11, -110
-43053, 21600, 123, -72, 11, -109
-42253, 21600, 123, -65, 11, -107
-41453, 21600, 123, -59, 11, -106
-40653, 21600, 123, -53, 10, -105
-39853, 21600, 123, -49, 9, -104
-39053, 21600, 123, -46, 8, -103
-38253, 21600, 123, -43, 7, -103
-37453, 21600, 123, -41, 7, -101
-36653, 21600, 123, -40, 5, -101
-35853, 21600, 123, -39, 5, -100
-35053, 21600, 123, -38, 5, -101
-34253, 21600, 123, -37, 3, -100
-33453, 21600, 123, -36, 3, -100
-32653, 21600, 123, -37, 2, -100
-31853, 21600, 123, -36, 2, -100
-31053, 21600, 123, -36, 2, -100
-30253, 21600, 123, -36, 1, -100
-29453, 21600, 123, -36, 1, -100
-28653, 21600, 123, -35, 0, -100
-27853, 21600, 123, -35, 1, -100
-27053, 21600, 123, -36, 1, -99
-26253, 21600, 123, -35, 0, -100
-25453, 21600, 123, -35, 1, -100
-24653, 21600, 123, -35, 1, -99
-23853, 21600, 123, -35, 1, -99
-23053, 21600, 123, -35, 2, -100
-22253, 21600, 123, -35, 2, -99
-21453, 21600, 123, -35, 3, -99
-20653, 21600, 123, -35, 3, -99
-19853, 21600, 123, -35, 3, -98
-19053, 21600, 123, -35, 4, -98
-18253, 21600, 123, -35, 5, -98
-17453, 21600, 123, -35, 6, -98
-16653, 21600, 123, -34, 7, -98
-15853, 21600, 123, -34, 8, -97
-15053, 21600, 123, -35, 9, -96
-14253, 21600, 123, -34, 10, -96
-13453, 21600, 123, -34, 11, -94
-12653, 21600, 123, -33, 12, -94
-11853, 21600, 123, -31, 13, -92
-11053, 21600, 123, -32, 14, -91
-10253, 21600, 123, -31, 15, -89
-9453, 21600, 123, -30, 16, -87
-8653, 21600, 123, -28, 17, -85
-7853, 21600, 123, -29, 19, -83
-7053, 21600, 123, -27, 19, -80
-6253, 21600, 123, -26, 20, -77
-5453, 21600, 123, -25, 20, -74
-4653, 21600, 123, -23, 21, -72
-3853, 21600, 123, -22, 20, -68
-3053, 21600, 123, -20, 21, -65
-2253, 21600, 123, -19, 21, -62
-1453, 21600, 123, -18, 21, -59
-653, 21600, 123, -16, 20, -56
0, 21453, 123, -14, 20, -54
0, 20653, 123, -11, 16, -54
-547, 20400, 123, -10, 15, -55
-1347, 20400, 123, -11, 15, -58
-2147, 20400, 123, -11, 15, -61
-2947, 20400, 123, -12, 16, -64
-3747, 20400, 123, -13, 15, -66
-4547, 20400, 123, -14, 15, -69
-5347, 20400, 123, -15, 14, -72
-6147, 20400, 123, -16, 14, -74
-6947, 20400, 123, -16, 14, -76
-7747, 20400, 123, -18, 13, -79
-8547, 20400, 123, -19, 13, -81
-9347, 20400, 123, -19, 12, -83
-10147, 20400, 123, -19, 12, -85
-10947, 20400, 123, -20, 11, -87
-11747, 20400, 123, -21, 11, -88
-12547, 20400, 123, -21, 9, -89
-13347, 20400, 123, -21, 9, -91
-14147, 20400, 123, -22, 9, -92
-14947, 20400, 123, -22, 7, -93
-15747, 20400, 123, -22, 7, -94
-16547, 20400, 123, -22, 6, -95
-17347, 20400, 123, -23, 6, -95
-18147, 20400, 123, -23, 5, -96
-18947, 20400, 123, -23, 5, -97
-19747, 20400, 123, -23, 4, -97
-20547, 20400, 123, -23, 4, -98
-21347, 20400, 123, -23, 3, -98
-22147, 20400, 123, -23, 3, -98
-22947, 20400, 123, -23, 3, -98
-23747, 20400, 123, -23, 2, -99
-24547, 20400, 123, -24, 2, -99
-25347, 20400, 123, -23, 2, -99
-26147, 20400, 123, -24, 2, -100
-26947, 20400, 123, -24, 2, -100
-27747, 20400, 123, -23, 2, -100
-28547, 20400, 123, -24, 2, -100
-29347, 20400, 123, -24, 2, -100
-30147, 20400, 123, -24, 2, -100
-30947, 20400, 123, -24, 3, -100
-31747, 20400, 123, -25, 3, -101
-32547, 20400, 123, -25, 3, -101
-33347, 20400, 123, -25, 4, -101
-34147, 20400, 123, -26, 4, -102
-34947, 20400, 123, -26, 5, -102
-35747, 20400, 123, -27, 5, -103
-36547, 20400, 123, -27, 6, -104
-37347, 20400, 123, -28, 6, -104
-38147, 20400, 123, -28, 8, -105
-38947, 20400, 123, -29, 7, -107
-39747, 20400, 123, -31, 9, -108
-40547, 20400, 123, -32, 8, -109
-41347, 20400, 123, -35, 8, -111
-42147, 20400, 123, -37, 9, -114
-42947, 20400, 123, -39, 9, -116
-43747, 20400, 123, -41, 8, -118
-44547, 20400, 123, -42, 8, -120
-45347, 20400, 123, -41, 6, -122
-46147, 20400, 123, -38, 5, -123
-46947, 20400, 123, -38, 3, -125
-47747, 20400, 123, -38, 1, -126
-48547, 20400, 123, -37, 0, -126
-49347, 20400, 123, -37, -1, -127
-50147, 20400, 123, -37, -2, -127
-50947, 20400, 123, -38, -3, -126
-51747, 20400, 123, -38, -4, -126
-52547, 20400, 123, -39, -5, -125
-53347, 20400, 123, -40, -5, -124
-54147, 20400, 123, -41, -7, -123
-54947, 20400, 123, -43, -8, -120
-55747, 20400, 123, -45, -10, -119
-56547, 20400, 123, -48, -11, -116
-57347, 20400, 123, -51, -12, -113
-58147, 20400, 123, -53, -15, -110
-58947, 20400, 123, -53, -18, -106
-59747, 20400, 123, -51, -21, -102
-60547, 20400, 123, -48, -24, -98
-61347, 20400, 123, -43, -28, -92
-62147, 20400, 123, -41, -31, -88
-62947, 20400, 123, -36, -35, -83
-63747, 20400, 123, -33, -36, -78
-64547, 20400, 123, -30, -37, -73
-65347, 20400, 123, -28, -37, -70
-66147, 20400, 123, -25, -38, -65
-66947, 20400, 123, -23, -37, -61
-67747, 20400, 123, -21, -37, -59
-68547, 20400, 123, -19, -35, -55
-69347, 20400, 123, -17, -35, -52
-70147, 20400, 123, -16, -34, -50
-70947, 20400, 123, -13, -32, -46
-71747, 20400, 123, -13, -31, -44
-72000, 19853, 123, -11, -27, -45
-71853, 19200, 123, -9, -22, -47
-71053, 19200, 123, -11, -23, -49
-70253, 19200, 123, -11, -23, -52
-69453, 19200, 123, -13, -24, -54
-68653, 19200, 123, -14, -25, -57
-67853, 19200, 123, -15, -25, -60
-67053, 19200, 123, -17, -25, -63
-66253, 19200, 123, -18, -25, -67
-65453, 19200, 123, -20, -25, -70
-64653, 19200, 123, -21, -24, -74
-63853, 19200, 123, -23, -23, -78
-63053, 19200, 123, -24, -21, -82
-62253, 19200, 123, -26, -18, -86
-61453, 19200, 123, -25, -16, -91
-60653, 19200, 123, -27, -14, -95
-59853, 19200, 123, -27, -11, -100
-59053, 19200, 123, -27, -9, -103
-58253, 19200, 123, -24, -7, -107
-57453, 19200, 123, -24, -5, -110
-56653, 19200, 123, -22, -3, -113
-55853, 19200, 123, -19, -2, -115
-55053, 19200, 123, -16, -2, -118
-54253, 19200, 123, -15, -1, -119
-53453, 19200, 123, -13, 0, -121
-52653, 19200, 123, -11, 0, -122
-51853, 19200, 123, -10, 0, -123
-51053, 19200, 123, -9, 2, -124
-50253, 19200, 123, -9, 1, -125
-49453, 19200, 123, -9, 1, -124
-48653, 19200, 123, -9, 1, -125
-47853, 19200, 123, -9, 2, -124
-47053, 19200, 123, -10, 3, -124
-46253, 19200, 123, -12, 4, -123
-45453, 19200, 123, -13, 4, -122
-44653, 19200, 123, -15, 5, -121
-43853, 19200, 123, -16, 6, -119
-43053, 19200, 123, -18, 6, -117
-42253, 19200, 123, -18, 7, -115
-41453, 19200, 123, -19, 7, -113
-40653, 19200, 123, -18, 7, -112
-39853, 19200, 123, -18, 7, -109
-39053, 19200, 123, -18, 7, -108
-38253, 19200, 123, -18, 6, -107
-37453, 19200, 123, -18, 6, -106
-36653, 19200, 123, -17, 6, -105
-35853, 19200, 123, -17, 5, -104
-35053, 19200, 123, -17, 5, -103
-34253, 19200, 123, -16, 4, -103
-33453, 19200, 123, -16, 4, -102
-32653, 19200, 123, -16, 4, -101
-31853, 19200, 123, -16, 3, -101
-31053, 19200, 123, -15, 3, -101
-30253, 19200, 123, -15, 3, -100
-29453, 19200, 123, -15, 3, -99
-28653, 19200, 123, -15, 3, -100
-27853, 19200, 123, -15, 3, -99
-27053, 19200, 123, -14, 2, -99
-26253, 19200, 123, -14, 3, -99
-25453, 19200, 123, -15, 2, -98
-24653, 19200, 123, -14, 2, -98
-23853, 19200, 123, -15, 2, -98
-23053, 19200, 123, -14, 2, -97
-22253, 19200, 123, -14, 2, -97
-21453, 19200, 123, -14, 2, -96
-20653, 19200, 123, -12, 2, -96
-19853, 19200, 123, -15, 3, -96
-19053, 19200, 123, -14, 3, -95
-18253, 19200, 123, -14, 3, -94
-17453, 19200, 123, -13, 3, -94
-16653, 19200, 123, -13, 4, -93
-15853, 19200, 123, -12, 4, -92
-15053, 19200, 123, -13, 4, -91
-14253, 19200, 123, -12, 5, -90
-13453, 19200, 123, -13, 5, -88
-12653, 19200, 123, -12, 5, -88
-11853, 19200, 123, -12, 6, -86
-11053, 19200, 123, -12, 6, -84
-10253, 19200, 123, -11, 7, -83
-9453, 19200, 123, -11, 7, -81
-8653, 19200, 123, -11, 7, -80
-7853, 19200, 123, -10, 8, -78
-7053, 19200, 123, -10, 8, -76
-6253, 19200, 123, -9, 9, -73
-5453, 19200, 123, -9, 9, -71
-4653, 19200, 123, -8, 9, -69
-3853, 19200, 123, -8, 9, -67
-3053, 19200, 123, -7, 9, -64
-2253, 19200, 123, -7, 9, -62
-1453, 19200, 123, -6, 9, -60
-653, 19200, 123, -4, 8, -57
0, 19053, 123, -4, 8, -55
0, 18253, 123, -1, 5, -55
-547, 18000, 123, 0, 3, -56
-1347, 18000, 123, 0, 4, -58
-2147, 18000, 123, -1, 4, -60
-2947, 18000, 123, -1, 4, -62
-3747, 18000, 123, -2, 4, -64
-4547, 18000, 123, -2, 4, -67
-5347, 18000, 123, -1, 3, -69
-6147, 18000, 123, -2, 3, -71
-6947, 18000, 123, -2, 3, -73
-7747, 18000, 123, -3, 3, -75
-8547, 18000, 123, -3, 3, -77
-9347, 18000, 123, -3, 3, -78
-10147, 18000, 123, -4, 3, -80
-10947, 18000, 123, -4, 3, -82
-11747, 18000, 123, -4, 3, -83
-12547, 18000, 123, -4, 3, -85
-13347, 18000, 123, -3, 3, -86
-14147, 18000, 123, -4, 2, -87
-14947, 18000, 123, -5, 2, -89
-15747, 18000, 123, -4, 2, -89
-16547, 18000, 123, -3, 2, -91
-17347, 18000, 123, -4, 2, -92
-18147, 18000, 123, -4, 2, -93
-18947, 18000, 123, -5, 2, -93
-19747, 18000, 123, -5, 2, -94
-20547, 18000, 123, -5, 2, -95
-21347, 18000, 123, -5, 2, -95
-22147, 18000, 123, -5, 2, -96
-22947, 18000, 123, -5, 2, -96
-23747, 18000, 123, -5, 3, -97
-24547, 18000, 123, -6, 2, -97
-25347, 18000, 123, -6, 2, -98
-26147, 18000, 123, -5, 2, -98
-26947, 18000, 123, -6, 3, -99
-27747, 18000, 123, -5, 3, -99
-28547, 18000, 123, -6, 3, -99
-29347, 18000, 123, -6, 3, -100
-30147, 18000, 123, -6, 3, -100
-30947, 18000, 123, -6, 4, -101
-31747, 18000, 123, -7, 4, -101
-32547, 18000, 123, -7, 4, -101
-33347, 18000, 123, -7, 5, -102
-34147, 18000, 123, -8, 5, -102
-34947, 18000, 123, -8, 5, -103
-35747, 18000, 123, -8, 6, -103
-36547, 18000, 123, -8, 5, -104
-37347, 18000, 123, -9, 6, -105
-38147, 18000, 123, -9, 6, -105
-38947, 18000, 123, -10, 7, -106
-39747, 18000, 123, -9, 7, -107
-40547, 18000, 123, -9, 7, -108
-41347, 18000, 123, -10, 7, -109
-42147, 18000, 123, -10, 7, -110
-42947, 18000, 123, -9, 7, -111
-43747, 18000, 123, -7, 7, -112
-44547, 18000, 123, -7, 6, -113
-45347, 18000, 123, -6, 6, -114
-46147, 18000, 123, -4, 6, -114
-46947, 18000, 123, -3, 5, -115
-47747, 18000, 123, -2, 5, -115
-48547, 18000, 123, -2, 4, -115
-49347, 18000, 123, -2, 4, -114
-50147, 18000, 123, -2, 4, -114
-50947, 18000, 123, -1, 4, -113
-51747, 18000, 123, -3, 4, -113
-52547, 18000, 123, -4, 4, -112
-53347, 18000, 123, -6, 4, -111
-54147, 18000, 123, -8, 3, -109
-54947, 18000, 123, -11, 4, -107
-55747, 18000, 123, -13, 4, -106
-56547, 18000, 123, -17, 3, -104
-57347, 18000, 123, -19, 2, -102
-58147, 18000, 123, -22, 1, -99
-58947, 18000, 123, -24, -1, -97
-59747, 18000, 123, -25, -2, -94
-60547, 18000, 123, -24, -5, -91
-61347, 18000, 123, -23, -7, -88
-62147, 18000, 123, -22, -10, -85
-62947, 18000, 123, -21, -12, -81
-63747, 18000, 123, -19, -14, -78
-64547, 18000, 123, -17, -14, -74
-65347, 18000, 123, -16, -15, -71
-66147, 18000, 123, -14, -16, -68
-66947, 18000, 123, -13, -16, -66
-67747, 18000, 123, -12, -16, -62
-68547, 18000, 123, -11, -16, -60
-69347, 18000, 123, -10, -15, -57
-70147, 18000, 123, -8, -15, -55
-70947, 18000, 123, -8, -14, -52
-71747, 18000, 123, -7, -13, -50
-72000, 17453, 123, -5, -10, -50
-71853, 16800, 123, -4, -6, -51
-71053, 16800, 123, -4, -6, -53
-70253, 16800, 123, -5, -6, -56
-69453, 16800, 123, -6, -7, -58
-68653, 16800, 123, -7, -6, -60
-67853, 16800, 123, -8, -8, -63
-67053, 16800, 123, -9, -8, -65
-66253, 16800, 123, -10, -9, -68
-65453, 16800, 123, -12, -9, -70
-64653, 16800, 123, -14, -8, -73
-63853, 16800, 123, -17, -9, -75
-63053, 16800, 123, -19, -8, -77
-62253, 16800, 123, -23, -6, -79
-61453, 16800, 123, -28, -4, -81
-60653, 16800, 123, -33, -2, -84
-59853, 16800, 123, -37, 0, -85
-59053, 16800, 123, -38, 2, -88
-58253, 16800, 123, -37, 3, -90
-57453, 16800, 123, -34, 4, -91
-56653, 16800, 123, -31, 5, -93
-55853, 16800, 123, -28, 6, -95
-55053, 16800, 123, -25, 5, -96
-54253, 16800, 123, -23, 5, -98
-53453, 16800, 123, -22, 5, -99
-52653, 16800, 123, -19, 5, -100
-51853, 16800, 123, -19, 5, -101
-51053, 16800, 123, -18, 6, -102
-50253, 16800, 123, -17, 5, -102
-49453, 16800, 123, -16, 6, -103
-48653, 16800, 123, -15, 6, -104
-47853, 16800, 123, -16, 7, -104
-47053, 16800, 123, -15, 7, -104
-46253, 16800, 123, -14, 8, -105
-45453, 16800, 123, -15, 8, -105
-44653, 16800, 123, -14, 8, -106
-43853, 16800, 123, -13, 9, -106
-43053, 16800, 123, -12, 8, -106
-42253, 16800, 123, -10, 8, -106
-41453, 16800, 123, -8, 8, -106
-40653, 16800, 123, -5, 8, -106
-39853, 16800, 123, -5, 8, -106
-39053, 16800, 123, -4, 7, -105
-38253, 16800, 123, -3, 6, -105
-37453, 16800, 123, -2, 6, -105
-36653, 16800, 123, -2, 6, -104
-35853, 16800, 123, 1, 6, -103
-35053, 16800, 123, -1, 5, -103
-34253, 16800, 123, 0, 5, -103
-33453, 16800, 123, 0, 5, -103
-32653, 16800, 123, 0, 4, -102
-31853, 16800, 123, 1, 4, -101
-31053, 16800, 123, 1, 4, -101
-30253, 16800, 123, 1, 4, -101
-29453, 16800, 123, 2, 4, -101
-28653, 16800, 123, 1, 3, -100
-27853, 16800, 123, 2, 3, -100
-27053, 16800, 123, 2, 3, -98
-26253, 16800, 123, 3, 2, -98
-25453, 16800, 123, 2, 3, -98
-24653, 16800, 123, 3, 2, -98
-23853, 16800, 123, 2, 2, -97
-23053, 16800, 123, 3, 1, -97
-22253, 16800, 123, 2, 1, -96
-21453, 16800, 123, 3, 1, -95
-20653, 16800, 123, 3, 1, -95
-19853, 16800, 123, 3, 1, -94
-19053, 16800, 123, 3, 1, -93
-18253, 16800, 123, 3, 1, -92
-17453, 16800, 123, 3, 0, -92
-16653, 16800, 123, 3, 0, -90
-15853, 16800, 123, 4, -1, -90
-15053, 16800, 123, 3, -1, -88
-14253, 16800, 123, 3, -1, -87
-13453, 16800, 123, 3, -1, -86
-12653, 16800, 123, 3, -1, -84
-11853, 16800, 123, 3, -1, -83
-11053, 16800, 123, 3, -1, -81
-10253, 16800, 123, 3, -2, -80
-9453, 16800, 123, 4, -1, -79
-8653, 16800, 123, 4, -2, -77
-7853, 16800, 123, 3, -2, -75
-7053, 16800, 123, 3, -2, -74
-6253, 16800, 123, 3, -2, -71
-5453, 16800, 123, 3, -2, -69
-4653, 16800, 123, 3, -2, -67
-3853, 16800, 123, 4, -2, -65
-3053, 16800, 123, 3, -2, -63
-2253, 16800, 123, 4, -2, -62
-1453, 16800, 123, 3, -2, -59
-653, 16800, 123, 3, -2, -57
0, 16653, 123, 4, -2, -55
0, 15853, 123, 8, -6, -56
-547, 15600, 123, 8, -7, -57
-1347, 15600, 123, 9, -7, -59
-2147, 15600, 123, 9, -7, -60
-2947, 15600, 123, 9, -7, -62
-3747, 15600, 123, 9, -7, -65
-4547, 15600, 123, 9, -6, -66
-5347, 15600, 123, 9, -7, -69
-6147, 15600, 123, 10, -6, -70
-6947, 15600, 123, 10, -6, -73
-7747, 15600, 123, 10, -6, -74
-8547, 15600, 123, 10, -6, -76
-9347, 15600, 123, 10, -6, -78
-10147, 15600, 123, 11, -5, -79
-10947, 15600, 123, 10, -5, -81
-11747, 15600, 123, 11, -5, -83
-12547, 15600, 123, 12, -5, -84
-13347, 15600, 123, 11, -4, -86
-14147, 15600, 123, 11, -3, -87
-14947, 15600, 123, 11, -3, -88
-15747, 15600, 123, 11, -3, -89
-16547, 15600, 123, 11, -2, -90
-17347, 15600, 123, 11, -2, -91
-18147, 15600, 123, 11, -2, -92
-18947, 15600, 123, 11, -1, -93
-19747, 15600, 123, 11, 0, -94
-20547, 15600, 123, 11, 0, -95
-21347, 15600, 123, 11, 0, -95
-22147, 15600, 123, 11, 1, -96
-22947, 15600, 123, 11, 1, -97
-23747, 15600, 123, 11, 1, -98
-24547, 15600, 123, 11, 2, -98
-25347, 15600, 123, 11, 2, -99
-26147, 15600, 123, 11, 2, -99
-26947, 15600, 123, 11, 3, -99
-27747, 15600, 123, 10, 3, -100
-28547, 15600, 123, 10, 3, -100
-29347, 15600, 123, 10, 4, -101
-30147, 15600, 123, 10, 4, -101
-30947, 15600, 123, 10, 4, -103
-31747, 15600, 123, 9, 5, -102
-32547, 15600, 123, 9, 5, -103
-33347, 15600, 123, 9, 5, -103
-34147, 15600, 123, 8, 5, -104
-34947, 15600, 123, 8, 6, -104
-35747, 15600, 123, 7, 6, -104
-36547, 15600, 123, 7, 6, -104
-37347, 15600, 123, 6, 7, -105
-38147, 15600, 123, 5, 7, -106
-38947, 15600, 123, 4, 7, -106
-39747, 15600, 123, 2, 8, -106
-40547, 15600, 123, 0, 8, -106
-41347, 15600, 123, -2, 9, -105
-42147, 15600, 123, -6, 9, -106
-42947, 15600, 123, -9, 9, -105
-43747, 15600, 123, -13, 10, -104
-44547, 15600, 123, -16, 10, -104
-45347, 15600, 123, -18, 10, -103
-46147, 15600, 123, -20, 10, -103
-46947, 15600, 123, -22, 10, -102
-47747, 15600, 123, -23, 9, -102
-48547, 15600, 123, -23, 9, -101
-49347, 15600, 123, -24, 8, -100
-50147, 15600, 123, -24, 8, -99
-50947, 15600, 123, -25, 8, -99
-51747, 15600, 123, -25, 8, -98
-52547, 15600, 123, -26, 8, -97
-53347, 15600, 123, -27, 8, -97
-54147, 15600, 123, -28, 8, -96
-54947, 15600, 123, -29, 8, -95
-55747, 15600, 123, -30, 8, -94
-56547, 15600, 123, -33, 8, -93
-57347, 15600, 123, -35, 8, -91
-58147, 15600, 123, -37, 8, -90
-58947, 15600, 123, -38, 8, -88
-59747, 15600, 123, -37, 7, -87
-60547, 15600, 123, -32, 6, -85
-61347, 15600, 123, -27, 4, -83
-62147, 15600, 123, -21, 3, -82
-62947, 15600, 123, -17, 1, -80
-63747, 15600, 123, -13, 1, -77
-64547, 15600, 123, -10, 0, -76
-65347, 15600, 123, -8, 1, -73
-66147, 15600, 123, -7, 1, -70
-66947, 15600, 123, -5, 2, -68
-67747, 15600, 123, -4, 2, -65
-68547, 15600, 123, -3, 3, -63
-69347, 15600, 123, -2, 3, -60
-70147, 15600, 123, -1, 3, -58
-70947, 15600, 123, -1, 4, -55
-71747, 15600, 123, 0, 3, -53
-72000, 15053, 123, 2, 8, -53
-71853, 14400, 123, 4, 13, -54
-71053, 14400, 123, 4, 14, -56
-70253, 14400, 123, 3, 14, -59
-69453, 14400, 123, 4, 14, -61
-68653, 14400, 123, 3, 15, -64
-67853, 14400, 123, 2, 15, -67
-67053, 14400, 123, 2, 15, -70
-66253, 14400, 123, 1, 15, -73
-65453, 14400, 123, 0, 15, -76
-64653, 14400, 123, -1, 15, -79
-63853, 14400, 123, -2, 16, -82
-63053, 14400, 123, -3, 16, -86
-62253, 14400, 123, -5, 16, -87
-61453, 14400, 123, -6, 16, -91
-60653, 14400, 123, -8, 16, -94
-59853, 14400, 123, -10, 16, -97
-59053, 14400, 123, -10, 15, -100
-58253, 14400, 123, -10, 14, -101
-57453, 14400, 123, -11, 14, -103
-56653, 14400, 123, -11, 13, -104
-55853, 14400, 123, -11, 12, -105
-55053, 14400, 123, -11, 12, -106
-54253, 14400, 123, -12, 11, -107
-53453, 14400, 123, -11, 11, -108
-52653, 14400, 123, -12, 11, -107
-51853, 14400, 123, -12, 10, -108
-51053, 14400, 123, -12, 11, -109
-50253, 14400, 123, -11, 11, -109
-49453, 14400, 123, -11, 11, -110
-48653, 14400, 123, -10, 10, -110
-47853, 14400, 123, -9, 10, -111
-47053, 14400, 123, -8, 10, -111
-46253, 14400, 123, -6, 10, -111
-45453, 14400, 123, -3, 10, -111
-44653, 14400, 123, -1, 10, -111
-43853, 14400, 123, 2, 9, -111
-43053, 14400, 123, 4, 8, -112
-42253, 14400, 123, 6, 8, -111
-41453, 14400, 123, 8, 8, -111
-40653, 14400, 123, 10, 7, -110
-39853, 14400, 123, 12, 7, -110
-39053, 14400, 123, 13, 8, -109
-38253, 14400, 123, 14, 7, -109
-37453, 14400, 123, 15, 6, -108
-36653, 14400, 123, 15, 6, -108
-35853, 14400, 123, 17, 6, -107
-35053, 14400, 123, 16, 6, -107
-34253, 14400, 123, 17, 5, -106
-33453, 14400, 123, 17, 5, -105
-32653, 14400, 123, 18, 5, -105
-31853, 14400, 123, 18, 4, -105
-31053, 14400, 123, 19, 4, -104
-30253, 14400, 123, 18, 4, -104
-29453, 14400, 123, 18, 4, -103
-28653, 14400, 123, 19, 4, -103
-27853, 14400, 123, 19, 3, -102
-27053, 14400, 123, 18, 3, -102
-26253, 14400, 123, 19, 2, -101
-25453, 14400, 123, 19, 2, -100
-24653, 14400, 123, 19, 2, -99
-23853, 14400, 123, 20, 1, -99
-23053, 14400, 123, 19, 1, -99
-22253, 14400, 123, 19, 0, -98
-21453, 14400, 123, 20, 0, -97
-20653, 14400, 123, 20, -1, -97
-19853, 14400, 123, 19, -2, -96
-19053, 14400, 123, 20, -2, -96
-18253, 14400, 123, 19, -3, -94
-17453, 14400, 123, 20, -3, -94
-16653, 14400, 123, 19, -4, -92
-15853, 14400, 123, 19, -5, -92
-15053, 14400, 123, 20, -6, -90
-14253, 14400, 123, 19, -7, -88
-13453, 14400, 123, 20, -7, -87
-12653, 14400, 123, 19, -8, -86
-11853, 14400, 123, 19, -8, -85
-11053, 14400, 123, 18, -9, -83
-10253, 14400, 123, 17, -10, -82
-9453, 14400, 123, 18, -11, -80
-8653, 14400, 123, 18, -11, -78
-7853, 14400, 123, 17, -12, -76
-7053, 14400, 123, 17, -12, -75
-6253, 14400, 123, 16, -12, -73
-5453, 14400, 123, 17, -13, -70
-4653, 14400, 123, 15, -13, -68
-3853, 14400, 123, 14, -13, -67
-3053, 14400, 123, 14, -13, -64
-2253, 14400, 123, 13, -13, -62
-1453, 14400, 123, 13, -13, -60
-653, 14400, 123, 13, -13, -58
0, 14253, 123, 13, -13, -56
0, 13453, 123, 17, -17, -56
-547, 13200, 123, 18, -18, -57
-1347, 13200, 123, 19, -19, -59
-2147, 13200, 123, 20, -19, -61
-2947, 13200, 123, 21, -19, -64
-3747, 13200, 123, 21, -19, -66
-4547, 13200, 123, 22, -19, -69
-5347, 13200, 123, 23, -19, -70
-6147, 13200, 123, 24, -19, -73
-6947, 13200, 123, 24, -18, -75
-7747, 13200, 123, 26, -17, -77
-8547, 13200, 123, 26, -16, -79
-9347, 13200, 123, 27, -16, -81
-10147, 13200, 123, 28, -15, -83
-10947, 13200, 123, 28, -14, -84
-11747, 13200, 123, 28, -13, -86
-12547, 13200, 123, 29, -12, -88
-13347, 13200, 123, 29, -11, -89
-14147, 13200, 123, 30, -9, -91
-14947, 13200, 123, 30, -8, -92
-15747, 13200, 123, 30, -8, -94
-16547, 13200, 123, 30, -6, -94
-17347, 13200, 123, 30, -5, -96
-18147, 13200, 123, 30, -4, -97
-18947, 13200, 123, 30, -3, -97
-19747, 13200, 123, 30, -2, -99
-20547, 13200, 123, 31, -1, -99
-21347, 13200, 123, 30, -1, -99
-22147, 13200, 123, 31, 0, -100
-22947, 13200, 123, 31, 0, -100
-23747, 13200, 123, 31, 1, -101
-24547, 13200, 123, 30, 2, -102
-25347, 13200, 123, 31, 3, -102
-26147, 13200, 123, 31, 3, -103
-26947, 13200, 123, 30, 3, -104
-27747, 13200, 123, 30, 4, -104
-28547, 13200, 123, 29, 4, -104
-29347, 13200, 123, 30, 4, -105
-30147, 13200, 123, 29, 4, -106
-30947, 13200, 123, 30, 5, -106
-31747, 13200, 123, 29, 5, -107
-32547, 13200, 123, 29, 5, -108
-33347, 13200, 123, 29, 6, -108
-34147, 13200, 123, 29, 6, -109
-34947, 13200, 123, 28, 6, -110
-35747, 13200, 123, 28, 6, -110
-36547, 13200, 123, 28, 6, -111
-37347, 13200, 123, 28, 6, -112
-38147, 13200, 123, 28, 6, -113
-38947, 13200, 123, 27, 6, -114
-39747, 13200, 123, 27, 5, -116
-40547, 13200, 123, 27, 5, -116
-41347, 13200, 123, 28, 5, -117
-42147, 13200, 123, 29, 5, -119
-42947, 13200, 123, 30, 6, -121
-43747, 13200, 123, 31, 5, -122
-44547, 13200, 123, 30, 6, -123
-45347, 13200, 123, 29, 9, -124
-46147, 13200, 123, 27, 9, -125
-46947, 13200, 123, 24, 11, -125
-47747, 13200, 123, 23, 12, -125
-48547, 13200, 123, 21, 13, -125
-49347, 13200, 123, 19, 14, -126
-50147, 13200, 123, 19, 15, -125
-50947, 13200, 123, 18, 15, -125
-51747, 13200, 123, 18, 15, -125
-52547, 13200, 123, 19, 16, -124
-53347, 13200, 123, 20, 17, -124
-54147, 13200, 123, 22, 17, -123
-54947, 13200, 123, 24, 18, -123
-55747, 13200, 123, 26, 19, -121
-56547, 13200, 123, 26, 20, -121
-57347, 13200, 123, 27, 22, -119
-58147, 13200, 123, 26, 25, -117
-58947, 13200, 123, 25, 27, -114
-59747, 13200, 123, 22, 29, -111
-60547, 13200, 123, 20, 32, -108
-61347, 13200, 123, 17, 33, -103
-62147, 13200, 123, 15, 34, -100
-62947, 13200, 123, 13, 35, -95
-63747, 13200, 123, 12, 35, -91
-64547, 13200, 123, 11, 34, -86
-65347, 13200, 123, 12, 34, -82
-66147, 13200, 123, 10, 33, -78
-66947, 13200, 123, 10, 32, -75
-67747, 13200, 123, 10, 31, -71
-68547, 13200, 123, 9, 30, -68
-69347, 13200, 123, 9, 28, -64
-70147, 13200, 123, 9, 28, -62
-70947, 13200, 123, 9, 26, -58
-71747, 13200, 123, 9, 25, -56
-72000, 12653, 123, 11, 30, -55
-71853, 12000, 123, 13, 37, -55
-71053, 12000, 123, 14, 39, -57
-70253, 12000, 123, 14, 41, -61
-69453, 12000, 123, 16, 43, -64
-68653, 12000, 123, 17, 44, -67
-67853, 12000, 123, 18, 47, -71
-67053, 12000, 123, 19, 49, -76
-66253, 12000, 123, 21, 51, -79
-65453, 12000, 123, 22, 52, -84
-64653, 12000, 123, 26, 54, -89
-63853, 12000, 123, 28, 55, -94
-63053, 12000, 123, 31, 55, -98
-62253, 12000, 123, 34, 54, -104
-61453, 12000, 123, 39, 52, -108
-60653, 12000, 123, 45, 50, -113
-59853, 12000, 123, 51, 47, -118
-59053, 12000, 123, 58, 43, -122
-58253, 12000, 123, 64, 39, -126
-57453, 12000, 123, 68, 35, -129
-56653, 12000, 123, 71, 32, -132
-55853, 12000, 123, 72, 28, -134
-55053, 12000, 123, 70, 26, -135
-54253, 12000, 123, 67, 25, -135
-53453, 12000, 123, 64, 23, -137
-52653, 12000, 123, 61, 22, -137
-51853, 12000, 123, 59, 21, -137
-51053, 12000, 123, 58, 20, -138
-50253, 12000, 123, 58, 19, -138
-49453, 12000, 123, 57, 18, -138
-48653, 12000, 123, 58, 16, -138
-47853, 12000, 123, 59, 13, -137
-47053, 12000, 123, 60, 11, -137
-46253, 12000, 123, 62, 8, -135
-45453, 12000, 123, 63, 6, -134
-44653, 12000, 123, 65, 4, -133
-43853, 12000, 123, 62, 3, -131
-43053, 12000, 123, 60, 2, -130
-42253, 12000, 123, 56, 2, -127
-41453, 12000, 123, 52, 3, -125
-40653, 12000, 123, 48, 3, -123
-39853, 12000, 123, 47, 3, -121
-39053, 12000, 123, 45, 4, -120
-38253, 12000, 123, 44, 4, -118
-37453, 12000, 123, 43, 5, -116
-36653, 12000, 123, 43, 5, -116
-35853, 12000, 123, 42, 6, -114
-35053, 12000, 123, 42, 6, -113
-34253, 12000, 123, 42, 6, -112
-33453, 12000, 123, 42, 6, -111
-32653, 12000, 123, 42, 6, -111
-31853, 12000, 123, 42, 6, -110
-31053, 12000, 123, 42, 6, -109
-30253, 12000, 123, 43, 5, -109
-29453, 12000, 123, 43, 5, -109
-28653, 12000, 123, 43, 5, -108
-27853, 12000, 123, 43, 5, -107
-27053, 12000, 123, 42, 5, -107
-26253, 12000, 123, 43, 4, -106
-25453, 12000, 123, 42, 3, -105
-24653, 12000, 123, 43, 3, -105
-23853, 12000, 123, 43, 2, -105
-23053, 12000, 123, 43, 2, -104
-22253, 12000, 123, 43, 1, -103
-21453, 12000, 123, 43, 0, -103
-20653, 12000, 123, 43, -1, -102
-19853, 12000, 123, 43, -2, -102
-19053, 12000, 123, 43, -3, -101
-18253, 12000, 123, 43, -5, -100
-17453, 12000, 123, 43, -6, -100
-16653, 12000, 123, 43, -7, -99
-15853, 12000, 123, 43, -8, -98
-15053, 12000, 123, 42, -10, -96
-14253, 12000, 123, 42, -12, -95
-13453, 12000, 123, 42, -14, -94
-12653, 12000, 123, 41, -15, -92
-11853, 12000, 123, 41, -16, -91
-11053, 12000, 123, 40, -18, -89
-10253, 12000, 123, 39, -20, -87
-9453, 12000, 123, 39, -21, -85
-8653, 12000, 123, 37, -23, -84
-7853, 12000, 123, 36, -23, -81
-7053, 12000, 123, 36, -25, -79
-6253, 12000, 123, 34, -26, -76
-5453, 12000, 123, 33, -26, -74
-4653, 12000, 123, 31, -26, -71
-3853, 12000, 123, 30, -27, -70
-3053, 12000, 123, 29, -27, -67
-2253, 12000, 123, 27, -26, -64
-1453, 12000, 123, 26, -26, -61
-653, 12000, 123, 24, -25, -59
0, 11853, 123, 24, -26, -56
0, 11053, 123, 29, -30, -57
-547, 10800, 123, 31, -32, -57
-1347, 10800, 123, 33, -33, -60
-2147, 10800, 123, 35, -34, -63
-2947, 10800, 123, 37, -34, -66
-3747, 10800, 123, 40, -35, -69
-4547, 10800, 123, 42, -35, -72
-5347, 10800, 123, 45, -35, -75
-6147, 10800, 123, 47, -34, -78
-6947, 10800, 123, 49, -33, -81
-7747, 10800, 123, 51, -32, -83
-8547, 10800, 123, 53, -31, -85
-9347, 10800, 123, 55, -28, -89
-10147, 10800, 123, 56, -26, -91
-10947, 10800, 123, 57, -24, -93
-11747, 10800, 123, 58, -22, -95
-12547, 10800, 123, 58, -19, -97
-13347, 10800, 123, 59, -16, -98
-14147, 10800, 123, 60, -14, -99
-14947, 10800, 123, 60, -11, -101
-15747, 10800, 123, 59, -9, -102
-16547, 10800, 123, 60, -7, -103
-17347, 10800, 123, 60, -5, -103
-18147, 10800, 123, 61, -3, -104
-18947, 10800, 123, 60, -2, -105
-19747, 10800, 123, 60, -1, -106
-20547, 10800, 123, 60, 0, -106
-21347, 10800, 123, 60, 2, -107
-22147, 10800, 123, 61, 3, -107
-22947, 10800, 123, 60, 4, -108
-23747, 10800, 123, 60, 4, -108
-24547, 10800, 123, 59, 5, -109
-25347, 10800, 123, 60, 6, -109
-26147, 10800, 123, 60, 6, -109
-26947, 10800, 123, 60, 7, -110
-27747, 10800, 123, 60, 7, -110
-28547, 10800, 123, 60, 7, -111
-29347, 10800, 123, 60, 8, -111
-30147, 10800, 123, 60, 8, -111
-30947, 10800, 123, 59, 8, -112
-31747, 10800, 123, 59, 8, -112
-32547, 10800, 123, 60, 8, -113
-33347, 10800, 123, 60, 8, -114
-34147, 10800, 123, 60, 8, -114
-34947, 10800, 123, 60, 8, -115
-35747, 10800, 123, 61, 8, -116
-36547, 10800, 123, 61, 7, -118
-37347, 10800, 123, 62, 7, -119
-38147, 10800, 123, 64, 5, -120
-38947, 10800, 123, 65, 5, -122
-39747, 10800, 123, 68, 4, -124
-40547, 10800, 123, 73, 2, -126
-41347, 10800, 123, 78, 2, -128
-42147, 10800, 123, 86, 0, -131
-42947, 10800, 123, 94, 0, -133
-43747, 10800, 123, 102, 0, -136
-44547, 10800, 123, 108, 1, -138
-45347, 10800, 123, 109, 4, -140
-46147, 10800, 123, 109, 7, -141
-46947, 10800, 123, 108, 12, -143
-47747, 10800, 123, 107, 14, -143
-48547, 10800, 123, 106, 18, -144
-49347, 10800, 123, 107, 21, -145
-50147, 10800, 123, 104, 24, -145
-50947, 10800, 123, 105, 26, -145
-51747, 10800, 123, 106, 28, -145
-52547, 10800, 123, 109, 29, -144
-53347, 10800, 123, 111, 31, -144
-54147, 10800, 123, 114, 33, -144
-54947, 10800, 123, 117, 35, -142
-55747, 10800, 123, 119, 38, -141
-56547, 10800, 123, 119, 41, -138
-57347, 10800, 123, 117, 45, -136
-58147, 10800, 123, 113, 50, -133
-58947, 10800, 123, 108, 55, -129
-59747, 10800, 123, 99, 62, -125
-60547, 10800, 123, 88, 67, -120
-61347, 10800, 123, 76, 72, -114
-62147, 10800, 123, 66, 76, -110
-62947, 10800, 123, 57, 78, -103
-63747, 10800, 123, 50, 79, -98
-64547, 10800, 123, 44, 78, -92
-65347, 10800, 123, 40, 77, -88
-66147, 10800, 123, 35, 74, -82
-66947, 10800, 123, 32, 70, -77
-67747, 10800, 123, 29, 67, -73
-68547, 10800, 123, 26, 63, -69
-69347, 10800, 123, 24, 60, -64
-70147, 10800, 123, 21, 56, -61
-70947, 10800, 123, 20, 53, -57
-71747, 10800, 123, 19, 50, -55
-72000, 10253, 123, 20, 55, -53
-71853, 9600, 123, 23, 61, -51
-71053, 9600, 123, 24, 64, -54
-70253, 9600, 123, 27, 68, -57
-69453, 9600, 123, 30, 72, -60
-68653, 9600, 123, 33, 77, -64
-67853, 9600, 123, 37, 82, -68
-67053, 9600, 123, 41, 87, -72
-66253, 9600, 123, 46, 92, -77
-65453, 9600, 123, 52, 96, -82
-64653, 9600, 123, 58, 100, -88
-63853, 9600, 123, 68, 101, -93
-63053, 9600, 123, 79, 101, -99
-62253, 9600, 123, 93, 99, -105
-61453, 9600, 123, 108, 94, -111
-60653, 9600, 123, 127, 86, -117
-59853, 9600, 123, 146, 78, -122
-59053, 9600, 123, 159, 71, -127
-58253, 9600, 123, 167, 64, -130
-57453, 9600, 123, 169, 58, -133
-56653, 9600, 123, 169, 54, -135
-55853, 9600, 123, 166, 49, -137
-55053, 9600, 123, 165, 45, -139
-54253, 9600, 123, 163, 43, -140
-53453, 9600, 123, 161, 40, -141
-52653, 9600, 123, 159, 37, -141
-51853, 9600, 123, 160, 35, -142
-51053, 9600, 123, 157, 33, -142
-50253, 9600, 123, 156, 31, -143
-49453, 9600, 123, 155, 28, -143
-48653, 9600, 123, 155, 24, -142
-47853, 9600, 123, 157, 20, -141
-47053, 9600, 123, 157, 15, -141
-46253, 9600, 123, 158, 10, -140
-45453, 9600, 123, 158, 6, -138
-44653, 9600, 123, 157, 2, -137
-43853, 9600, 123, 150, 1, -135
-43053, 9600, 123, 140, 1, -132
-42253, 9600, 123, 126, 2, -130
-41453, 9600, 123, 115, 2, -128
-40653, 9600, 123, 105, 4, -126
-39853, 9600, 123, 98, 6, -124
-39053, 9600, 123, 94, 7, -122
-38253, 9600, 123, 91, 8, -121
-37453, 9600, 123, 88, 9, -120
-36653, 9600, 123, 87, 10, -119
-35853, 9600, 123, 85, 10, -118
-35053, 9600, 123, 86, 11, -117
-34253, 9600, 123, 85, 11, -117
-33453, 9600, 123, 84, 12, -116
-32653, 9600, 123, 84, 12, -116
-31853, 9600, 123, 84, 12, -115
-31053, 9600, 123, 84, 12, -115
-30253, 9600, 123, 84, 12, -114
-29453, 9600, 123, 83, 12, -114
-28653, 9600, 123, 83, 11, -113
-27853, 9600, 123, 84, 11, -113
-27053, 9600, 123, 84, 11, -113
-26253, 9600, 123, 84, 10, -112
-25453, 9600, 123, 84, 10, -113
-24653, 9600, 123, 84, 9, -112
-23853, 9600, 123, 84, 9, -111
-23053, 9600, 123, 84, 8, -111
-22253, 9600, 123, 84, 7, -111
-21453, 9600, 123, 85, 7, -110
-20653, 9600, 123, 85, 4, -110
-19853, 9600, 123, 85, 3, -110
-19053, 9600, 123, 85, 2, -109
-18253, 9600, 123, 85, 0, -109
-17453, 9600, 123, 85, -2, -108
-16653, 9600, 123, 86, -4, -108
-15853, 9600, 123, 85, -6, -108
-15053, 9600, 123, 86, -9, -107
-14253, 9600, 123, 86, -12, -106
-13453, 9600, 123, 85, -16, -104
-12653, 9600, 123, 85, -19, -103
-11853, 9600, 123, 84, -23, -102
-11053, 9600, 123, 84, -27, -100
-10253, 9600, 123, 82, -31, -98
-9453, 9600, 123, 81, -35, -96
-8653, 9600, 123, 78, -38, -93
-7853, 9600, 123, 76, -40, -89
-7053, 9600, 123, 72, -42, -87
-6253, 9600, 123, 70, -44, -83
-5453, 9600, 123, 65, -45, -80
-4653, 9600, 123, 61, -45, -76
-3853, 9600, 123, 56, -45, -73
-3053, 9600, 123, 51, -44, -69
-2253, 9600, 123, 48, -43, -65
-1453, 9600, 123, 44, -42, -62
-653, 9600, 123, 41, -40, -59
0, 9453, 123, 39, -40, -55
0, 8653, 123, 45, -45, -53
-547, 8400, 123, 49, -47, -54
-1347, 8400, 123, 55, -49, -58
-2147, 8400, 123, 59, -51, -62
-2947, 8400, 123, 66, -53, -66
-3747, 8400, 123, 73, -55, -70
-4547, 8400, 123, 81, -56, -75
-5347, 8400, 123, 90, -57, -79
-6147, 8400, 123, 99, -57, -84
-6947, 8400, 123, 108, -56, -88
-7747, 8400, 123, 115, -54, -93
-8547, 8400, 123, 122, -50, -96
-9347, 8400, 123, 125, -45, -99
-10147, 8400, 123, 128, -39, -102
-10947, 8400, 123, 130, -33, -104
-11747, 8400, 123, 130, -26, -107
-12547, 8400, 123, 130, -20, -108
-13347, 8400, 123, 130, -15, -108
-14147, 8400, 123, 129, -10, -110
-14947, 8400, 123, 129, -6, -110
-15747, 8400, 123, 128, -2, -111
-16547, 8400, 123, 128, 1, -111
-17347, 8400, 123, 127, 4, -112
-18147, 8400, 123, 126, 6, -112
-18947, 8400, 123, 126, 8, -112
-19747, 8400, 123, 126, 9, -113
-20547, 8400, 123, 125, 10, -113
-21347, 8400, 123, 125, 12, -113
-22147, 8400, 123, 124, 13, -113
-22947, 8400, 123, 124, 14, -113
-23747, 8400, 123, 123, 14, -113
-24547, 8400, 123, 124, 15, -113
-25347, 8400, 123, 123, 16, -113
-26147, 8400, 123, 123, 16, -114
-26947, 8400, 123, 123, 17, -114
-27747, 8400, 123, 123, 17, -114
-28547, 8400, 123, 124, 18, -114
-29347, 8400, 123, 123, 18, -114
-30147, 8400, 123, 123, 18, -115
-30947, 8400, 123, 123, 18, -115
-31747, 8400, 123, 123, 19, -115
-32547, 8400, 123, 123, 18, -115
-33347, 8400, 123, 123, 18, -116
-34147, 8400, 123, 125, 18, -116
-34947, 8400, 123, 124, 17, -116
-35747, 8400, 123, 125, 17, -116
-36547, 8400, 123, 126, 16, -116
-37347, 8400, 123, 127, 16, -117
-38147, 8400, 123, 128, 15, -117
-38947, 8400, 123, 131, 14, -118
-39747, 8400, 123, 134, 13, -119
-40547, 8400, 123, 140, 12, -119
-41347, 8400, 123, 148, 10, -120
-42147, 8400, 123, 159, 9, -121
-42947, 8400, 123, 173, 8, -122
-43747, 8400, 123, 189, 8, -124
-44547, 8400, 123, 198, 9, -125
-45347, 8400, 123, 205, 11, -126
-46147, 8400, 123, 206, 14, -127
-46947, 8400, 123, 208, 20, -128
-47747, 8400, 123, 206, 23, -128
-48547, 8400, 123, 205, 28, -128
-49347, 8400, 123, 204, 32, -128
-50147, 8400, 123, 203, 35, -129
-50947, 8400, 123, 204, 39, -129
-51747, 8400, 123, 205, 41, -129
-52547, 8400, 123, 207, 43, -128
-53347, 8400, 123, 209, 46, -128
-54147, 8400, 123, 211, 48, -127
-54947, 8400, 123, 214, 52, -126
-55747, 8400, 123, 217, 55, -125
-56547, 8400, 123, 219, 60, -124
-57347, 8400, 123, 222, 65, -123
-58147, 8400, 123, 223, 72, -120
-58947, 8400, 123, 220, 78, -118
-59747, 8400, 123, 205, 87, -114
-60547, 8400, 123, 183, 96, -110
-61347, 8400, 123, 156, 107, -105
-62147, 8400, 123, 132, 115, -99
-62947, 8400, 123, 110, 120, -94
-63747, 8400, 123, 94, 122, -88
-64547, 8400, 123, 80, 121, -82
-65347, 8400, 123, 70, 118, -77
-66147, 8400, 123, 61, 113, -72
-66947, 8400, 123, 54, 107, -68
-67747, 8400, 123, 47, 100, -63
-68547, 8400, 123, 43, 94, -59
-69347, 8400, 123, 38, 88, -55
-70147, 8400, 123, 35, 82, -52
-70947, 8400, 123, 30, 77, -49
-71747, 8400, 123, 28, 72, -46
-72000, 7853, 123, 29, 74, -42
-71853, 7200, 123, 30, 77, -39
-71053, 7200, 123, 34, 81, -41
-70253, 7200, 123, 37, 87, -43
-69453, 7200, 123, 41, 93, -46
-68653, 7200, 123, 46, 99, -48
-67853, 7200, 123, 51, 106, -51
-67053, 7200, 123, 58, 113, -54
-66253, 7200, 123, 66, 120, -58
-65453, 7200, 123, 75, 126, -62
-64653, 7200, 123, 87, 130, -66
-63853, 7200, 123, 101, 132, -70
-63053, 7200, 123, 118, 131, -74
-62253, 7200, 123, 140, 126, -79
-61453, 7200, 123, 166, 118, -83
-60653, 7200, 123, 195, 108, -87
-59853, 7200, 123, 222, 96, -91
-59053, 7200, 123, 240, 88, -94
-58253, 7200, 123, 247, 78, -96
-57453, 7200, 123, 247, 71, -97
-56653, 7200, 123, 243, 65, -98
-55853, 7200, 123, 239, 60, -99
-55053, 7200, 123, 236, 55, -99
-54253, 7200, 123, 233, 52, -100
-53453, 7200, 123, 230, 49, -100
-52653, 7200, 123, 227, 46, -100
-51853, 7200, 123, 225, 43, -100
-51053, 7200, 123, 223, 41, -101
-50253, 7200, 123, 220, 39, -101
-49453, 7200, 123, 219, 36, -100
-48653, 7200, 123, 217, 33, -100
-47853, 7200, 123, 217, 30, -100
-47053, 7200, 123, 215, 27, -100
-46253, 7200, 123, 214, 24, -99
-45453, 7200, 123, 213, 22, -99
-44653, 7200, 123, 209, 21, -100
-43853, 7200, 123, 205, 19, -100
-43053, 7200, 123, 199, 19, -101
-42253, 7200, 123, 193, 19, -102
-41453, 7200, 123, 188, 20, -103
-40653, 7200, 123, 185, 20, -104
-39853, 7200, 123, 182, 21, -105
-39053, 7200, 123, 180, 22, -106
-38253, 7200, 123, 179, 23, -106
-37453, 7200, 123, 178, 23, -106
-36653, 7200, 123, 177, 23, -107
-35853, 7200, 123, 177, 24, -107
-35053, 7200, 123, 178, 24, -107
-34253, 7200, 123, 176, 24, -108
-33453, 7200, 123, 176, 24, -108
-32653, 7200, 123, 176, 24, -108
-31853, 7200, 123, 176, 24, -108
-31053, 7200, 123, 176, 24, -108
-30253, 7200, 123, 176, 24, -108
-29453, 7200, 123, 176, 25, -108
-28653, 7200, 123, 176, 24, -108
-27853, 7200, 123, 177, 24, -108
-27053, 7200, 123, 176, 23, -108
-26253, 7200, 123, 176, 23, -108
-25453, 7200, 123, 177, 22, -108
-24653, 7200, 123, 177, 22, -107
-23853, 7200, 123, 178, 22, -108
-23053, 7200, 123, 178, 21, -108
-22253, 7200, 123, 179, 20, -108
-21453, 7200, 123, 179, 19, -108
-20653, 7200, 123, 180, 18, -108
-19853, 7200, 123, 181, 17, -108
-19053, 7200, 123, 181, 15, -108
-18253, 7200, 123, 182, 14, -108
-17453, 7200, 123, 183, 12, -108
-16653, 7200, 123, 185, 10, -108
-15853, 7200, 123, 187, 7, -108
-15053, 7200, 123, 188, 3, -108
-14253, 7200, 123, 189, -1, -108
-13453, 7200, 123, 192, -7, -107
-12653, 7200, 123, 194, -13, -107
-11853, 7200, 123, 196, -21, -106
-11053, 7200, 123, 198, -30, -105
-10253, 7200, 123, 199, -39, -103
-9453, 7200, 123, 199, -48, -101
-8653, 7200, 123, 196, -57, -98
-7853, 7200, 123, 188, -62, -94
-7053, 7200, 123, 174, -66, -89
-6253, 7200, 123, 155, -68, -85
-5453, 7200, 123, 136, -68, -79
-4653, 7200, 123, 117, -67, -74
-3853, 7200, 123, 101, -65, -68
-3053, 7200, 123, 89, -63, -64
-2253, 7200, 123, 77, -61, -59
-1453, 7200, 123, 68, -57, -55
-653, 7200, 123, 61, -55, -51
0, 7053, 123, 57, -53, -47
0, 6253, 123, 60, -55, -41
-547, 6000, 123, 64, -57, -39
-1347, 6000, 123, 72, -61, -42
-2147, 6000, 123, 83, -64, -46
-2947, 6000, 123, 95, -67, -50
-3747, 6000, 123, 111, -70, -54
-4547, 6000, 123, 130, -73, -59
-5347, 6000, 123, 154, -75, -64
-6147, 6000, 123, 180, -76, -69
-6947, 6000, 123, 207, -75, -74
-7747, 6000, 123, 227, -72, -79
-8547, 6000, 123, 239, -65, -82
-9347, 6000, 123, 243, -57, -85
-10147, 6000, 123, 241, -45, -87
-10947, 6000, 123, 238, -34, -88
-11747, 6000, 123, 233, -22, -89
-12547, 6000, 123, 230, -13, -89
-13347, 6000, 123, 226, -4, -90
-14147, 6000, 123, 223, 1, -89
-14947, 6000, 123, 220, 7, -89
-15747, 6000, 123, 217, 11, -89
-16547, 6000, 123, 215, 13, -89
-17347, 6000, 123, 213, 16, -88
-18147, 6000, 123, 211, 18, -88
-18947, 6000, 123, 209, 20, -88
-19747, 6000, 123, 208, 22, -88
-20547, 6000, 123, 206, 23, -87
-21347, 6000, 123, 205, 24, -87
-22147, 6000, 123, 204, 24, -87
-22947, 6000, 123, 203, 25, -87
-23747, 6000, 123, 202, 26, -87
-24547, 6000, 123, 202, 26, -87
-25347, 6000, 123, 201, 27, -87
-26147, 6000, 123, 200, 27, -86
-26947, 6000, 123, 200, 27, -86
-27747, 6000, 123, 199, 28, -86
-28547, 6000, 123, 199, 28, -85
-29347, 6000, 123, 199, 28, -86
-30147, 6000, 123, 199, 29, -86
-30947, 6000, 123, 199, 28, -86
-31747, 6000, 123, 199, 29, -85
-32547, 6000, 123, 198, 28, -85
-33347, 6000, 123, 198, 29, -84
-34147, 6000, 123, 198, 28, -84
-34947, 6000, 123, 198, 28, -84
-35747, 6000, 123, 198, 29, -83
-36547, 6000, 123, 198, 28, -83
-37347, 6000, 123, 198, 28, -82
-38147, 6000, 123, 198, 28, -81
-38947, 6000, 123, 199, 28, -80
-39747, 6000, 123, 198, 27, -78
-40547, 6000, 123, 199, 27, -77
-41347, 6000, 123, 199, 27, -75
-42147, 6000, 123, 200, 27, -71
-42947, 6000, 123, 201, 27, -70
-43747, 6000, 123, 202, 28, -68
-44547, 6000, 123, 203, 28, -66
-45347, 6000, 123, 204, 29, -65
-46147, 6000, 123, 205, 31, -64
-46947, 6000, 123, 206, 32, -63
-47747, 6000, 123, 208, 33, -62
-48547, 6000, 123, 209, 35, -62
-49347, 6000, 123, 211, 37, -61
-50147, 6000, 123, 213, 39, -62
-50947, 6000, 123, 214, 41, -63
-51747, 6000, 123, 217, 43, -63
-52547, 6000, 123, 220, 46, -63
-53347, 6000, 123, 223, 48, -63
-54147, 6000, 123, 227, 51, -63
-54947, 6000, 123, 231, 54, -63
-55747, 6000, 123, 236, 58, -63
-56547, 6000, 123, 241, 63, -63
-57347, 6000, 123, 247, 68, -63
-58147, 6000, 123, 250, 76, -63
-58947, 6000, 123, 249, 84, -62
-59747, 6000, 123, 237, 94, -61
-60547, 6000, 123, 217, 104, -60
-61347, 6000, 123, 187, 116, -58
-62147, 6000, 123, 161, 125, -55
-62947, 6000, 123, 135, 133, -53
-63747, 6000, 123, 116, 136, -51
-64547, 6000, 123, 99, 136, -48
-65347, 6000, 123, 86, 132, -46
-66147, 6000, 123, 74, 128, -43
-66947, 6000, 123, 67, 121, -41
-67747, 6000, 123, 58, 114, -40
-68547, 6000, 123, 52, 107, -37
-69347, 6000, 123, 46, 100, -35
-70147, 6000, 123, 42, 93, -34
-70947, 6000, 123, 38, 87, -32
-71747, 6000, 123, 34, 81, -30
-72000, 5453, 123, 33, 80, -26
-71853, 4800, 123, 34, 79, -21
-71053, 4800, 123, 37, 83, -21
-70253, 4800, 123, 40, 88, -22
-69453, 4800, 123, 45, 95, -22
-68653, 4800, 123, 50, 101, -24
-67853, 4800, 123, 55, 107, -24
-67053, 4800, 123, 62, 113, -25
-66253, 4800, 123, 70, 120, -24
-65453, 4800, 123, 80, 125, -26
-64653, 4800, 123, 92, 130, -27
-63853, 4800, 123, 107, 131, -27
-63053, 4800, 123, 124, 130, -28
-62253, 4800, 123, 146, 125, -29
-61453, 4800, 123, 173, 116, -29
-60653, 4800, 123, 201, 106, -30
-59853, 4800, 123, 226, 97, -29
-59053, 4800, 123, 243, 86, -29
-58253, 4800, 123, 247, 78, -29
-57453, 4800, 123, 246, 70, -29
-56653, 4800, 123, 242, 64, -29
-55853, 4800, 123, 236, 60, -29
-55053, 4800, 123, 231, 55, -28
-54253, 4800, 123, 226, 52, -28
-53453, 4800, 123, 222, 49, -28
-52653, 4800, 123, 218, 46, -28
-51853, 4800, 123, 215, 44, -27
-51053, 4800, 123, 213, 42, -28
-50253, 4800, 123, 210, 40, -27
-49453, 4800, 123, 208, 39, -27
-48653, 4800, 123, 206, 37, -28
-47853, 4800, 123, 205, 36, -29
-47053, 4800, 123, 203, 35, -29
-46253, 4800, 123, 202, 33, -30
-45453, 4800, 123, 200, 32, -30
-44653, 4800, 123, 199, 31, -32
-43853, 4800, 123, 198, 31, -33
-43053, 4800, 123, 197, 30, -35
-42253, 4800, 123, 197, 30, -37
-41453, 4800, 123, 196, 30, -38
-40653, 4800, 123, 196, 29, -40
-39853, 4800, 123, 195, 30, -41
-39053, 4800, 123, 195, 29, -42
-38253, 4800, 123, 194, 30, -44
-37453, 4800, 123, 194, 29, -44
-36653, 4800, 123, 194, 29, -45
-35853, 4800, 123, 193, 29, -46
-35053, 4800, 123, 194, 29, -46
-34253, 4800, 123, 194, 29, -47
-33453, 4800, 123, 194, 29, -47
-32653, 4800, 123, 194, 29, -48
-31853, 4800, 123, 194, 29, -49
-31053, 4800, 123, 194, 29, -48
-30253, 4800, 123, 194, 29, -49
-29453, 4800, 123, 194, 28, -48
-28653, 4800, 123, 195, 28, -49
-27853, 4800, 123, 195, 28, -49
-27053, 4800, 123, 195, 28, -49
-26253, 4800, 123, 196, 27, -49
-25453, 4800, 123, 197, 27, -50
-24653, 4800, 123, 198, 26, -50
-23853, 4800, 123, 198, 26, -50
-23053, 4800, 123, 199, 25, -50
-22253, 4800, 123, 200, 25, -51
-21453, 4800, 123, 201, 24, -50
-20653, 4800, 123, 202, 23, -50
-19853, 4800, 123, 203, 22, -51
-19053, 4800, 123, 205, 21, -50
-18253, 4800, 123, 207, 19, -51
-17453, 4800, 123, 208, 18, -51
-16653, 4800, 123, 211, 15, -51
-15853, 4800, 123, 213, 12, -51
-15053, 4800, 123, 216, 9, -52
-14253, 4800, 123, 219, 4, -52
-13453, 4800, 123, 222, -2, -52
-12653, 4800, 123, 226, -8, -52
-11853, 4800, 123, 230, -18, -51
-11053, 4800, 123, 234, -28, -52
-10253, 4800, 123, 238, -39, -52
-9453, 4800, 123, 241, -51, -50
-8653, 4800, 123, 241, -62, -50
-7853, 4800, 123, 235, -69, -48
-7053, 4800, 123, 220, -74, -46
-6253, 4800, 123, 197, -77, -44
-5453, 4800, 123, 170, -77, -41
-4653, 4800, 123, 145, -75, -39
-3853, 4800, 123, 123, -73, -36
-3053, 4800, 123, 106, -70, -34
-2253, 4800, 123, 92, -66, -31
-1453, 4800, 123, 80, -63, -29
-653, 4800, 123, 70, -60, -27
0, 4653, 123, 64, -57, -24
0, 3853, 123, 63, -56, -14
-547, 3600, 123, 64, -56, -11
-1347, 3600, 123, 73, -59, -11
-2147, 3600, 123, 82, -62, -11
-2947, 3600, 123, 93, -64, -10
-3747, 3600, 123, 108, -67, -11
-4547, 3600, 123, 126, -69, -11
-5347, 3600, 123, 148, -71, -10
-6147, 3600, 123, 172, -71, -10
-6947, 3600, 123, 197, -70, -10
-7747, 3600, 123, 216, -66, -9
-8547, 3600, 123, 228, -61, -10
-9347, 3600, 123, 232, -52, -11
-10147, 3600, 123, 231, -43, -10
-10947, 3600, 123, 228, -33, -10
-11747, 3600, 123, 224, -22, -11
-12547, 3600, 123, 220, -14, -11
-13347, 3600, 123, 216, -5, -11
-14147, 3600, 123, 213, 0, -10
-14947, 3600, 123, 210, 4, -10
-15747, 3600, 123, 207, 8, -11
-16547, 3600, 123, 205, 12, -11
-17347, 3600, 123, 203, 14, -11
-18147, 3600, 123, 200, 16, -11
-18947, 3600, 123, 199, 18, -11
-19747, 3600, 123, 197, 20, -11
-20547, 3600, 123, 196, 21, -10
-21347, 3600, 123, 194, 22, -11
-22147, 3600, 123, 194, 22, -10
-22947, 3600, 123, 192, 23, -10
-23747, 3600, 123, 191, 24, -10
-24547, 3600, 123, 191, 24, -10
-25347, 3600, 123, 190, 25, -11
-26147, 3600, 123, 189, 25, -10
-26947, 3600, 123, 188, 26, -10
-27747, 3600, 123, 188, 27, -10
-28547, 3600, 123, 187, 26, -10
-29347, 3600, 123, 187, 26, -10
-30147, 3600, 123, 187, 27, -10
-30947, 3600, 123, 187, 28, -10
-31747, 3600, 123, 186, 27, -9
-32547, 3600, 123, 186, 28, -8
-33347, 3600, 123, 186, 28, -9
-34147, 3600, 123, 186, 28, -9
-34947, 3600, 123, 186, 28, -8
-35747, 3600, 123, 186, 28, -8
-36547, 3600, 123, 186, 28, -7
-37347, 3600, 123, 187, 29, -6
-38147, 3600, 123, 187, 29, -6
-38947, 3600, 123, 188, 29, -5
-39747, 3600, 123, 188, 29, -4
-40547, 3600, 123, 188, 29, -4
-41347, 3600, 123, 189, 30, -2
-42147, 3600, 123, 190, 30, -2
-42947, 3600, 123, 191, 31, -1
-43747, 3600, 123, 192, 31, 0
-44547, 3600, 123, 192, 32, 1
-45347, 3600, 123, 193, 33, 2
-46147, 3600, 123, 194, 33, 3
-46947, 3600, 123, 196, 34, 3
-47747, 3600, 123, 197, 35, 4
-48547, 3600, 123, 198, 36, 4
-49347, 3600, 123, 199, 38, 5
-50147, 3600, 123, 202, 39, 5
-50947, 3600, 123, 204, 41, 6
-51747, 3600, 123, 207, 42, 6
-52547, 3600, 123, 209, 45, 6
-53347, 3600, 123, 213, 47, 6
-54147, 3600, 123, 216, 49, 6
-54947, 3600, 123, 220, 53, 6
-55747, 3600, 123, 224, 56, 6
-56547, 3600, 123, 228, 61, 5
-57347, 3600, 123, 231, 65, 5
-58147, 3600, 123, 233, 72, 5
-58947, 3600, 123, 229, 78, 4
-59747, 3600, 123, 216, 86, 4
-60547, 3600, 123, 196, 95, 2
-61347, 3600, 123, 167, 104, 1
-62147, 3600, 123, 145, 111, 0
-62947, 3600, 123, 121, 117, -2
-63747, 3600, 123, 105, 119, -2
-64547, 3600, 123, 90, 118, -4
-65347, 3600, 123, 80, 115, -5
-66147, 3600, 123, 70, 112, -7
-66947, 3600, 123, 63, 106, -8
-67747, 3600, 123, 55, 102, -8
-68547, 3600, 123, 50, 96, -9
-69347, 3600, 123, 45, 90, -10
-70147, 3600, 123, 41, 86, -10
-70947, 3600, 123, 37, 81, -11
-71747, 3600, 123, 35, 76, -11
-72000, 3053, 123, 33, 71, -7
-71853, 2400, 123, 32, 67, -3
-71053, 2400, 123, 34, 70, -2
-70253, 2400, 123, 37, 74, -1
-69453, 2400, 123, 40, 78, 0
-68653, 2400, 123, 43, 82, 2
-67853, 2400, 123, 48, 85, 4
-67053, 2400, 123, 53, 89, 6
-66253, 2400, 123, 59, 91, 8
-65453, 2400, 123, 65, 94, 11
-64653, 2400, 123, 72, 96, 14
-63853, 2400, 123, 81, 97, 17
-63053, 2400, 123, 91, 95, 21
-62253, 2400, 123, 103, 93, 25
-61453, 2400, 123, 115, 88, 29
-60653, 2400, 123, 128, 83, 32
-59853, 2400, 123, 141, 77, 35
-59053, 2400, 123, 150, 72, 37
-58253, 2400, 123, 157, 66, 39
-57453, 2400, 123, 160, 61, 40
-56653, 2400, 123, 161, 57, 41
-55853, 2400, 123, 161, 52, 41
-55053, 2400, 123, 160, 49, 41
-54253, 2400, 123, 158, 46, 41
-53453, 2400, 123, 157, 44, 40
-52653, 2400, 123, 156, 41, 40
-51853, 2400, 123, 154, 39, 39
-51053, 2400, 123, 152, 38, 40
-50253, 2400, 123, 151, 36, 40
-49453, 2400, 123, 150, 35, 38
-48653, 2400, 123, 149, 33, 38
-47853, 2400, 123, 150, 32, 37
-47053, 2400, 123, 148, 31, 37
-46253, 2400, 123, 147, 30, 36
-45453, 2400, 123, 146, 29, 34
-44653, 2400, 123, 146, 28, 34
-43853, 2400, 123, 145, 27, 34
-43053, 2400, 123, 145, 27, 33
-42253, 2400, 123, 144, 26, 32
-41453, 2400, 123, 144, 26, 31
-40653, 2400, 123, 145, 26, 30
-39853, 2400, 123, 144, 25, 30
-39053, 2400, 123, 143, 24, 29
-38253, 2400, 123, 143, 24, 29
-37453, 2400, 123, 144, 24, 28
-36653, 2400, 123, 143, 24, 28
-35853, 2400, 123, 143, 23, 27
-35053, 2400, 123, 144, 23, 27
-34253, 2400, 123, 143, 23, 27
-33453, 2400, 123, 143, 23, 26
-32653, 2400, 123, 143, 22, 26
-31853, 2400, 123, 143, 22, 26
-31053, 2400, 123, 144, 21, 26
-30253, 2400, 123, 144, 21, 26
-29453, 2400, 123, 144, 21, 26
-28653, 2400, 123, 145, 21, 26
-27853, 2400, 123, 145, 20, 25
-27053, 2400, 123, 146, 20, 25
-26253, 2400, 123, 146, 19, 25
-25453, 2400, 123, 147, 19, 25
-24653, 2400, 123, 147, 18, 26
-23853, 2400, 123, 149, 18, 25
-23053, 2400, 123, 149, 17, 25
-22253, 2400, 123, 150, 16, 25
-21453, 2400, 123, 152, 15, 25
-20653, 2400, 123, 152, 15, 26
-19853, 2400, 123, 153, 13, 26
-19053, 2400, 123, 154, 11, 26
-18253, 2400, 123, 155, 9, 26
-17453, 2400, 123, 157, 8, 26
-16653, 2400, 123, 158, 6, 27
-15853, 2400, 123, 160, 3, 27
-15053, 2400, 123, 162, -1, 27
-14253, 2400, 123, 163, -4, 27
-13453, 2400, 123, 165, -9, 28
-12653, 2400, 123, 167, -15, 28
-11853, 2400, 123, 169, -22, 28
-11053, 2400, 123, 171, -29, 28
-10253, 2400, 123, 172, -36, 28
-9453, 2400, 123, 172, -44, 27
-8653, 2400, 123, 169, -49, 26
-7853, 2400, 123, 162, -55, 25
-7053, 2400, 123, 152, -58, 23
-6253, 2400, 123, 139, -60, 21
-5453, 2400, 123, 125, -61, 18
-4653, 2400, 123, 111, -61, 16
-3853, 2400, 123, 97, -60, 13
-3053, 2400, 123, 85, -58, 10
-2253, 2400, 123, 76, -57, 8
-1453, 2400, 123, 68, -54, 6
-653, 2400, 123, 62, -52, 4
0, 2253, 123, 55, -50, 5
0, 1453, 123, 51, -46, 13
-547, 1200, 123, 50, -45, 16
-1347, 1200, 123, 54, -48, 19
-2147, 1200, 123, 59, -48, 22
-2947, 1200, 123, 65, -48, 25
-3747, 1200, 123, 71, -49, 29
-4547, 1200, 123, 77, -50, 34
-5347, 1200, 123, 84, -50, 39
-6147, 1200, 123, 91, -49, 43
-6947, 1200, 123, 98, -48, 47
-7747, 1200, 123, 103, -46, 50
-8547, 1200, 123, 107, -43, 55
-9347, 1200, 123, 110, -39, 57
-10147, 1200, 123, 112, -35, 58
-10947, 1200, 123, 113, -31, 59
-11747, 1200, 123, 114, -25, 60
-12547, 1200, 123, 114, -21, 59
-13347, 1200, 123, 114, -16, 60
-14147, 1200, 123, 113, -12, 59
-14947, 1200, 123, 113, -8, 59
-15747, 1200, 123, 112, -6, 58
-16547, 1200, 123, 111, -3, 58
-17347, 1200, 123, 110, 0, 57
-18147, 1200, 123, 110, 2, 57
-18947, 1200, 123, 109, 4, 57
-19747, 1200, 123, 109, 5, 57
-20547, 1200, 123, 108, 6, 56
-21347, 1200, 123, 108, 8, 56
-22147, 1200, 123, 107, 9, 55
-22947, 1200, 123, 107, 10, 54
-23747, 1200, 123, 106, 11, 55
-24547, 1200, 123, 106, 12, 55
-25347, 1200, 123, 105, 13, 55
-26147, 1200, 123, 104, 13, 54
-26947, 1200, 123, 104, 13, 55
-27747, 1200, 123, 104, 14, 54
-28547, 1200, 123, 104, 15, 54
-29347, 1200, 123, 104, 15, 54
-30147, 1200, 123, 103, 16, 54
-30947, 1200, 123, 103, 16, 54
-31747, 1200, 123, 103, 16, 54
-32547, 1200, 123, 102, 17, 55
-33347, 1200, 123, 102, 17, 55
-34147, 1200, 123, 102, 18, 55
-34947, 1200, 123, 102, 18, 55
-35747, 1200, 123, 102, 19, 56
-36547, 1200, 123, 102, 19, 55
-37347, 1200, 123, 102, 19, 57
-38147, 1200, 123, 102, 20, 57
-38947, 1200, 123, 102, 20, 57
-39747, 1200, 123, 103, 20, 57
-40547, 1200, 123, 102, 22, 58
-41347, 1200, 123, 103, 22, 58
-42147, 1200, 123, 103, 22, 59
-42947, 1200, 123, 103, 23, 60
-43747, 1200, 123, 103, 24, 61
-44547, 1200, 123, 103, 24, 61
-45347, 1200, 123, 104, 25, 61
-46147, 1200, 123, 103, 26, 62
-46947, 1200, 123, 104, 27, 63
-47747, 1200, 123, 104, 28, 63
-48547, 1200, 123, 105, 29, 64
-49347, 1200, 123, 105, 31, 64
-50147, 1200, 123, 106, 32, 65
-50947, 1200, 123, 107, 33, 66
-51747, 1200, 123, 106, 35, 66
-52547, 1200, 123, 107, 36, 66
-53347, 1200, 123, 107, 38, 68
-54147, 1200, 123, 107, 40, 68
-54947, 1200, 123, 108, 43, 68
-55747, 1200, 123, 106, 45, 68
-56547, 1200, 123, 106, 49, 67
-57347, 1200, 123, 104, 51, 67
-58147, 1200, 123, 102, 55, 65
-58947, 1200, 123, 100, 58, 63
-59747, 1200, 123, 94, 63, 59
-60547, 1200, 123, 90, 66, 55
-61347, 1200, 123, 84, 69, 50
-62147, 1200, 123, 78, 72, 45
-62947, 1200, 123, 73, 75, 40
-63747, 1200, 123, 67, 76, 35
-64547, 1200, 123, 61, 77, 30
-65347, 1200, 123, 56, 77, 26
-66147, 1200, 123, 52, 76, 22
-66947, 1200, 123, 48, 75, 18
-67747, 1200, 123, 44, 73, 16
-68547, 1200, 123, 41, 71, 13
-69347, 1200, 123, 38, 69, 11
-70147, 1200, 123, 34, 66, 9
-70947, 1200, 123, 32, 64, 7
-71747, 1200, 123, 30, 61, 5
-72000, 653, 123, 28, 57, 7
-71853, 0, 123, 26, 52, 10
-71053, 0, 123, 27, 53, 11
-70253, 0, 123, 30, 55, 13
-69453, 0, 123, 32, 57, 16
-68653, 0, 123, 34, 58, 19
-67853, 0, 123, 36, 59, 20
-67053, 0, 123, 40, 60, 24
-66253, 0, 123, 41, 61, 27
-65453, 0, 123, 44, 61, 31
-64653, 0, 123, 47, 61, 34
-63853, 0, 123, 50, 61, 39
-63053, 0, 123, 54, 60, 43
-62253, 0, 123, 57, 59, 48
-61453, 0, 123, 59, 57, 52
-60653, 0, 123, 63, 55, 56
-59853, 0, 123, 66, 52, 60
-59053, 0, 123, 68, 49, 64
-58253, 0, 123, 70, 48, 66
-57453, 0, 123, 72, 45, 68
-56653, 0, 123, 74, 43, 70
-55853, 0, 123, 75, 41, 71
-55053, 0, 123, 76, 39, 72
-54253, 0, 123, 77, 36, 72
-53453, 0, 123, 77, 35, 73
-52653, 0, 123, 78, 33, 72
-51853, 0, 123, 78, 31, 72
-51053, 0, 123, 78, 30, 72
-50253, 0, 123, 78, 28, 72
-49453, 0, 123, 77, 27, 71
-48653, 0, 123, 78, 26, 71
-47853, 0, 123, 77, 25, 70
-47053, 0, 123, 78, 24, 70
-46253, 0, 123, 78, 23, 70
-45453, 0, 123, 77, 22, 69
-44653, 0, 123, 78, 21, 68
-43853, 0, 123, 78, 21, 68
-43053, 0, 123, 77, 19, 68
-42253, 0, 123, 78, 19, 67
-41453, 0, 123, 77, 18, 67
-40653, 0, 123, 78, 17, 66
-39853, 0, 123, 77, 17, 66
-39053, 0, 123, 77, 17, 66
-38253, 0, 123, 77, 16, 65
-37453, 0, 123, 77, 15, 65
-36653, 0, 123, 78, 15, 65
-35853, 0, 123, 77, 15, 65
-35053, 0, 123, 77, 14, 65
-34253, 0, 123, 77, 14, 64
-33453, 0, 123, 77, 13, 64
-32653, 0, 123, 77, 12, 64
-31853, 0, 123, 77, 12, 64
-31053, 0, 123, 78, 12, 64
-30253, 0, 123, 78, 12, 64
-29453, 0, 123, 78, 11, 64
-28653, 0, 123, 78, 10, 64
-27853, 0, 123, 78, 9, 65
-27053, 0, 123, 79, 9, 64
-26253, 0, 123, 78, 9, 65
-25453, 0, 123, 79, 8, 65
-24653, 0, 123, 79, 7, 65
-23853, 0, 123, 79, 6, 65
-23053, 0, 123, 79, 5, 65
-22253, 0, 123, 79, 4, 65
-21453, 0, 123, 80, 2, 66
-20653, 0, 123, 80, 2, 67
-19853, 0, 123, 80, 0, 66
-19053, 0, 123, 81, -1, 67
-18253, 0, 123, 81, -2, 67
-17453, 0, 123, 81, -4, 68
-16653, 0, 123, 81, -7, 68
-15853, 0, 123, 81, -9, 68
-15053, 0, 123, 82, -11, 69
-14253, 0, 123, 82, -14, 69
-13453, 0, 123, 82, -16, 68
-12653, 0, 123, 81, -18, 68
-11853, 0, 123, 80, -23, 69
-11053, 0, 123, 80, -26, 68
-10253, 0, 123, 79, -28, 66
-9453, 0, 123, 77, -31, 65
-8653, 0, 123, 75, -34, 63
-7853, 0, 123, 73, -36, 59
-7053, 0, 123, 70, -38, 56
-6253, 0, 123, 67, -40, 52
-5453, 0, 123, 64, -41, 48
-4653, 0, 123, 60, -41, 44
-3853, 0, 123, 57, -41, 39
-3053, 0, 123, 53, -41, 36
-2253, 0, 123, 50, -41, 31
-1453, 0, 123, 46, -40, 27
-653, 0, 123, 43, -40, 25
0, -147, 123, 41, -38, 23
0, -947, 123, 36, -35, 26
-547, -1200, 123, 35, -34, 27
-1347, -1200, 123, 38, -34, 30
-2147, -1200, 123, 40, -34, 33
-2947, -1200, 123, 42, -34, 36
-3747, -1200, 123, 44, -34, 40
-4547, -1200, 123, 47, -34, 43
-5347, -1200, 123, 48, -34, 47
-6147, -1200, 123, 50, -33, 50
-6947, -1200, 123, 53, -32, 53
-7747, -1200, 123, 55, -30, 56
-8547, -1200, 123, 56, -29, 59
-9347, -1200, 123, 58, -27, 61
-10147, -1200, 123, 58, -26, 63
-10947, -1200, 123, 60, -24, 64
-11747, -1200, 123, 60, -22, 66
-12547, -1200, 123, 62, -19, 67
-13347, -1200, 123, 62, -17, 67
-14147, -1200, 123, 62, -15, 68
-14947, -1200, 123, 62, -13, 67
-15747, -1200, 123, 63, -11, 67
-16547, -1200, 123, 62, -9, 68
-17347, -1200, 123, 61, -8, 67
-18147, -1200, 123, 63, -6, 67
-18947, -1200, 123, 63, -4, 67
-19747, -1200, 123, 63, -3, 67
-20547, -1200, 123, 63, -2, 67
-21347, -1200, 123, 63, 0, 66
-22147, -1200, 123, 63, 0, 66
-22947, -1200, 123, 63, 1, 66
-23747, -1200, 123, 63, 3, 66
-24547, -1200, 123, 62, 4, 66
-25347, -1200, 123, 62, 4, 66
-26147, -1200, 123, 62, 5, 65
-26947, -1200, 123, 62, 6, 65
-27747, -1200, 123, 61, 7, 65
-28547, -1200, 123, 62, 7, 65
-29347, -1200, 123, 62, 8, 65
-30147, -1200, 123, 61, 8, 65
-30947, -1200, 123, 61, 8, 65
-31747, -1200, 123, 63, 9, 65
-32547, -1200, 123, 62, 10, 66
-33347, -1200, 123, 62, 10, 65
-34147, -1200, 123, 61, 12, 65
-34947, -1200, 123, 61, 11, 65
-35747, -1200, 123, 61, 12, 65
-36547, -1200, 123, 61, 13, 65
-37347, -1200, 123, 61, 13, 65
-38147, -1200, 123, 61, 14, 66
-38947, -1200, 123, 61, 14, 66
-39747, -1200, 123, 61, 15, 67
-40547, -1200, 123, 61, 16, 67
-41347, -1200, 123, 61, 16, 66
-42147, -1200, 123, 61, 16, 67
-42947, -1200, 123, 62, 17, 67
-43747, -1200, 123, 61, 18, 67
-44547, -1200, 123, 61, 19, 67
-45347, -1200, 123, 61, 20, 68
-46147, -1200, 123, 61, 21, 68
-46947, -1200, 123, 61, 21, 69
-47747, -1200, 123, 61, 22, 69
-48547, -1200, 123, 62, 23, 69
-49347, -1200, 123, 61, 24, 69
-50147, -1200, 123, 61, 25, 69
-50947, -1200, 123, 61, 27, 69
-51747, -1200, 123, 60, 28, 69
-52547, -1200, 123, 60, 30, 69
-53347, -1200, 123, 59, 30, 69
-54147, -1200, 123, 59, 32, 69
-54947, -1200, 123, 58, 33, 68
-55747, -1200, 123, 57, 35, 67
-56547, -1200, 123, 57, 37, 66
-57347, -1200, 123, 55, 38, 65
-58147, -1200, 123, 54, 40, 63
-58947, -1200, 123, 53, 42, 61
-59747, -1200, 123, 51, 43, 57
-60547, -1200, 123, 49, 45, 54
-61347, -1200, 123, 47, 47, 52
-62147, -1200, 123, 45, 47, 48
-62947, -1200, 123, 44, 48, 45
-63747, -1200, 123, 42, 50, 41
-64547, -1200, 123, 40, 50, 38
-65347, -1200, 123, 38, 50, 34
-66147, -1200, 123, 36, 51, 32
-66947, -1200, 123, 34, 50, 28
-67747, -1200, 123, 32, 50, 25
-68547, -1200, 123, 31, 49, 23
-69347, -1200, 123, 29, 49, 21
-70147, -1200, 123, 27, 48, 18
-70947, -1200, 123, 26, 47, 16
-71747, -1200, 123, 24, 46, 14
-72000, -1747, 123, 22, 42, 14
-71853, -2400, 123, 21, 39, 16
-71053, -2400, 123, 22, 40, 17
-70253, -2400, 123, 23, 40, 19
-69453, -2400, 123, 24, 41, 21
-68653, -2400, 123, 25, 42, 22
-67853, -2400, 123, 27, 41, 25
-67053, -2400, 123, 28, 42, 27
-66253, -2400, 123, 29, 42, 29
-65453, -2400, 123, 30, 42, 32
-64653, -2400, 123, 32, 41, 35
-63853, -2400, 123, 33, 41, 38
-63053, -2400, 123, 35, 41, 40
-62253, -2400, 123, 36, 40, 43
-61453, -2400, 123, 37, 39, 45
-60653, -2400, 123, 38, 38, 48
-59853, -2400, 123, 40, 37, 50
-59053, -2400, 123, 41, 36, 52
-58253, -2400, 123, 42, 34, 54
-57453, -2400, 123, 43, 34, 56
-56653, -2400, 123, 44, 32, 57
-55853, -2400, 123, 44, 32, 59
-55053, -2400, 123, 46, 31, 60
-54253, -2400, 123, 46, 29, 61
-53453, -2400, 123, 46, 27, 61
-52653, -2400, 123, 47, 26, 62
-51853, -2400, 123, 48, 25, 62
-51053, -2400, 123, 48, 24, 62
-50253, -2400, 123, 48, 23, 63
-49453, -2400, 123, 48, 22, 62
-48653, -2400, 123, 48, 21, 63
-47853, -2400, 123, 49, 21, 62
-47053, -2400, 123, 49, 19, 62
-46253, -2400, 123, 49, 18, 63
-45453, -2400, 123, 49, 18, 63
-44653, -2400, 123, 49, 16, 62
-43853, -2400, 123, 49, 16, 62
-43053, -2400, 123, 49, 15, 62
-42253, -2400, 123, 49, 14, 62
-41453, -2400, 123, 50, 14, 62
-40653, -2400, 123, 49, 13, 62
-39853, -2400, 123, 50, 13, 62
-39053, -2400, 123, 49, 12, 62
-38253, -2400, 123, 50, 12, 61
-37453, -2400, 123, 49, 11, 62
-36653, -2400, 123, 51, 11, 61
-35853, -2400, 123, 50, 10, 61
-35053, -2400, 123, 50, 9, 62
-34253, -2400, 123, 50, 9, 61
-33453, -2400, 123, 50, 8, 61
-32653, -2400, 123, 51, 8, 61
-31853, -2400, 123, 50, 7, 61
-31053, -2400, 123, 50, 7, 61
-30253, -2400, 123, 50, 6, 61
-29453, -2400, 123, 50, 5, 60
-28653, -2400, 123, 50, 5, 61
-27853, -2400, 123, 50, 5, 61
-27053, -2400, 123, 50, 3, 61
-26253, -2400, 123, 50, 3, 61
-25453, -2400, 123, 50, 2, 61
-24653, -2400, 123, 51, 1, 61
-23853, -2400, 123, 50, 0, 61
-23053, -2400, 123, 50, -1, 62
-22253, -2400, 123, 50, -1, 62
-21453, -2400, 123, 50, -2, 62
-20653, -2400, 123, 50, -4, 61
-19853, -2400, 123, 50, -5, 62
-19053, -2400, 123, 50, -6, 62
-18253, -2400, 123, 50, -7, 61
-17453, -2400, 123, 50, -9, 62
-16653, -2400, 123, 50, -10, 62
-15853, -2400, 123, 49, -11, 62
-15053, -2400, 123, 49, -13, 61
-14253, -2400, 123, 49, -14, 61
-13453, -2400, 123, 48, -16, 60
-12653, -2400, 123, 48, -18, 60
-11853, -2400, 123, 48, -19, 59
-11053, -2400, 123, 46, -20, 58
-10253, -2400, 123, 46, -22, 56
-9453, -2400, 123, 45, -23, 55
-8653, -2400, 123, 45, -24, 53
-7853, -2400, 123, 43, -25, 52
-7053, -2400, 123, 42, -27, 49
-6253, -2400, 123, 40, -27, 47
-5453, -2400, 123, 39, -28, 45
-4653, -2400, 123, 39, -29, 42
-3853, -2400, 123, 37, -29, 39
-3053, -2400, 123, 35, -29, 37
-2253, -2400, 123, 33, -29, 34
-1453, -2400, 123, 32, -29, 31
-653, -2400, 123, 30, -29, 29
-24, -2400, 246, 30, -27, 25
-824, -2400, 246, 31, -28, 27
-1624, -2400, 246, 33, -28, 29
-2424, -2400, 246, 34, -28, 31
-3224, -2400, 246, 36, -28, 34
-4024, -2400, 246, 37, -27, 36
-4824, -2400, 246, 39, -27, 38
-5624, -2400, 246, 40, -27, 41
-6424, -2400, 246, 42, -26, 43
-7224, -2400, 246, 43, -25, 45
-8024, -2400, 246, 44, -24, 47
-8824, -2400, 246, 46, -23, 49
-9624, -2400, 246, 46, -22, 51
-10424, -2400, 246, 47, -20, 52
-11224, -2400, 246, 48, -19, 53
-12024, -2400, 246, 48, -18, 54
-12824, -2400, 246, 50, -17, 55
-13624, -2400, 246, 50, -15, 56
-14424, -2400, 246, 50, -13, 56
-15224, -2400, 246, 50, -12, 57
-16024, -2400, 246, 51, -11, 57
-16824, -2400, 246, 51, -9, 57
-17624, -2400, 246, 51, -8, 58
-18424, -2400, 246, 52, -7, 57
-19224, -2400, 246, 52, -5, 58
-20024, -2400, 246, 52, -4, 57
-20824, -2400, 246, 53, -3, 58
-21624, -2400, 246, 53, -2, 57
-22424, -2400, 246, 52, -1, 58
-23224, -2400, 246, 52, 0, 58
-24024, -2400, 246, 52, 1, 57
-24824, -2400, 246, 51, 2, 57
-25624, -2400, 246, 52, 2, 57
-26424, -2400, 246, 52, 3, 57
-27224, -2400, 246, 52, 4, 57
-28024, -2400, 246, 52, 4, 57
-28824, -2400, 246, 52, 5, 57
-29624, -2400, 246, 52, 6, 57
-30424, -2400, 246, 52, 6, 57
-31224, -2400, 246, 51, 7, 57
-32024, -2400, 246, 52, 7, 57
-32824, -2400, 246, 51, 7, 57
-33624, -2400, 246, 52, 8, 57
-34424, -2400, 246, 51, 9, 57
-35224, -2400, 246, 52, 10, 57
-36024, -2400, 246, 51, 10, 57
-36824, -2400, 246, 51, 11, 57
-37624, -2400, 246, 51, 11, 57
-38424, -2400, 246, 51, 12, 58
-39224, -2400, 246, 51, 13, 58
-40024, -2400, 246, 51, 14, 57
-40824, -2400, 246, 51, 14, 58
-41624, -2400, 246, 51, 14, 58
-42424, -2400, 246, 51, 16, 58
-43224, -2400, 246, 51, 16, 58
-44024, -2400, 246, 51, 17, 58
-44824, -2400, 246, 51, 17, 58
-45624, -2400, 246, 51, 17, 59
-46424, -2400, 246, 51, 18, 59
-47224, -2400, 246, 51, 19, 59
-48024, -2400, 246, 50, 20, 59
-48824, -2400, 246, 50, 21, 59
-49624, -2400, 246, 50, 22, 58
-50424, -2400, 246, 50, 23, 58
-51224, -2400, 246, 49, 24, 58
-52024, -2400, 246, 49, 25, 58
-52824, -2400, 246, 49, 26, 58
-53624, -2400, 246, 48, 27, 57
-54424, -2400, 246, 48, 28, 56
-55224, -2400, 246, 47, 30, 55
-56024, -2400, 246, 46, 31, 54
-56824, -2400, 246, 45, 32, 54
-57624, -2400, 246, 45, 33, 52
-58424, -2400, 246, 43, 34, 50
-59224, -2400, 246, 42, 36, 48
-60024, -2400, 246, 41, 37, 46
-60824, -2400, 246, 40, 37, 44
-61624, -2400, 246, 39, 39, 42
-62424, -2400, 246, 37, 39, 40
-63224, -2400, 246, 36, 40, 37
-64024, -2400, 246, 35, 41, 35
-64824, -2400, 246, 33, 41, 33
-65624, -2400, 246, 32, 41, 30
-66424, -2400, 246, 30, 41, 28
-67224, -2400, 246, 29, 41, 26
-68024, -2400, 246, 28, 41, 23
-68824, -2400, 246, 27, 41, 22
-69624, -2400, 246, 25, 40, 19
-70424, -2400, 246, 24, 40, 18
-71224, -2400, 246, 23, 39, 16
-72000, -2376, 246, 22, 38, 15
-72000, -1576, 246, 23, 40, 14
-71576, -1200, 246, 25, 42, 14
-70776, -1200, 246, 25, 43, 15
-69976, -1200, 246, 27, 44, 17
-69176, -1200, 246, 28, 44, 19
-68376, -1200, 246, 30, 45, 22
-67576, -1200, 246, 31, 45, 24
-66776, -1200, 246, 33, 46, 26
-65976, -1200, 246, 35, 45, 29
-65176, -1200, 246, 36, 46, 31
-64376, -1200, 246, 38, 45, 34
-63576, -1200, 246, 40, 45, 37
-62776, -1200, 246, 42, 44, 40
-61976, -1200, 246, 43, 43, 42
-61176, -1200, 246, 46, 42, 45
-60376, -1200, 246, 47, 41, 48
-59576, -1200, 246, 48, 40, 50
-58776, -1200, 246, 50, 39, 52
-57976, -1200, 246, 53, 37, 54
-57176, -1200, 246, 52, 36, 56
-56376, -1200, 246, 53, 34, 58
-55576, -1200, 246, 53, 33, 58
-54776, -1200, 246, 55, 32, 59
-53976, -1200, 246, 56, 30, 60
-53176, -1200, 246, 56, 29, 60
-52376, -1200, 246, 57, 27, 61
-51576, -1200, 246, 57, 26, 62
-50776, -1200, 246, 57, 25, 61
-49976, -1200, 246, 58, 24, 61
-49176, -1200, 246, 58, 23, 60
-48376, -1200, 246, 58, 21, 61
-47576, -1200, 246, 58, 21, 61
-46776, -1200, 246, 58, 20, 61
-45976, -1200, 246, 59, 19, 61
-45176, -1200, 246, 58, 18, 61
-44376, -1200, 246, 59, 17, 61
-43576, -1200, 246, 58, 16, 60
-42776, -1200, 246, 58, 16, 60
-41976, -1200, 246, 59, 15, 60
-41176, -1200, 246, 59, 14, 60
-40376, -1200, 246, 59, 14, 60
-39576, -1200, 246, 58, 13, 59
-38776, -1200, 246, 59, 13, 59
-37976, -1200, 246, 59, 12, 59
-37176, -1200, 246, 59, 12, 59
-36376, -1200, 246, 59, 12, 59
-35576, -1200, 246, 59, 11, 59
-34776, -1200, 246, 59, 10, 58
-33976, -1200, 246, 59, 10, 58
-33176, -1200, 246, 59, 8, 58
-32376, -1200, 246, 59, 9, 58
-31576, -1200, 246, 59, 8, 58
-30776, -1200, 246, 59, 8, 58
-29976, -1200, 246, 59, 7, 58
-29176, -1200, 246, 59, 6, 58
-28376, -1200, 246, 60, 6, 58
-27576, -1200, 246, 59, 5, 58
-26776, -1200, 246, 60, 4, 58
-25976, -1200, 246, 59, 4, 59
-25176, -1200, 246, 60, 3, 59
-24376, -1200, 246, 59, 2, 58
-23576, -1200, 246, 60, 1, 59
-22776, -1200, 246, 59, 0, 59
-21976, -1200, 246, 60, 0, 59
-21176, -1200, 246, 60, -2, 59
-20376, -1200, 246, 60, -3, 59
-19576, -1200, 246, 60, -4, 60
-18776, -1200, 246, 60, -5, 59
-17976, -1200, 246, 60, -7, 60
-17176, -1200, 246, 59, -8, 59
-16376, -1200, 246, 59, -10, 59
-15576, -1200, 246, 59, -12, 59
-14776, -1200, 246, 58, -13, 59
-13976, -1200, 246, 59, -15, 58
-13176, -1200, 246, 58, -17, 58
-12376, -1200, 246, 59, -19, 57
-11576, -1200, 246, 57, -20, 57
-10776, -1200, 246, 56, -22, 56
-9976, -1200, 246, 55, -24, 54
-9176, -1200, 246, 53, -25, 53
-8376, -1200, 246, 52, -27, 51
-7576, -1200, 246, 51, -27, 48
-6776, -1200, 246, 49, -29, 46
-5976, -1200, 246, 47, -30, 43
-5176, -1200, 246, 46, -30, 41
-4376, -1200, 246, 44, -31, 38
-3576, -1200, 246, 42, -31, 36
-2776, -1200, 246, 40, -31, 33
-1976, -1200, 246, 39, -31, 30
-1176, -1200, 246, 36, -31, 28
-376, -1200, 246, 34, -31, 25
0, -776, 246, 35, -32, 23
-24, 0, 246, 39, -34, 22
-824, 0, 246, 40, -35, 23
-1624, 0, 246, 43, -36, 26
-2424, 0, 246, 45, -36, 28
-3224, 0, 246, 48, -36, 32
-4024, 0, 246, 51, -36, 35
-4824, 0, 246, 54, -35, 39
-5624, 0, 246, 57, -35, 42
-6424, 0, 246, 60, -34, 45
-7224, 0, 246, 62, -33, 48
-8024, 0, 246, 64, -32, 51
-8824, 0, 246, 66, -30, 53
-9624, 0, 246, 68, -27, 55
-10424, 0, 246, 69, -26, 57
-11224, 0, 246, 71, -23, 58
-12024, 0, 246, 71, -21, 59
-12824, 0, 246, 72, -19, 60
-13624, 0, 246, 73, -17, 60
-14424, 0, 246, 73, -14, 60
-15224, 0, 246, 73, -12, 61
-16024, 0, 246, 73, -10, 61
-16824, 0, 246, 73, -8, 61
-17624, 0, 246, 73, -7, 61
-18424, 0, 246, 74, -5, 60
-19224, 0, 246, 74, -3, 60
-20024, 0, 246, 73, -2, 61
-20824, 0, 246, 73, 0, 60
-21624, 0, 246, 73, 1, 60
-22424, 0, 246, 73, 2, 59
-23224, 0, 246, 72, 3, 59
-24024, 0, 246, 73, 4, 59
-24824, 0, 246, 72, 4, 60
-25624, 0, 246, 73, 6, 59
-26424, 0, 246, 72, 7, 59
-27224, 0, 246, 72, 7, 59
-28024, 0, 246, 72, 8, 58
-28824, 0, 246, 72, 9, 59
-29624, 0, 246, 72, 10, 58
-30424, 0, 246, 72, 10, 59
-31224, 0, 246, 71, 10, 58
-32024, 0, 246, 72, 11, 59
-32824, 0, 246, 71, 11, 59
-33624, 0, 246, 72, 12, 59
-34424, 0, 246, 71, 12, 59
-35224, 0, 246, 71, 13, 59
-36024, 0, 246, 71, 13, 59
-36824, 0, 246, 71, 13, 59
-37624, 0, 246, 71, 14, 59
-38424, 0, 246, 71, 15, 59
-39224, 0, 246, 71, 15, 60
-40024, 0, 246, 71, 16, 60
-40824, 0, 246, 71, 16, 60
-41624, 0, 246, 71, 17, 61
-42424, 0, 246, 71, 17, 61
-43224, 0, 246, 72, 18, 61
-44024, 0, 246, 71, 19, 61
-44824, 0, 246, 72, 20, 62
-45624, 0, 246, 71, 21, 62
-46424, 0, 246, 71, 21, 63
-47224, 0, 246, 71, 22, 63
-48024, 0, 246, 71, 23, 63
-48824, 0, 246, 71, 24, 63
-49624, 0, 246, 71, 25, 64
-50424, 0, 246, 71, 26, 64
-51224, 0, 246, 72, 28, 64
-52024, 0, 246, 70, 29, 64
-52824, 0, 246, 70, 31, 64
-53624, 0, 246, 70, 32, 64
-54424, 0, 246, 70, 34, 64
-55224, 0, 246, 69, 35, 64
-56024, 0, 246, 68, 37, 62
-56824, 0, 246, 67, 40, 61
-57624, 0, 246, 65, 41, 60
-58424, 0, 246, 63, 42, 58
-59224, 0, 246, 61, 44, 56
-60024, 0, 246, 60, 46, 53
-60824, 0, 246, 58, 48, 50
-61624, 0, 246, 55, 50, 47
-62424, 0, 246, 53, 51, 44
-63224, 0, 246, 50, 52, 40
-64024, 0, 246, 47, 53, 37
-64824, 0, 246, 45, 53, 34
-65624, 0, 246, 43, 54, 31
-66424, 0, 246, 40, 54, 27
-67224, 0, 246, 38, 53, 24
-68024, 0, 246, 35, 53, 22
-68824, 0, 246, 33, 52, 19
-69624, 0, 246, 31, 50, 17
-70424, 0, 246, 30, 50, 15
-71224, 0, 246, 28, 49, 13
-72000, 24, 246, 26, 47, 11
-72000, 824, 246, 28, 52, 8
-71576, 1200, 246, 29, 55, 7
-70776, 1200, 246, 32, 57, 8
-69976, 1200, 246, 34, 58, 11
-69176, 1200, 246, 36, 60, 12
-68376, 1200, 246, 39, 61, 14
-67576, 1200, 246, 42, 63, 18
-66776, 1200, 246, 45, 64, 20
-65976, 1200, 246, 48, 64, 23
-65176, 1200, 246, 51, 65, 26
-64376, 1200, 246, 56, 65, 30
-63576, 1200, 246, 60, 63, 34
-62776, 1200, 246, 64, 62, 38
-61976, 1200, 246, 69, 61, 42
-61176, 1200, 246, 72, 59, 46
-60376, 1200, 246, 76, 57, 49
-59576, 1200, 246, 80, 54, 53
-58776, 1200, 246, 83, 52, 55
-57976, 1200, 246, 86, 49, 57
-57176, 1200, 246, 87, 46, 59
-56376, 1200, 246, 89, 44, 60
-55576, 1200, 246, 90, 41, 61
-54776, 1200, 246, 91, 39, 61
-53976, 1200, 246, 92, 37, 62
-53176, 1200, 246, 92, 35, 61
-52376, 1200, 246, 92, 33, 61
-51576, 1200, 246, 93, 31, 61
-50776, 1200, 246, 92, 30, 61
-49976, 1200, 246, 92, 29, 60
-49176, 1200, 246, 92, 27, 59
-48376, 1200, 246, 92, 26, 60
-47576, 1200, 246, 92, 25, 59
-46776, 1200, 246, 92, 25, 58
-45976, 1200, 246, 91, 23, 57
-45176, 1200, 246, 91, 22, 57
-44376, 1200, 246, 91, 22, 57
-43576, 1200, 246, 91, 21, 56
-42776, 1200, 246, 92, 20, 56
-41976, 1200, 246, 90, 20, 56
-41176, 1200, 246, 90, 19, 55
-40376, 1200, 246, 91, 19, 55
-39576, 1200, 246, 90, 18, 54
-38776, 1200, 246, 90, 17, 54
-37976, 1200, 246, 91, 17, 54
-37176, 1200, 246, 90, 16, 53
-36376, 1200, 246, 90, 16, 53
-35576, 1200, 246, 90, 16, 53
-34776, 1200, 246, 90, 15, 53
-33976, 1200, 246, 90, 15, 52
-33176, 1200, 246, 90, 14, 52
-32376, 1200, 246, 91, 14, 52
-31576, 1200, 246, 90, 13, 52
-30776, 1200, 246, 91, 13, 52
-29976, 1200, 246, 91, 13, 52
-29176, 1200, 246, 91, 12, 52
-28376, 1200, 246, 91, 11, 52
-27576, 1200, 246, 92, 11, 52
-26776, 1200, 246, 92, 10, 51
-25976, 1200, 246, 92, 9, 52
-25176, 1200, 246, 92, 9, 52
-24376, 1200, 246, 94, 8, 53
-23576, 1200, 246, 93, 7, 52
-22776, 1200, 246, 93, 6, 53
-21976, 1200, 246, 94, 6, 53
-21176, 1200, 246, 94, 4, 53
-20376, 1200, 246, 94, 3, 53
-19576, 1200, 246, 95, 1, 54
-18776, 1200, 246, 95, 0, 53
-17976, 1200, 246, 95, -3, 54
-17176, 1200, 246, 95, -4, 55
-16376, 1200, 246, 96, -6, 55
-15576, 1200, 246, 96, -8, 55
-14776, 1200, 246, 96, -11, 55
-13976, 1200, 246, 96, -14, 55
-13176, 1200, 246, 96, -18, 55
-12376, 1200, 246, 96, -21, 55
-11576, 1200, 246, 95, -24, 54
-10776, 1200, 246, 94, -27, 54
-9976, 1200, 246, 93, -31, 52
-9176, 1200, 246, 91, -33, 51
-8376, 1200, 246, 88, -37, 48
-7576, 1200, 246, 85, -39, 46
-6776, 1200, 246, 82, -41, 43
-5976, 1200, 246, 77, -42, 40
-5176, 1200, 246, 72, -43, 36
-4376, 1200, 246, 68, -43, 32
-3576, 1200, 246, 63, -43, 29
-2776, 1200, 246, 59, -41, 25
-1976, 1200, 246, 54, -42, 22
-1176, 1200, 246, 51, -41, 19
-376, 1200, 246, 47, -40, 17
0, 1624, 246, 47, -41, 13
-24, 2400, 246, 52, -44, 8
-824, 2400, 246, 55, -45, 9
-1624, 2400, 246, 60, -46, 11
-2424, 2400, 246, 66, -48, 13
-3224, 2400, 246, 72, -49, 16
-4024, 2400, 246, 80, -49, 19
-4824, 2400, 246, 87, -49, 22
-5624, 2400, 246, 96, -49, 25
-6424, 2400, 246, 103, -49, 28
-7224, 2400, 246, 111, -47, 31
-8024, 2400, 246, 118, -45, 33
-8824, 2400, 246, 123, -41, 35
-9624, 2400, 246, 126, -38, 36
-10424, 2400, 246, 128, -33, 38
-11224, 2400, 246, 130, -28, 39
-12024, 2400, 246, 130, -23, 39
-12824, 2400, 246, 130, -19, 39
-13624, 2400, 246, 130, -14, 39
-14424, 2400, 246, 129, -10, 39
-15224, 2400, 246, 128, -7, 39
-16024, 2400, 246, 127, -4, 39
-16824, 2400, 246, 126, -1, 38
-17624, 2400, 246, 126, 1, 38
-18424, 2400, 246, 125, 3, 38
-19224, 2400, 246, 124, 5, 37
-20024, 2400, 246, 123, 7, 37
-20824, 2400, 246, 123, 8, 37
-21624, 2400, 246, 122, 9, 38
-22424, 2400, 246, 121, 11, 37
-23224, 2400, 246, 121, 11, 37
-24024, 2400, 246, 120, 12, 37
-24824, 2400, 246, 119, 13, 36
-25624, 2400, 246, 119, 14, 37
-26424, 2400, 246, 119, 14, 36
-27224, 2400, 246, 118, 15, 36
-28024, 2400, 246, 118, 16, 36
-28824, 2400, 246, 118, 16, 36
-29624, 2400, 246, 118, 17, 36
-30424, 2400, 246, 117, 17, 36
-31224, 2400, 246, 117, 17, 36
-32024, 2400, 246, 117, 18, 36
-32824, 2400, 246, 117, 18, 37
-33624, 2400, 246, 117, 18, 37
-34424, 2400, 246, 117, 19, 37
-35224, 2400, 246, 116, 19, 37
-36024, 2400, 246, 116, 19, 38
-36824, 2400, 246, 117, 20, 38
-37624, 2400, 246, 117, 20, 38
-38424, 2400, 246, 116, 20, 39
-39224, 2400, 246, 117, 21, 39
-40024, 2400, 246, 116, 22, 40
-40824, 2400, 246, 117, 22, 40
-41624, 2400, 246, 117, 22, 41
-42424, 2400, 246, 117, 23, 41
-43224, 2400, 246, 117, 24, 42
-44024, 2400, 246, 117, 24, 42
-44824, 2400, 246, 118, 25, 43
-45624, 2400, 246, 119, 26, 44
-46424, 2400, 246, 119, 27, 44
-47224, 2400, 246, 119, 28, 45
-48024, 2400, 246, 119, 29, 45
-48824, 2400, 246, 120, 30, 46
-49624, 2400, 246, 121, 31, 47
-50424, 2400, 246, 121, 32, 47
-51224, 2400, 246, 122, 34, 48
-52024, 2400, 246, 122, 36, 48
-52824, 2400, 246, 123, 37, 48
-53624, 2400, 246, 123, 41, 48
-54424, 2400, 246, 123, 42, 49
-55224, 2400, 246, 123, 44, 49
-56024, 2400, 246, 123, 47, 49
-56824, 2400, 246, 122, 50, 48
-57624, 2400, 246, 120, 53, 47
-58424, 2400, 246, 118, 57, 46
-59224, 2400, 246, 113, 61, 44
-60024, 2400, 246, 108, 64, 42
-60824, 2400, 246, 102, 68, 40
-61624, 2400, 246, 95, 72, 36
-62424, 2400, 246, 88, 74, 32
-63224, 2400, 246, 80, 77, 28
-64024, 2400, 246, 74, 78, 25
-64824, 2400, 246, 67, 78, 21
-65624, 2400, 246, 61, 78, 18
-66424, 2400, 246, 56, 77, 15
-67224, 2400, 246, 51, 76, 13
-68024, 2400, 246, 47, 73, 10
-68824, 2400, 246, 43, 71, 8
-69624, 2400, 246, 40, 68, 6
-70424, 2400, 246, 37, 66, 4
-71224, 2400, 246, 34, 64, 3
-72000, 2424, 246, 32, 61, 1
-72000, 3224, 246, 33, 65, -3
-71576, 3600, 246, 34, 68, -6
-70776, 3600, 246, 37, 72, -5
-69976, 3600, 246, 40, 75, -4
-69176, 3600, 246, 44, 79, -4
-68376, 3600, 246, 48, 82, -2
-67576, 3600, 246, 54, 86, -1
-66776, 3600, 246, 58, 89, 1
-65976, 3600, 246, 66, 92, 3
-65176, 3600, 246, 73, 94, 4
-64376, 3600, 246, 82, 94, 7
-63576, 3600, 246, 92, 94, 8
-62776, 3600, 246, 104, 92, 11
-61976, 3600, 246, 117, 89, 13
-61176, 3600, 246, 131, 84, 15
-60376, 3600, 246, 144, 79, 17
-59576, 3600, 246, 156, 74, 19
-58776, 3600, 246, 164, 68, 20
-57976, 3600, 246, 169, 63, 21
-57176, 3600, 246, 171, 59, 21
-56376, 3600, 246, 172, 55, 22
-55576, 3600, 246, 171, 51, 22
-54776, 3600, 246, 170, 49, 22
-53976, 3600, 246, 169, 45, 22
-53176, 3600, 246, 167, 43, 22
-52376, 3600, 246, 165, 41, 23
-51576, 3600, 246, 163, 39, 22
-50776, 3600, 246, 162, 37, 21
-49976, 3600, 246, 161, 35, 21
-49176, 3600, 246, 161, 34, 21
-48376, 3600, 246, 159, 33, 20
-47576, 3600, 246, 158, 31, 19
-46776, 3600, 246, 157, 32, 18
-45976, 3600, 246, 157, 30, 18
-45176, 3600, 246, 156, 29, 18
-44376, 3600, 246, 155, 28, 17
-43576, 3600, 246, 154, 27, 16
-42776, 3600, 246, 154, 27, 15
-41976, 3600, 246, 154, 26, 15
-41176, 3600, 246, 153, 26, 14
-40376, 3600, 246, 153, 26, 13
-39576, 3600, 246, 152, 25, 13
-38776, 3600, 246, 151, 24, 12
-37976, 3600, 246, 152, 25, 12
-37176, 3600, 246, 152, 24, 11
-36376, 3600, 246, 151, 23, 10
-35576, 3600, 246, 152, 23, 10
-34776, 3600, 246, 152, 23, 10
-33976, 3600, 246, 152, 23, 10
-33176, 3600, 246, 151, 22, 9
-32376, 3600, 246, 151, 22, 9
-31576, 3600, 246, 151, 22, 8
-30776, 3600, 246, 152, 22, 9
-29976, 3600, 246, 152, 21, 9
-29176, 3600, 246, 152, 21, 8
-28376, 3600, 246, 152, 20, 8
-27576, 3600, 246, 153, 21, 8
-26776, 3600, 246, 154, 20, 8
-25976, 3600, 246, 154, 19, 8
-25176, 3600, 246, 155, 19, 8
-24376, 3600, 246, 155, 18, 8
-23576, 3600, 246, 156, 17, 8
-22776, 3600, 246, 157, 16, 8
-21976, 3600, 246, 158, 16, 8
-21176, 3600, 246, 159, 14, 8
-20376, 3600, 246, 160, 13, 8
-19576, 3600, 246, 160, 12, 8
-18776, 3600, 246, 162, 11, 9
-17976, 3600, 246, 163, 9, 8
-17176, 3600, 246, 164, 6, 8
-16376, 3600, 246, 166, 4, 9
-15576, 3600, 246, 167, 1, 9
-14776, 3600, 246, 169, -3, 9
-13976, 3600, 246, 171, -7, 9
-13176, 3600, 246, 173, -12, 9
-12376, 3600, 246, 174, -18, 9
-11576, 3600, 246, 176, -24, 9
-10776, 3600, 246, 177, -31, 9
-9976, 3600, 246, 177, -38, 9
-9176, 3600, 246, 174, -44, 8
-8376, 3600, 246, 170, -49, 8
-7576, 3600, 246, 161, -53, 7
-6776, 3600, 246, 149, -56, 5
-5976, 3600, 246, 136, -58, 5
-5176, 3600, 246, 121, -58, 3
-4376, 3600, 246, 108, -58, 2
-3576, 3600, 246, 95, -57, 1
-2776, 3600, 246, 84, -55, -1
-1976, 3600, 246, 76, -54, -2
-1176, 3600, 246, 68, -52, -2
-376, 3600, 246, 60, -50, -3
0, 4024, 246, 59, -50, -8
-24, 4800, 246, 61, -51, -15
-824, 4800, 246, 66, -53, -16
-1624, 4800, 246, 76, -54, -16
-2424, 4800, 246, 84, -58, -16
-3224, 4800, 246, 96, -60, -17
-4024, 4800, 246, 110, -62, -17
-4824, 4800, 246, 126, -63, -18
-5624, 4800, 246, 143, -64, -19
-6424, 4800, 246, 161, -63, -19
-7224, 4800, 246, 179, -62, -19
-8024, 4800, 246, 193, -58, -20
-8824, 4800, 246, 202, -52, -21
-9624, 4800, 246, 206, -46, -21
-10424, 4800, 246, 207, -38, -21
-11224, 4800, 246, 205, -30, -22
-12024, 4800, 246, 204, -21, -21
-12824, 4800, 246, 202, -14, -21
-13624, 4800, 246, 199, -8, -21
-14424, 4800, 246, 197, -3, -21
-15224, 4800, 246, 194, 2, -21
-16024, 4800, 246, 193, 6, -21
-16824, 4800, 246, 191, 9, -21
-17624, 4800, 246, 188, 12, -22
-18424, 4800, 246, 187, 14, -21
-19224, 4800, 246, 185, 15, -22
-20024, 4800, 246, 184, 17, -22
-20824, 4800, 246, 183, 18, -21
-21624, 4800, 246, 181, 19, -21
-22424, 4800, 246, 181, 21, -21
-23224, 4800, 246, 180, 22, -21
-24024, 4800, 246, 179, 21, -21
-24824, 4800, 246, 178, 22, -21
-25624, 4800, 246, 178, 23, -21
-26424, 4800, 246, 177, 23, -20
-27224, 4800, 246, 176, 24, -21
-28024, 4800, 246, 176, 24, -20
-28824, 4800, 246, 176, 24, -20
-29624, 4800, 246, 176, 25, -20
-30424, 4800, 246, 175, 25, -21
-31224, 4800, 246, 175, 25, -20
-32024, 4800, 246, 175, 26, -20
-32824, 4800, 246, 175, 25, -20
-33624, 4800, 246, 176, 26, -19
-34424, 4800, 246, 175, 27, -19
-35224, 4800, 246, 175, 26, -19
-36024, 4800, 246, 175, 26, -18
-36824, 4800, 246, 175, 26, -18
-37624, 4800, 246, 175, 27, -18
-38424, 4800, 246, 176, 27, -17
-39224, 4800, 246, 176, 27, -16
-40024, 4800, 246, 177, 28, -15
-40824, 4800, 246, 177, 28, -14
-41624, 4800, 246, 178, 28, -13
-42424, 4800, 246, 178, 29, -12
-43224, 4800, 246, 179, 29, -11
-44024, 4800, 246, 180, 30, -10
-44824, 4800, 246, 181, 30, -9
-45624, 4800, 246, 182, 32, -9
-46424, 4800, 246, 183, 32, -8
-47224, 4800, 246, 184, 33, -7
-48024, 4800, 246, 185, 34, -7
-48824, 4800, 246, 186, 35, -6
-49624, 4800, 246, 188, 36, -6
-50424, 4800, 246, 190, 38, -5
-51224, 4800, 246, 191, 40, -5
-52024, 4800, 246, 194, 42, -5
-52824, 4800, 246, 196, 44, -5
-53624, 4800, 246, 199, 46, -5
-54424, 4800, 246, 201, 50, -5
-55224, 4800, 246, 204, 52, -5
-56024, 4800, 246, 206, 56, -5
-56824, 4800, 246, 208, 60, -5
-57624, 4800, 246, 210, 65, -6
-58424, 4800, 246, 208, 70, -5
-59224, 4800, 246, 202, 76, -6
-60024, 4800, 246, 191, 83, -7
-60824, 4800, 246, 174, 90, -7
-61624, 4800, 246, 155, 97, -8
-62424, 4800, 246, 136, 103, -9
-63224, 4800, 246, 118, 107, -9
-64024, 4800, 246, 104, 109, -9
-64824, 4800, 246, 90, 108, -10
-65624, 4800, 246, 80, 108, -11
-66424, 4800, 246, 71, 103, -12
-67224, 4800, 246, 64, 99, -12
-68024, 4800, 246, 57, 94, -12
-68824, 4800, 246, 51, 91, -13
-69624, 4800, 246, 46, 86, -13
-70424, 4800, 246, 42, 81, -13
-71224, 4800, 246, 38, 77, -12
-72000, 4824, 246, 35, 73, -14
-72000, 5624, 246, 35, 75, -19
-71576, 6000, 246, 36, 76, -22
-70776, 6000, 246, 39, 81, -23
-69976, 6000, 246, 43, 86, -24
-69176, 6000, 246, 48, 92, -25
-68376, 6000, 246, 53, 97, -26
-67576, 6000, 246, 60, 102, -26
-66776, 6000, 246, 67, 107, -27
-65976, 6000, 246, 76, 112, -28
-65176, 6000, 246, 86, 115, -30
-64376, 6000, 246, 100, 117, -30
-63576, 6000, 246, 112, 116, -31
-62776, 6000, 246, 130, 113, -32
-61976, 6000, 246, 149, 108, -33
-61176, 6000, 246, 170, 101, -33
-60376, 6000, 246, 189, 94, -34
-59576, 6000, 246, 206, 85, -35
-58776, 6000, 246, 214, 78, -35
-57976, 6000, 246, 219, 71, -35
-57176, 6000, 246, 219, 66, -35
-56376, 6000, 246, 217, 60, -35
-55576, 6000, 246, 214, 56, -35
-54776, 6000, 246, 211, 52, -35
-53976, 6000, 246, 208, 49, -35
-53176, 6000, 246, 205, 46, -35
-52376, 6000, 246, 202, 44, -35
-51576, 6000, 246, 200, 42, -35
-50776, 6000, 246, 198, 40, -35
-49976, 6000, 246, 196, 38, -35
-49176, 6000, 246, 194, 36, -35
-48376, 6000, 246, 193, 35, -36
-47576, 6000, 246, 192, 34, -36
-46776, 6000, 246, 190, 32, -37
-45976, 6000, 246, 188, 31, -37
-45176, 6000, 246, 188, 31, -38
-44376, 6000, 246, 187, 29, -40
-43576, 6000, 246, 186, 29, -41
-42776, 6000, 246, 185, 28, -42
-41976, 6000, 246, 185, 28, -44
-41176, 6000, 246, 183, 27, -46
-40376, 6000, 246, 183, 27, -46
-39576, 6000, 246, 182, 27, -48
-38776, 6000, 246, 182, 27, -49
-37976, 6000, 246, 182, 27, -49
-37176, 6000, 246, 182, 27, -50
-36376, 6000, 246, 181, 27, -51
-35576, 6000, 246, 183, 26, -51
-34776, 6000, 246, 181, 27, -52
-33976, 6000, 246, 182, 26, -51
-33176, 6000, 246, 181, 27, -53
-32376, 6000, 246, 181, 27, -53
-31576, 6000, 246, 182, 26, -53
-30776, 6000, 246, 181, 26, -53
-29976, 6000, 246, 181, 26, -53
-29176, 6000, 246, 182, 26, -53
-28376, 6000, 246, 182, 25, -54
-27576, 6000, 246, 182, 25, -54
-26776, 6000, 246, 183, 25, -54
-25976, 6000, 246, 183, 24, -54
-25176, 6000, 246, 183, 24, -54
-24376, 6000, 246, 185, 23, -55
-23576, 6000, 246, 185, 23, -54
-22776, 6000, 246, 186, 22, -55
-21976, 6000, 246, 186, 21, -55
-21176, 6000, 246, 188, 20, -55
-20376, 6000, 246, 189, 19, -55
-19576, 6000, 246, 190, 18, -55
-18776, 6000, 246, 191, 17, -56
-17976, 6000, 246, 193, 14, -55
-17176, 6000, 246, 194, 13, -56
-16376, 6000, 246, 196, 10, -55
-15576, 6000, 246, 198, 7, -56
-14776, 6000, 246, 200, 2, -56
-13976, 6000, 246, 202, -2, -56
-13176, 6000, 246, 206, -8, -55
-12376, 6000, 246, 208, -14, -56
-11576, 6000, 246, 211, -23, -56
-10776, 6000, 246, 213, -31, -54
-9976, 6000, 246, 214, -40, -55
-9176, 6000, 246, 212, -49, -54
-8376, 6000, 246, 207, -56, -52
-7576, 6000, 246, 198, -61, -50
-6776, 6000, 246, 182, -65, -48
-5976, 6000, 246, 164, -66, -46
-5176, 6000, 246, 144, -67, -43
-4376, 6000, 246, 127, -66, -40
-3576, 6000, 246, 110, -64, -37
-2776, 6000, 246, 96, -61, -35
-1976, 6000, 246, 84, -59, -33
-1176, 6000, 246, 75, -56, -31
-376, 6000, 246, 66, -54, -29
0, 6424, 246, 62, -52, -30
-24, 7200, 246, 60, -51, -36
-824, 7200, 246, 65, -53, -39
-1624, 7200, 246, 74, -55, -41
-2424, 7200, 246, 84, -58, -44
-3224, 7200, 246, 97, -60, -47
-4024, 7200, 246, 109, -63, -51
-4824, 7200, 246, 126, -64, -55
-5624, 7200, 246, 144, -65, -59
-6424, 7200, 246, 163, -65, -63
-7224, 7200, 246, 181, -64, -67
-8024, 7200, 246, 195, -60, -70
-8824, 7200, 246, 205, -53, -73
-9624, 7200, 246, 209, -47, -75
-10424, 7200, 246, 211, -39, -77
-11224, 7200, 246, 210, -30, -78
-12024, 7200, 246, 207, -21, -79
-12824, 7200, 246, 205, -14, -79
-13624, 7200, 246, 203, -7, -79
-14424, 7200, 246, 201, -2, -80
-15224, 7200, 246, 198, 3, -80
-16024, 7200, 246, 197, 7, -80
-16824, 7200, 246, 195, 10, -79
-17624, 7200, 246, 193, 12, -79
-18424, 7200, 246, 192, 15, -79
-19224, 7200, 246, 190, 17, -79
-20024, 7200, 246, 189, 18, -79
-20824, 7200, 246, 188, 20, -79
-21624, 7200, 246, 187, 20, -79
-22424, 7200, 246, 186, 21, -78
-23224, 7200, 246, 185, 22, -79
-24024, 7200, 246, 185, 23, -78
-24824, 7200, 246, 184, 23, -78
-25624, 7200, 246, 184, 24, -78
-26424, 7200, 246, 183, 24, -78
-27224, 7200, 246, 183, 25, -78
-28024, 7200, 246, 183, 25, -78
-28824, 7200, 246, 182, 25, -78
-29624, 7200, 246, 182, 26, -78
-30424, 7200, 246, 181, 26, -78
-31224, 7200, 246, 181, 26, -78
-32024, 7200, 246, 181, 26, -77
-32824, 7200, 246, 183, 27, -77
-33624, 7200, 246, 181, 27, -77
-34424, 7200, 246, 181, 26, -76
-35224, 7200, 246, 182, 26, -76
-36024, 7200, 246, 182, 26, -76
-36824, 7200, 246, 183, 26, -75
-37624, 7200, 246, 181, 26, -75
-38424, 7200, 246, 183, 26, -74
-39224, 7200, 246, 183, 26, -73
-40024, 7200, 246, 183, 26, -71
-40824, 7200, 246, 185, 26, -70
-41624, 7200, 246, 185, 26, -69
-42424, 7200, 246, 187, 26, -67
-43224, 7200, 246, 188, 26, -66
-44024, 7200, 246, 189, 26, -64
-44824, 7200, 246, 191, 28, -63
-45624, 7200, 246, 192, 28, -62
-46424, 7200, 246, 193, 29, -62
-47224, 7200, 246, 195, 32, -60
-48024, 7200, 246, 196, 33, -60
-48824, 7200, 246, 197, 35, -60
-49624, 7200, 246, 198, 37, -60
-50424, 7200, 246, 200, 38, -60
-51224, 7200, 246, 202, 41, -60
-52024, 7200, 246, 204, 43, -59
-52824, 7200, 246, 207, 45, -59
-53624, 7200, 246, 209, 48, -60
-54424, 7200, 246, 212, 51, -60
-55224, 7200, 246, 215, 54, -60
-56024, 7200, 246, 218, 58, -59
-56824, 7200, 246, 220, 63, -59
-57624, 7200, 246, 222, 68, -59
-58424, 7200, 246, 221, 74, -58
-59224, 7200, 246, 215, 82, -57
-60024, 7200, 246, 204, 89, -56
-60824, 7200, 246, 188, 97, -54
-61624, 7200, 246, 167, 105, -53
-62424, 7200, 246, 146, 112, -52
-63224, 7200, 246, 127, 117, -49
-64024, 7200, 246, 110, 119, -47
-64824, 7200, 246, 95, 119, -45
-65624, 7200, 246, 84, 117, -43
-66424, 7200, 246, 73, 113, -41
-67224, 7200, 246, 66, 109, -39
-68024, 7200, 246, 58, 103, -37
-68824, 7200, 246, 52, 97, -35
-69624, 7200, 246, 47, 91, -33
-70424, 7200, 246, 42, 86, -32
-71224, 7200, 246, 38, 81, -30
-72000, 7224, 246, 35, 76, -29
-72000, 8024, 246, 34, 74, -34
-71576, 8400, 246, 33, 74, -37
-70776, 8400, 246, 37, 79, -39
-69976, 8400, 246, 40, 84, -42
-69176, 8400, 246, 45, 89, -44
-68376, 8400, 246, 51, 95, -45
-67576, 8400, 246, 57, 101, -49
-66776, 8400, 246, 63, 106, -52
-65976, 8400, 246, 72, 111, -55
-65176, 8400, 246, 82, 114, -58
-64376, 8400, 246, 94, 116, -62
-63576, 8400, 246, 107, 116, -65
-62776, 8400, 246, 125, 113, -68
-61976, 8400, 246, 143, 109, -72
-61176, 8400, 246, 165, 102, -76
-60376, 8400, 246, 184, 94, -79
-59576, 8400, 246, 201, 86, -81
-58776, 8400, 246, 212, 78, -83
-57976, 8400, 246, 218, 72, -84
-57176, 8400, 246, 218, 66, -86
-56376, 8400, 246, 217, 61, -88
-55576, 8400, 246, 215, 56, -88
-54776, 8400, 246, 213, 53, -89
-53976, 8400, 246, 211, 49, -89
-53176, 8400, 246, 208, 46, -90
-52376, 8400, 246, 207, 44, -90
-51576, 8400, 246, 205, 41, -90
-50776, 8400, 246, 204, 38, -90
-49976, 8400, 246, 201, 36, -90
-49176, 8400, 246, 200, 34, -90
-48376, 8400, 246, 199, 32, -90
-47576, 8400, 246, 197, 29, -90
-46776, 8400, 246, 197, 26, -90
-45976, 8400, 246, 195, 25, -90
-45176, 8400, 246, 192, 23, -90
-44376, 8400, 246, 190, 21, -90
-43576, 8400, 246, 186, 21, -91
-42776, 8400, 246, 182, 20, -92
-41976, 8400, 246, 177, 21, -92
-41176, 8400, 246, 174, 21, -94
-40376, 8400, 246, 171, 21, -94
-39576, 8400, 246, 169, 22, -94
-38776, 8400, 246, 168, 22, -95
-37976, 8400, 246, 166, 22, -96
-37176, 8400, 246, 166, 23, -96
-36376, 8400, 246, 165, 22, -96
-35576, 8400, 246, 164, 22, -96
-34776, 8400, 246, 164, 23, -96
-33976, 8400, 246, 163, 23, -97
-33176, 8400, 246, 164, 23, -96
-32376, 8400, 246, 163, 23, -96
-31576, 8400, 246, 164, 23, -98
-30776, 8400, 246, 163, 23, -97
-29976, 8400, 246, 163, 23, -97
-29176, 8400, 246, 163, 23, -97
-28376, 8400, 246, 163, 22, -97
-27576, 8400, 246, 164, 22, -97
-26776, 8400, 246, 164, 23, -97
-25976, 8400, 246, 164, 21, -97
-25176, 8400, 246, 165, 20, -96
-24376, 8400, 246, 166, 20, -96
-23576, 8400, 246, 165, 19, -97
-22776, 8400, 246, 166, 19, -97
-21976, 8400, 246, 167, 19, -97
-21176, 8400, 246, 167, 17, -97
-20376, 8400, 246, 168, 16, -97
-19576, 8400, 246, 168, 14, -97
-18776, 8400, 246, 169, 13, -97
-17976, 8400, 246, 170, 11, -97
-17176, 8400, 246, 171, 8, -97
-16376, 8400, 246, 173, 6, -96
-15576, 8400, 246, 173, 3, -96
-14776, 8400, 246, 175, -1, -97
-13976, 8400, 246, 176, -5, -96
-13176, 8400, 246, 177, -11, -96
-12376, 8400, 246, 179, -17, -95
-11576, 8400, 246, 180, -24, -94
-10776, 8400, 246, 180, -31, -92
-9976, 8400, 246, 180, -39, -90
-9176, 8400, 246, 177, -45, -88
-8376, 8400, 246, 171, -51, -86
-7576, 8400, 246, 163, -56, -82
-6776, 8400, 246, 149, -59, -78
-5976, 8400, 246, 136, -60, -74
-5176, 8400, 246, 120, -60, -70
-4376, 8400, 246, 107, -59, -65
-3576, 8400, 246, 93, -58, -61
-2776, 8400, 246, 83, -57, -57
-1976, 8400, 246, 73, -54, -53
-1176, 8400, 246, 65, -52, -50
-376, 8400, 246, 58, -50, -46
0, 8824, 246, 53, -47, -46
-24, 9600, 246, 50, -45, -49
-824, 9600, 246, 53, -46, -51
-1624, 9600, 246, 59, -47, -54
-2424, 9600, 246, 65, -49, -58
-3224, 9600, 246, 72, -51, -62
-4024, 9600, 246, 80, -52, -66
-4824, 9600, 246, 89, -53, -70
-5624, 9600, 246, 100, -54, -74
-6424, 9600, 246, 108, -53, -78
-7224, 9600, 246, 118, -52, -82
-8024, 9600, 246, 125, -49, -86
-8824, 9600, 246, 133, -46, -89
-9624, 9600, 246, 136, -41, -92
-10424, 9600, 246, 139, -35, -94
-11224, 9600, 246, 141, -29, -96
-12024, 9600, 246, 141, -23, -98
-12824, 9600, 246, 141, -18, -99
-13624, 9600, 246, 141, -12, -100
-14424, 9600, 246, 141, -8, -101
-15224, 9600, 246, 139, -4, -102
-16024, 9600, 246, 139, 0, -102
-16824, 9600, 246, 138, 3, -102
-17624, 9600, 246, 138, 5, -103
-18424, 9600, 246, 137, 7, -103
-19224, 9600, 246, 138, 9, -103
-20024, 9600, 246, 136, 11, -103
-20824, 9600, 246, 137, 12, -103
-21624, 9600, 246, 135, 14, -104
-22424, 9600, 246, 135, 14, -104
-23224, 9600, 246, 134, 15, -104
-24024, 9600, 246, 134, 16, -104
-24824, 9600, 246, 134, 16, -104
-25624, 9600, 246, 134, 17, -104
-26424, 9600, 246, 134, 18, -104
-27224, 9600, 246, 133, 18, -104
-28024, 9600, 246, 133, 18, -105
-28824, 9600, 246, 133, 19, -105
-29624, 9600, 246, 133, 19, -105
-30424, 9600, 246, 133, 19, -105
-31224, 9600, 246, 133, 19, -105
-32024, 9600, 246, 133, 19, -105
-32824, 9600, 246, 134, 19, -106
-33624, 9600, 246, 134, 20, -105
-34424, 9600, 246, 134, 20, -106
-35224, 9600, 246, 134, 19, -105
-36024, 9600, 246, 136, 18, -105
-36824, 9600, 246, 136, 18, -106
-37624, 9600, 246, 137, 18, -106
-38424, 9600, 246, 139, 17, -106
-39224, 9600, 246, 141, 17, -106
-40024, 9600, 246, 144, 16, -107
-40824, 9600, 246, 149, 16, -107
-41624, 9600, 246, 154, 15, -107
-42424, 9600, 246, 161, 15, -108
-43224, 9600, 246, 170, 14, -108
-44024, 9600, 246, 178, 15, -109
-44824, 9600, 246, 185, 15, -109
-45624, 9600, 246, 189, 18, -110
-46424, 9600, 246, 191, 20, -110
-47224, 9600, 246, 192, 23, -110
-48024, 9600, 246, 193, 26, -111
-48824, 9600, 246, 193, 30, -111
-49624, 9600, 246, 193, 32, -111
-50424, 9600, 246, 194, 35, -111
-51224, 9600, 246, 195, 37, -111
-52024, 9600, 246, 196, 40, -110
-52824, 9600, 246, 198, 43, -110
-53624, 9600, 246, 199, 46, -110
-54424, 9600, 246, 201, 49, -109
-55224, 9600, 246, 203, 52, -108
-56024, 9600, 246, 204, 56, -108
-56824, 9600, 246, 205, 60, -106
-57624, 9600, 246, 205, 65, -105
-58424, 9600, 246, 203, 71, -103
-59224, 9600, 246, 197, 77, -100
-60024, 9600, 246, 184, 85, -97
-60824, 9600, 246, 167, 92, -94
-61624, 9600, 246, 147, 100, -89
-62424, 9600, 246, 128, 105, -85
-63224, 9600, 246, 110, 110, -81
-64024, 9600, 246, 96, 111, -76
-64824, 9600, 246, 83, 111, -72
-65624, 9600, 246, 73, 108, -68
-66424, 9600, 246, 64, 105, -64
-67224, 9600, 246, 57, 101, -60
-68024, 9600, 246, 50, 95, -56
-68824, 9600, 246, 46, 90, -53
-69624, 9600, 246, 41, 84, -50
-70424, 9600, 246, 37, 79, -47
-71224, 9600, 246, 33, 75, -45
-72000, 9624, 246, 30, 69, -42
-72000, 10424, 246, 27, 65, -46
-71576, 10800, 246, 27, 63, -47
-70776, 10800, 246, 30, 67, -51
-69976, 10800, 246, 32, 71, -54
-69176, 10800, 246, 35, 75, -57
-68376, 10800, 246, 40, 80, -61
-67576, 10800, 246, 44, 84, -64
-66776, 10800, 246, 49, 88, -68
-65976, 10800, 246, 56, 92, -73
-65176, 10800, 246, 63, 95, -77
-64376, 10800, 246, 73, 97, -82
-63576, 10800, 246, 81, 98, -87
-62776, 10800, 246, 95, 96, -92
-61976, 10800, 246, 108, 92, -97
-61176, 10800, 246, 124, 87, -102
-60376, 10800, 246, 139, 81, -106
-59576, 10800, 246, 154, 75, -110
-58776, 10800, 246, 163, 69, -113
-57976, 10800, 246, 168, 62, -116
-57176, 10800, 246, 170, 58, -119
-56376, 10800, 246, 170, 53, -121
-55576, 10800, 246, 170, 50, -122
-54776, 10800, 246, 169, 47, -124
-53976, 10800, 246, 167, 43, -125
-53176, 10800, 246, 166, 40, -125
-52376, 10800, 246, 165, 38, -126
-51576, 10800, 246, 164, 36, -126
-50776, 10800, 246, 163, 33, -127
-49976, 10800, 246, 163, 31, -127
-49176, 10800, 246, 163, 28, -126
-48376, 10800, 246, 162, 24, -126
-47576, 10800, 246, 163, 21, -126
-46776, 10800, 246, 163, 17, -125
-45976, 10800, 246, 161, 14, -124
-45176, 10800, 246, 159, 10, -123
-44376, 10800, 246, 155, 9, -122
-43576, 10800, 246, 147, 8, -121
-42776, 10800, 246, 139, 9, -119
-41976, 10800, 246, 129, 8, -118
-41176, 10800, 246, 121, 9, -116
-40376, 10800, 246, 115, 9, -115
-39576, 10800, 246, 110, 11, -114
-38776, 10800, 246, 106, 11, -113
-37976, 10800, 246, 104, 12, -113
-37176, 10800, 246, 103, 13, -111
-36376, 10800, 246, 100, 13, -111
-35576, 10800, 246, 100, 13, -110
-34776, 10800, 246, 100, 14, -110
-33976, 10800, 246, 98, 14, -109
-33176, 10800, 246, 98, 14, -109
-32376, 10800, 246, 98, 14, -108
-31576, 10800, 246, 98, 14, -109
-30776, 10800, 246, 97, 14, -107
-29976, 10800, 246, 97, 14, -108
-29176, 10800, 246, 97, 14, -107
-28376, 10800, 246, 97, 14, -107
-27576, 10800, 246, 98, 13, -107
-26776, 10800, 246, 98, 13, -106
-25976, 10800, 246, 97, 12, -106
-25176, 10800, 246, 97, 12, -106
-24376, 10800, 246, 97, 11, -106
-23576, 10800, 246, 98, 11, -106
-22776, 10800, 246, 98, 10, -105
-21976, 10800, 246, 99, 9, -105
-21176, 10800, 246, 98, 8, -105
-20376, 10800, 246, 98, 6, -104
-19576, 10800, 246, 99, 5, -104
-18776, 10800, 246, 99, 3, -104
-17976, 10800, 246, 99, 1, -103
-17176, 10800, 246, 99, -1, -103
-16376, 10800, 246, 100, -3, -102
-15576, 10800, 246, 100, -6, -101
-14776, 10800, 246, 100, -9, -101
-13976, 10800, 246, 100, -12, -100
-13176, 10800, 246, 99, -16, -98
-12376, 10800, 246, 99, -19, -97
-11576, 10800, 246, 98, -23, -96
-10776, 10800, 246, 97, -28, -94
-9976, 10800, 246, 95, -32, -92
-9176, 10800, 246, 94, -35, -88
-8376, 10800, 246, 89, -39, -87
-7576, 10800, 246, 86, -41, -84
-6776, 10800, 246, 81, -43, -81
-5976, 10800, 246, 76, -44, -78
-5176, 10800, 246, 71, -44, -74
-4376, 10800, 246, 66, -45, -71
-3576, 10800, 246, 61, -44, -67
-2776, 10800, 246, 56, -43, -64
-1976, 10800, 246, 51, -42, -60
-1176, 10800, 246, 47, -41, -57
-376, 10800, 246, 44, -40, -54
0, 11224, 246, 39, -36, -53
-24, 12000, 246, 35, -32, -54
-824, 12000, 246, 36, -33, -55
-1624, 12000, 246, 39, -34, -58
-2424, 12000, 246, 42, -35, -61
-3224, 12000, 246, 44, -36, -64
-4024, 12000, 246, 48, -36, -68
-4824, 12000, 246, 51, -36, -71
-5624, 12000, 246, 54, -35, -73
-6424, 12000, 246, 58, -35, -76
-7224, 12000, 246, 59, -34, -79
-8024, 12000, 246, 63, -33, -81
-8824, 12000, 246, 64, -30, -84
-9624, 12000, 246, 66, -28, -87
-10424, 12000, 246, 68, -26, -89
-11224, 12000, 246, 69, -23, -91
-12024, 12000, 246, 70, -20, -93
-12824, 12000, 246, 73, -17, -94
-13624, 12000, 246, 72, -15, -96
-14424, 12000, 246, 72, -12, -97
-15224, 12000, 246, 72, -10, -98
-16024, 12000, 246, 73, -6, -99
-16824, 12000, 246, 73, -5, -100
-17624, 12000, 246, 73, -3, -100
-18424, 12000, 246, 73, -1, -101
-19224, 12000, 246, 73, 0, -102
-20024, 12000, 246, 73, 2, -101
-20824, 12000, 246, 73, 3, -103
-21624, 12000, 246, 72, 4, -104
-22424, 12000, 246, 73, 5, -104
-23224, 12000, 246, 73, 6, -104
-24024, 12000, 246, 72, 7, -104
-24824, 12000, 246, 72, 8, -105
-25624, 12000, 246, 73, 9, -105
-26424, 12000, 246, 74, 9, -106
-27224, 12000, 246, 72, 9, -106
-28024, 12000, 246, 73, 10, -106
-28824, 12000, 246, 72, 10, -107
-29624, 12000, 246, 72, 10, -107
-30424, 12000, 246, 73, 11, -107
-31224, 12000, 246, 72, 11, -108
-32024, 12000, 246, 72, 11, -108
-32824, 12000, 246, 72, 11, -109
-33624, 12000, 246, 73, 11, -109
-34424, 12000, 246, 73, 11, -110
-35224, 12000, 246, 73, 11, -111
-36024, 12000, 246, 74, 10, -112
-36824, 12000, 246, 75, 9, -112
-37624, 12000, 246, 76, 9, -113
-38424, 12000, 246, 78, 8, -115
-39224, 12000, 246, 81, 8, -116
-40024, 12000, 246, 85, 7, -118
-40824, 12000, 246, 89, 6, -119
-41624, 12000, 246, 95, 5, -121
-42424, 12000, 246, 102, 4, -123
-43224, 12000, 246, 109, 4, -124
-44024, 12000, 246, 116, 5, -126
-44824, 12000, 246, 121, 7, -128
-45624, 12000, 246, 123, 9, -130
-46424, 12000, 246, 124, 11, -131
-47224, 12000, 246, 125, 14, -132
-48024, 12000, 246, 124, 18, -133
-48824, 12000, 246, 124, 21, -133
-49624, 12000, 246, 124, 25, -133
-50424, 12000, 246, 124, 27, -134
-51224, 12000, 246, 124, 29, -134
-52024, 12000, 246, 125, 32, -133
-52824, 12000, 246, 128, 33, -133
-53624, 12000, 246, 128, 36, -132
-54424, 12000, 246, 130, 38, -131
-55224, 12000, 246, 131, 41, -130
-56024, 12000, 246, 131, 43, -128
-56824, 12000, 246, 131, 47, -127
-57624, 12000, 246, 130, 51, -124
-58424, 12000, 246, 126, 56, -121
-59224, 12000, 246, 121, 61, -118
-60024, 12000, 246, 112, 66, -114
-60824, 12000, 246, 102, 70, -110
-61624, 12000, 246, 90, 75, -105
-62424, 12000, 246, 79, 79, -100
-63224, 12000, 246, 69, 81, -95
-64024, 12000, 246, 61, 82, -90
-64824, 12000, 246, 54, 81, -85
-65624, 12000, 246, 48, 79, -81
-66424, 12000, 246, 43, 77, -76
-67224, 12000, 246, 38, 74, -71
-68024, 12000, 246, 35, 70, -67
-68824, 12000, 246, 32, 67, -64
-69624, 12000, 246, 29, 63, -60
-70424, 12000, 246, 26, 60, -57
-71224, 12000, 246, 24, 56, -54
-72000, 12024, 246, 22, 53, -51
-72000, 12824, 246, 18, 46, -52
-71576, 13200, 246, 17, 43, -53
-70776, 13200, 246, 18, 45, -56
-69976, 13200, 246, 20, 48, -59
-69176, 13200, 246, 22, 51, -63
-68376, 13200, 246, 23, 53, -66
-67576, 13200, 246, 26, 56, -71
-66776, 13200, 246, 28, 58, -74
-65976, 13200, 246, 31, 60, -79
-65176, 13200, 246, 34, 61, -83
-64376, 13200, 246, 39, 62, -87
-63576, 13200, 246, 43, 63, -92
-62776, 13200, 246, 48, 62, -97
-61976, 13200, 246, 55, 61, -101
-61176, 13200, 246, 61, 58, -106
-60376, 13200, 246, 67, 55, -110
-59576, 13200, 246, 74, 51, -114
-58776, 13200, 246, 80, 47, -117
-57976, 13200, 246, 85, 44, -121
-57176, 13200, 246, 88, 40, -124
-56376, 13200, 246, 90, 37, -126
-55576, 13200, 246, 90, 34, -128
-54776, 13200, 246, 90, 31, -129
-53976, 13200, 246, 88, 30, -131
-53176, 13200, 246, 86, 28, -131
-52376, 13200, 246, 85, 26, -131
-51576, 13200, 246, 83, 25, -132
-50776, 13200, 246, 83, 24, -132
-49976, 13200, 246, 82, 21, -132
-49176, 13200, 246, 82, 19, -132
-48376, 13200, 246, 83, 17, -132
-47576, 13200, 246, 83, 15, -131
-46776, 13200, 246, 85, 12, -130
-45976, 13200, 246, 84, 9, -130
-45176, 13200, 246, 85, 7, -129
-44376, 13200, 246, 82, 6, -127
-43576, 13200, 246, 79, 5, -125
-42776, 13200, 246, 76, 4, -124
-41976, 13200, 246, 70, 4, -122
-41176, 13200, 246, 67, 5, -120
-40376, 13200, 246, 63, 5, -118
-39576, 13200, 246, 61, 5, -116
-38776, 13200, 246, 58, 6, -114
-37976, 13200, 246, 57, 6, -114
-37176, 13200, 246, 55, 7, -113
-36376, 13200, 246, 55, 7, -112
-35576, 13200, 246, 54, 8, -110
-34776, 13200, 246, 53, 8, -109
-33976, 13200, 246, 54, 8, -109
-33176, 13200, 246, 53, 8, -108
-32376, 13200, 246, 53, 8, -107
-31576, 13200, 246, 54, 8, -107
-30776, 13200, 246, 53, 8, -106
-29976, 13200, 246, 53, 7, -106
-29176, 13200, 246, 53, 7, -105
-28376, 13200, 246, 53, 7, -105
-27576, 13200, 246, 53, 8, -104
-26776, 13200, 246, 54, 6, -103
-25976, 13200, 246, 53, 6, -104
-25176, 13200, 246, 53, 5, -103
-24376, 13200, 246, 53, 5, -102
-23576, 13200, 246, 54, 4, -102
-22776, 13200, 246, 54, 3, -102
-21976, 13200, 246, 54, 3, -101
-21176, 13200, 246, 53, 1, -100
-20376, 13200, 246, 54, 0, -100
-19576, 13200, 246, 53, -1, -99
-18776, 13200, 246, 54, -2, -98
-17976, 13200, 246, 53, -4, -98
-17176, 13200, 246, 53, -5, -97
-16376, 13200, 246, 53, -6, -96
-15576, 13200, 246, 53, -8, -95
-14776, 13200, 246, 53, -10, -94
-13976, 13200, 246, 52, -12, -93
-13176, 13200, 246, 52, -14, -91
-12376, 13200, 246, 51, -16, -90
-11576, 13200, 246, 50, -18, -89
-10776, 13200, 246, 50, -19, -87
-9976, 13200, 246, 48, -22, -85
-9176, 13200, 246, 48, -23, -83
-8376, 13200, 246, 46, -25, -81
-7576, 13200, 246, 45, -26, -79
-6776, 13200, 246, 43, -27, -76
-5976, 13200, 246, 41, -27, -74
-5176, 13200, 246, 39, -28, -71
-4376, 13200, 246, 38, -28, -69
-3576, 13200, 246, 36, -28, -66
-2776, 13200, 246, 34, -29, -64
-1976, 13200, 246, 32, -28, -61
-1176, 13200, 246, 30, -27, -59
-376, 13200, 246, 29, -27, -56
0, 13624, 246, 25, -25, -55
-24, 14400, 246, 22, -20, -54
-824, 14400, 246, 23, -21, -56
-1624, 14400, 246, 23, -21, -58
-2424, 14400, 246, 25, -22, -60
-3224, 14400, 246, 27, -22, -63
-4024, 14400, 246, 27, -22, -65
-4824, 14400, 246, 29, -21, -67
-5624, 14400, 246, 30, -21, -70
-6424, 14400, 246, 31, -21, -72
-7224, 14400, 246, 32, -21, -74
-8024, 14400, 246, 33, -19, -77
-8824, 14400, 246, 35, -19, -79
-9624, 14400, 246, 35, -18, -81
-10424, 14400, 246, 36, -16, -82
-11224, 14400, 246, 38, -15, -84
-12024, 14400, 246, 37, -14, -86
-12824, 14400, 246, 38, -12, -86
-13624, 14400, 246, 38, -11, -88
-14424, 14400, 246, 38, -8, -90
-15224, 14400, 246, 39, -8, -91
-16024, 14400, 246, 39, -7, -92
-16824, 14400, 246, 39, -6, -93
-17624, 14400, 246, 40, -4, -94
-18424, 14400, 246, 40, -3, -95
-19224, 14400, 246, 40, -2, -96
-20024, 14400, 246, 40, -1, -97
-20824, 14400, 246, 40, 0, -98
-21624, 14400, 246, 41, 0, -98
-22424, 14400, 246, 40, 2, -99
-23224, 14400, 246, 40, 2, -99
-24024, 14400, 246, 40, 3, -100
-24824, 14400, 246, 41, 3, -99
-25624, 14400, 246, 40, 4, -101
-26424, 14400, 246, 40, 4, -101
-27224, 14400, 246, 39, 5, -102
-28024, 14400, 246, 40, 5, -102
-28824, 14400, 246, 40, 6, -103
-29624, 14400, 246, 39, 6, -103
-30424, 14400, 246, 40, 7, -104
-31224, 14400, 246, 39, 7, -104
-32024, 14400, 246, 39, 7, -105
-32824, 14400, 246, 39, 7, -106
-33624, 14400, 246, 39, 7, -106
-34424, 14400, 246, 39, 7, -107
-35224, 14400, 246, 39, 7, -107
-36024, 14400, 246, 39, 7, -108
-36824, 14400, 246, 39, 7, -109
-37624, 14400, 246, 40, 7, -111
-38424, 14400, 246, 40, 6, -111
-39224, 14400, 246, 41, 7, -113
-40024, 14400, 246, 42, 6, -114
-40824, 14400, 246, 44, 6, -115
-41624, 14400, 246, 44, 6, -116
-42424, 14400, 246, 48, 5, -118
-43224, 14400, 246, 49, 6, -120
-44024, 14400, 246, 52, 7, -121
-44824, 14400, 246, 51, 7, -122
-45624, 14400, 246, 51, 9, -124
-46424, 14400, 246, 50, 11, -124
-47224, 14400, 246, 49, 12, -125
-48024, 14400, 246, 48, 14, -126
-48824, 14400, 246, 47, 15, -126
-49624, 14400, 246, 47, 17, -126
-50424, 14400, 246, 46, 18, -126
-51224, 14400, 246, 46, 20, -126
-52024, 14400, 246, 47, 20, -126
-52824, 14400, 246, 49, 21, -124
-53624, 14400, 246, 50, 22, -125
-54424, 14400, 246, 51, 23, -124
-55224, 14400, 246, 52, 25, -122
-56024, 14400, 246, 53, 27, -122
-56824, 14400, 246, 53, 29, -120
-57624, 14400, 246, 52, 31, -117
-58424, 14400, 246, 49, 34, -115
-59224, 14400, 246, 46, 36, -112
-60024, 14400, 246, 42, 39, -109
-60824, 14400, 246, 39, 42, -105
-61624, 14400, 246, 34, 44, -101
-62424, 14400, 246, 31, 45, -97
-63224, 14400, 246, 28, 46, -93
-64024, 14400, 246, 25, 46, -89
-64824, 14400, 246, 23, 45, -84
-65624, 14400, 246, 21, 44, -80
-66424, 14400, 246, 19, 43, -76
-67224, 14400, 246, 18, 42, -73
-68024, 14400, 246, 17, 41, -69
-68824, 14400, 246, 16, 39, -66
-69624, 14400, 246, 15, 37, -62
-70424, 14400, 246, 14, 36, -59
-71224, 14400, 246, 13, 34, -56
-72000, 14424, 246, 12, 33, -54
-72000, 15224, 246, 9, 26, -54
-71576, 15600, 246, 8, 23, -54
-70776, 15600, 246, 9, 25, -57
-69976, 15600, 246, 9, 25, -60
-69176, 15600, 246, 9, 26, -62
-68376, 15600, 246, 9, 27, -65
-67576, 15600, 246, 10, 27, -69
-66776, 15600, 246, 10, 29, -72
-65976, 15600, 246, 11, 30, -76
-65176, 15600, 246, 11, 30, -79
-64376, 15600, 246, 11, 31, -83
-63576, 15600, 246, 12, 30, -86
-62776, 15600, 246, 13, 31, -89
-61976, 15600, 246, 14, 30, -93
-61176, 15600, 246, 15, 30, -97
-60376, 15600, 246, 17, 28, -100
-59576, 15600, 246, 19, 27, -103
-58776, 15600, 246, 20, 25, -105
-57976, 15600, 246, 22, 23, -108
-57176, 15600, 246, 21, 22, -110
-56376, 15600, 246, 22, 20, -111
-55576, 15600, 246, 21, 19, -113
-54776, 15600, 246, 21, 18, -114
-53976, 15600, 246, 20, 17, -114
-53176, 15600, 246, 19, 17, -115
-52376, 15600, 246, 19, 17, -116
-51576, 15600, 246, 18, 15, -116
-50776, 15600, 246, 18, 15, -116
-49976, 15600, 246, 19, 14, -117
-49176, 15600, 246, 20, 14, -116
-48376, 15600, 246, 20, 13, -117
-47576, 15600, 246, 21, 12, -117
-46776, 15600, 246, 23, 11, -117
-45976, 15600, 246, 24, 10, -117
-45176, 15600, 246, 26, 9, -116
-44376, 15600, 246, 27, 8, -116
-43576, 15600, 246, 27, 8, -115
-42776, 15600, 246, 27, 7, -114
-41976, 15600, 246, 27, 7, -113
-41176, 15600, 246, 27, 7, -112
-40376, 15600, 246, 27, 7, -111
-39576, 15600, 246, 27, 7, -111
-38776, 15600, 246, 27, 6, -109
-37976, 15600, 246, 27, 7, -108
-37176, 15600, 246, 27, 6, -108
-36376, 15600, 246, 27, 7, -106
-35576, 15600, 246, 27, 7, -106
-34776, 15600, 246, 28, 6, -105
-33976, 15600, 246, 29, 7, -104
-33176, 15600, 246, 28, 7, -104
-32376, 15600, 246, 28, 6, -103
-31576, 15600, 246, 28, 5, -103
-30776, 15600, 246, 28, 5, -102
-29976, 15600, 246, 29, 5, -101
-29176, 15600, 246, 29, 5, -101
-28376, 15600, 246, 29, 5, -101
-27576, 15600, 246, 29, 4, -100
-26776, 15600, 246, 29, 4, -100
-25976, 15600, 246, 29, 3, -99
-25176, 15600, 246, 29, 3, -99
-24376, 15600, 246, 30, 3, -98
-23576, 15600, 246, 29, 2, -98
-22776, 15600, 246, 29, 1, -97
-21976, 15600, 246, 29, 1, -96
-21176, 15600, 246, 30, 1, -96
-20376, 15600, 246, 30, -1, -95
-19576, 15600, 246, 29, -1, -94
-18776, 15600, 246, 30, -2, -93
-17976, 15600, 246, 29, -3, -93
-17176, 15600, 246, 29, -4, -92
-16376, 15600, 246, 29, -6, -91
-15576, 15600, 246, 29, -5, -90
-14776, 15600, 246, 29, -7, -88
-13976, 15600, 246, 29, -8, -87
-13176, 15600, 246, 28, -9, -86
-12376, 15600, 246, 28, -10, -84
-11576, 15600, 246, 28, -11, -83
-10776, 15600, 246, 27, -12, -82
-9976, 15600, 246, 26, -13, -80
-9176, 15600, 246, 26, -14, -78
-8376, 15600, 246, 25, -14, -76
-7576, 15600, 246, 25, -15, -74
-6776, 15600, 246, 24, -15, -72
-5976, 15600, 246, 23, -16, -70
-5176, 15600, 246, 22, -16, -68
-4376, 15600, 246, 22, -17, -66
-3576, 15600, 246, 20, -17, -64
-2776, 15600, 246, 20, -17, -61
-1976, 15600, 246, 19, -17, -59
-1176, 15600, 246, 18, -17, -58
-376, 15600, 246, 17, -16, -56
0, 16024, 246, 16, -15, -54
-24, 16800, 246, 13, -11, -54
-824, 16800, 246, 13, -10, -56
-1624, 16800, 246, 14, -11, -58
-2424, 16800, 246, 14, -12, -59
-3224, 16800, 246, 14, -11, -62
-4024, 16800, 246, 16, -11, -63
-4824, 16800, 246, 15, -11, -66
-5624, 16800, 246, 17, -12, -67
-6424, 16800, 246, 17, -11, -69
-7224, 16800, 246, 17, -10, -71
-8024, 16800, 246, 17, -10, -73
-8824, 16800, 246, 18, -10, -75
-9624, 16800, 246, 18, -9, -76
-10424, 16800, 246, 19, -9, -78
-11224, 16800, 246, 19, -8, -80
-12024, 16800, 246, 19, -7, -82
-12824, 16800, 246, 19, -7, -83
-13624, 16800, 246, 20, -6, -84
-14424, 16800, 246, 19, -5, -86
-15224, 16800, 246, 20, -5, -87
-16024, 16800, 246, 20, -4, -88
-16824, 16800, 246, 20, -3, -89
-17624, 16800, 246, 20, -3, -90
-18424, 16800, 246, 21, -2, -90
-19224, 16800, 246, 20, -1, -92
-20024, 16800, 246, 21, 0, -93
-20824, 16800, 246, 20, 0, -93
-21624, 16800, 246, 20, 1, -94
-22424, 16800, 246, 21, 1, -94
-23224, 16800, 246, 20, 1, -95
-24024, 16800, 246, 20, 2, -96
-24824, 16800, 246, 20, 2, -97
-25624, 16800, 246, 20, 3, -97
-26424, 16800, 246, 20, 3, -98
-27224, 16800, 246, 20, 4, -98
-28024, 16800, 246, 20, 4, -99
-28824, 16800, 246, 20, 4, -99
-29624, 16800, 246, 20, 5, -99
-30424, 16800, 246, 19, 5, -100
-31224, 16800, 246, 20, 5, -100
-32024, 16800, 246, 19, 6, -101
-32824, 16800, 246, 19, 6, -102
-33624, 16800, 246, 18, 6, -102
-34424, 16800, 246, 19, 6, -103
-35224, 16800, 246, 18, 7, -103
-36024, 16800, 246, 17, 7, -104
-36824, 16800, 246, 17, 7, -104
-37624, 16800, 246, 16, 7, -104
-38424, 16800, 246, 16, 8, -105
-39224, 16800, 246, 15, 8, -105
-40024, 16800, 246, 14, 8, -106
-40824, 16800, 246, 13, 8, -107
-41624, 16800, 246, 11, 9, -107
-42424, 16800, 246, 10, 9, -107
-43224, 16800, 246, 8, 10, -108
-44024, 16800, 246, 6, 9, -108
-44824, 16800, 246, 4, 10, -108
-45624, 16800, 246, 2, 10, -108
-46424, 16800, 246, 1, 11, -108
-47224, 16800, 246, -1, 11, -108
-48024, 16800, 246, -2, 11, -107
-48824, 16800, 246, -3, 11, -107
-49624, 16800, 246, -3, 13, -106
-50424, 16800, 246, -5, 12, -106
-51224, 16800, 246, -5, 12, -105
-52024, 16800, 246, -5, 12, -105
-52824, 16800, 246, -5, 12, -105
-53624, 16800, 246, -5, 13, -103
-54424, 16800, 246, -5, 13, -103
-55224, 16800, 246, -5, 13, -103
-56024, 16800, 246, -5, 14, -101
-56824, 16800, 246, -5, 14, -100
-57624, 16800, 246, -5, 15, -99
-58424, 16800, 246, -5, 15, -98
-59224, 16800, 246, -5, 16, -96
-60024, 16800, 246, -5, 16, -94
-60824, 16800, 246, -4, 17, -91
-61624, 16800, 246, -3, 16, -89
-62424, 16800, 246, -3, 17, -86
-63224, 16800, 246, -1, 17, -83
-64024, 16800, 246, 0, 16, -80
-64824, 16800, 246, 0, 16, -77
-65624, 16800, 246, 1, 16, -75
-66424, 16800, 246, 2, 16, -71
-67224, 16800, 246, 3, 16, -68
-68024, 16800, 246, 3, 16, -66
-68824, 16800, 246, 3, 15, -63
-69624, 16800, 246, 4, 15, -60
-70424, 16800, 246, 5, 15, -58
-71224, 16800, 246, 4, 14, -55
-72000, 16824, 246, 4, 14, -53
-72000, 17624, 246, 2, 8, -52
-71576, 18000, 246, 0, 5, -52
-70776, 18000, 246, -1, 5, -55
-69976, 18000, 246, 0, 5, -57
-69176, 18000, 246, -1, 5, -60
-68376, 18000, 246, -2, 5, -61
-67576, 18000, 246, -3, 5, -65
-66776, 18000, 246, -4, 4, -67
-65976, 18000, 246, -5, 4, -70
-65176, 18000, 246, -7, 4, -71
-64376, 18000, 246, -8, 4, -74
-63576, 18000, 246, -10, 5, -76
-62776, 18000, 246, -12, 5, -79
-61976, 18000, 246, -16, 6, -81
-61176, 18000, 246, -19, 7, -83
-60376, 18000, 246, -22, 8, -85
-59576, 18000, 246, -24, 8, -87
-58776, 18000, 246, -25, 9, -89
-57976, 18000, 246, -25, 9, -90
-57176, 18000, 246, -24, 9, -91
-56376, 18000, 246, -22, 9, -93
-55576, 18000, 246, -21, 9, -94
-54776, 18000, 246, -19, 9, -95
-53976, 18000, 246, -19, 9, -96
-53176, 18000, 246, -18, 9, -97
-52376, 18000, 246, -18, 9, -98
-51576, 18000, 246, -17, 9, -99
-50776, 18000, 246, -17, 9, -99
-49976, 18000, 246, -16, 9, -99
-49176, 18000, 246, -16, 9, -100
-48376, 18000, 246, -15, 10, -101
-47576, 18000, 246, -14, 10, -101
-46776, 18000, 246, -13, 10, -102
-45976, 18000, 246, -12, 10, -102
-45176, 18000, 246, -10, 10, -103
-44376, 18000, 246, -9, 10, -103
-43576, 18000, 246, -6, 10, -103
-42776, 18000, 246, -4, 9, -104
-41976, 18000, 246, -1, 9, -103
-41176, 18000, 246, 1, 8, -104
-40376, 18000, 246, 3, 8, -103
-39576, 18000, 246, 4, 8, -103
-38776, 18000, 246, 6, 8, -103
-37976, 18000, 246, 6, 7, -103
-37176, 18000, 246, 7, 7, -103
-36376, 18000, 246, 8, 6, -102
-35576, 18000, 246, 9, 6, -102
-34776, 18000, 246, 9, 6, -101
-33976, 18000, 246, 9, 6, -101
-33176, 18000, 246, 10, 5, -100
-32376, 18000, 246, 10, 5, -100
-31576, 18000, 246, 10, 5, -99
-30776, 18000, 246, 11, 4, -99
-29976, 18000, 246, 11, 4, -99
-29176, 18000, 246, 11, 4, -98
-28376, 18000, 246, 11, 4, -98
-27576, 18000, 246, 12, 4, -97
-26776, 18000, 246, 12, 3, -97
-25976, 18000, 246, 12, 3, -96
-25176, 18000, 246, 12, 2, -96
-24376, 18000, 246, 12, 2, -95
-23576, 18000, 246, 12, 2, -95
-22776, 18000, 246, 12, 1, -94
-21976, 18000, 246, 12, 1, -93
-21176, 18000, 246, 12, 0, -93
-20376, 18000, 246, 12, 0, -92
-19576, 18000, 246, 12, 0, -91
-18776, 18000, 246, 12, 0, -91
-17976, 18000, 246, 12, -1, -90
-17176, 18000, 246, 12, -1, -89
-16376, 18000, 246, 12, -2, -88
-15576, 18000, 246, 13, -2, -87
-14776, 18000, 246, 12, -3, -85
-13976, 18000, 246, 12, -3, -84
-13176, 18000, 246, 12, -3, -83
-12376, 18000, 246, 12, -4, -82
-11576, 18000, 246, 12, -5, -80
-10776, 18000, 246, 11, -5, -79
-9976, 18000, 246, 12, -5, -77
-9176, 18000, 246, 11, -5, -76
-8376, 18000, 246, 11, -6, -74
-7576, 18000, 246, 11, -6, -72
-6776, 18000, 246, 11, -7, -70
-5976, 18000, 246, 10, -6, -68
-5176, 18000, 246, 10, -7, -67
-4376, 18000, 246, 10, -7, -65
-3576, 18000, 246, 9, -7, -63
-2776, 18000, 246, 10, -7, -61
-1976, 18000, 246, 9, -7, -59
-1176, 18000, 246, 9, -7, -57
-376, 18000, 246, 8, -7, -54
0, 18424, 246, 7, -5, -54
-24, 19200, 246, 5, -2, -53
-824, 19200, 246, 5, -2, -54
-1624, 19200, 246, 5, -2, -57
-2424, 19200, 246, 5, -2, -59
-3224, 19200, 246, 5, -2, -61
-4024, 19200, 246, 5, -2, -63
-4824, 19200, 246, 4, -2, -65
-5624, 19200, 246, 5, -1, -66
-6424, 19200, 246, 4, -2, -68
-7224, 19200, 246, 5, -2, -70
-8024, 19200, 246, 5, -2, -72
-8824, 19200, 246, 5, -2, -74
-9624, 19200, 246, 5, -1, -75
-10424, 19200, 246, 5, -1, -77
-11224, 19200, 246, 5, -1, -78
-12024, 19200, 246, 5, -1, -80
-12824, 19200, 246, 5, -1, -81
-13624, 19200, 246, 5, -1, -82
-14424, 19200, 246, 5, 0, -84
-15224, 19200, 246, 5, 0, -85
-16024, 19200, 246, 5, 0, -86
-16824, 19200, 246, 5, 1, -87
-17624, 19200, 246, 5, 1, -88
-18424, 19200, 246, 5, 1, -89
-19224, 19200, 246, 5, 1, -89
-20024, 19200, 246, 4, 1, -91
-20824, 19200, 246, 5, 1, -91
-21624, 19200, 246, 4, 2, -92
-22424, 19200, 246, 4, 2, -93
-23224, 19200, 246, 4, 2, -93
-24024, 19200, 246, 4, 3, -94
-24824, 19200, 246, 4, 3, -94
-25624, 19200, 246, 4, 3, -95
-26424, 19200, 246, 4, 3, -95
-27224, 19200, 246, 3, 4, -96
-28024, 19200, 246, 4, 4, -96
-28824, 19200, 246, 3, 4, -96
-29624, 19200, 246, 3, 4, -97
-30424, 19200, 246, 3, 4, -97
-31224, 19200, 246, 3, 5, -98
-32024, 19200, 246, 3, 5, -98
-32824, 19200, 246, 2, 6, -99
-33624, 19200, 246, 2, 6, -98
-34424, 19200, 246, 2, 5, -100
-35224, 19200, 246, 1, 6, -100
-36024, 19200, 246, 1, 6, -100
-36824, 19200, 246, 0, 6, -101
-37624, 19200, 246, 0, 7, -101
-38424, 19200, 246, -1, 7, -102
-39224, 19200, 246, -2, 8, -102
-40024, 19200, 246, -2, 8, -101
-40824, 19200, 246, -3, 8, -102
-41624, 19200, 246, -6, 9, -103
-42424, 19200, 246, -7, 8, -103
-43224, 19200, 246, -8, 9, -103
-44024, 19200, 246, -9, 9, -102
-44824, 19200, 246, -11, 9, -102
-45624, 19200, 246, -12, 9, -102
-46424, 19200, 246, -13, 8, -102
-47224, 19200, 246, -14, 8, -101
-48024, 19200, 246, -14, 8, -101
-48824, 19200, 246, -14, 7, -100
-49624, 19200, 246, -15, 8, -100
-50424, 19200, 246, -16, 8, -100
-51224, 19200, 246, -16, 7, -99
-52024, 19200, 246, -17, 7, -98
-52824, 19200, 246, -18, 6, -98
-53624, 19200, 246, -18, 7, -96
-54424, 19200, 246, -20, 6, -95
-55224, 19200, 246, -22, 6, -94
-56024, 19200, 246, -23, 6, -93
-56824, 19200, 246, -25, 6, -90
-57624, 19200, 246, -28, 5, -90
-58424, 19200, 246, -29, 5, -88
-59224, 19200, 246, -30, 4, -86
-60024, 19200, 246, -29, 3, -84
-60824, 19200, 246, -27, 2, -82
-61624, 19200, 246, -24, 0, -80
-62424, 19200, 246, -20, -2, -78
-63224, 19200, 246, -17, -2, -76
-64024, 19200, 246, -15, -4, -73
-64824, 19200, 246, -13, -4, -71
-65624, 19200, 246, -12, -4, -69
-66424, 19200, 246, -9, -4, -67
-67224, 19200, 246, -8, -4, -64
-68024, 19200, 246, -7, -3, -62
-68824, 19200, 246, -6, -4, -60
-69624, 19200, 246, -5, -4, -57
-70424, 19200, 246, -4, -4, -55
-71224, 19200, 246, -3, -3, -53
-72000, 19224, 246, -3, -3, -51
-72000, 20024, 246, -5, -8, -49
-71576, 20400, 246, -6, -11, -49
-70776, 20400, 246, -5, -11, -51
-69976, 20400, 246, -8, -12, -54
-69176, 20400, 246, -9, -12, -57
-68376, 20400, 246, -10, -12, -58
-67576, 20400, 246, -11, -13, -61
-66776, 20400, 246, -12, -12, -64
-65976, 20400, 246, -14, -13, -67
-65176, 20400, 246, -16, -12, -70
-64376, 20400, 246, -17, -12, -73
-63576, 20400, 246, -19, -11, -75
-62776, 20400, 246, -20, -9, -78
-61976, 20400, 246, -22, -8, -81
-61176, 20400, 246, -24, -5, -84
-60376, 20400, 246, -25, -4, -86
-59576, 20400, 246, -25, -2, -89
-58776, 20400, 246, -25, 0, -91
-57976, 20400, 246, -24, 1, -94
-57176, 20400, 246, -22, 2, -96
-56376, 20400, 246, -20, 3, -98
-55576, 20400, 246, -18, 3, -99
-54776, 20400, 246, -16, 3, -101
-53976, 20400, 246, -14, 4, -103
-53176, 20400, 246, -12, 4, -103
-52376, 20400, 246, -11, 5, -105
-51576, 20400, 246, -10, 4, -106
-50776, 20400, 246, -9, 5, -106
-49976, 20400, 246, -9, 5, -107
-49176, 20400, 246, -8, 5, -107
-48376, 20400, 246, -9, 5, -108
-47576, 20400, 246, -9, 5, -108
-46776, 20400, 246, -9, 6, -107
-45976, 20400, 246, -9, 6, -108
-45176, 20400, 246, -9, 7, -108
-44376, 20400, 246, -10, 7, -107
-43576, 20400, 246, -10, 8, -107
-42776, 20400, 246, -10, 7, -106
-41976, 20400, 246, -10, 7, -105
-41176, 20400, 246, -10, 7, -105
-40376, 20400, 246, -8, 7, -104
-39576, 20400, 246, -8, 7, -103
-38776, 20400, 246, -8, 7, -102
-37976, 20400, 246, -8, 7, -102
-37176, 20400, 246, -9, 6, -101
-36376, 20400, 246, -7, 6, -101
-35576, 20400, 246, -7, 6, -100
-34776, 20400, 246, -7, 5, -100
-33976, 20400, 246, -6, 5, -99
-33176, 20400, 246, -6, 5, -99
-32376, 20400, 246, -6, 5, -98
-31576, 20400, 246, -5, 4, -98
-30776, 20400, 246, -5, 4, -98
-29976, 20400, 246, -5, 4, -97
-29176, 20400, 246, -5, 4, -96
-28376, 20400, 246, -5, 4, -96
-27576, 20400, 246, -4, 3, -96
-26776, 20400, 246, -4, 3, -95
-25976, 20400, 246, -4, 3, -95
-25176, 20400, 246, -5, 3, -95
-24376, 20400, 246, -4, 3, -94
-23576, 20400, 246, -4, 2, -94
-22776, 20400, 246, -4, 3, -93
-21976, 20400, 246, -3, 2, -93
-21176, 20400, 246, -4, 2, -92
-20376, 20400, 246, -4, 2, -91
-19576, 20400, 246, -3, 2, -91
-18776, 20400, 246, -3, 2, -90
-17976, 20400, 246, -3, 2, -89
-17176, 20400, 246, -3, 2, -88
-16376, 20400, 246, -3, 2, -87
-15576, 20400, 246, -3, 2, -86
-14776, 20400, 246, -3, 2, -85
-13976, 20400, 246, -3, 2, -84
-13176, 20400, 246, -2, 2, -82
-12376, 20400, 246, -3, 2, -82
-11576, 20400, 246, -2, 2, -80
-10776, 20400, 246, -3, 2, -79
-9976, 20400, 246, -2, 2, -77
-9176, 20400, 246, -2, 3, -76
-8376, 20400, 246, -2, 2, -74
-7576, 20400, 246, 0, 2, -72
-6776, 20400, 246, -1, 2, -70
-5976, 20400, 246, -2, 2, -69
-5176, 20400, 246, -1, 2, -67
-4376, 20400, 246, -1, 2, -64
-3576, 20400, 246, 0, 2, -63
-2776, 20400, 246, -1, 2, -61
-1976, 20400, 246, 0, 2, -58
-1176, 20400, 246, 0, 4, -57
-376, 20400, 246, 0, 2, -54
0, 20824, 246, -1, 4, -54
-24, 21600, 246, -3, 7, -52
-824, 21600, 246, -4, 7, -54
-1624, 21600, 246, -4, 7, -56
-2424, 21600, 246, -4, 7, -59
-3224, 21600, 246, -5, 7, -61
-4024, 21600, 246, -5, 7, -62
-4824, 21600, 246, -6, 7, -65
-5624, 21600, 246, -6, 7, -67
-6424, 21600, 246, -6, 7, -69
-7224, 21600, 246, -7, 7, -71
-8024, 21600, 246, -8, 6, -73
-8824, 21600, 246, -8, 7, -75
-9624, 21600, 246, -8, 7, -77
-10424, 21600, 246, -8, 6, -79
-11224, 21600, 246, -9, 6, -80
-12024, 21600, 246, -9, 5, -81
-12824, 21600, 246, -9, 5, -83
-13624, 21600, 246, -10, 5, -84
-14424, 21600, 246, -10, 5, -85
-15224, 21600, 246, -10, 5, -86
-16024, 21600, 246, -10, 4, -87
-16824, 21600, 246, -10, 4, -88
-17624, 21600, 246, -11, 4, -89
-18424, 21600, 246, -11, 4, -90
-19224, 21600, 246, -11, 4, -90
-20024, 21600, 246, -11, 4, -91
-20824, 21600, 246, -11, 3, -92
-21624, 21600, 246, -11, 3, -92
-22424, 21600, 246, -11, 3, -93
-23224, 21600, 246, -11, 3, -93
-24024, 21600, 246, -12, 3, -93
-24824, 21600, 246, -12, 3, -94
-25624, 21600, 246, -11, 3, -94
-26424, 21600, 246, -12, 3, -94
-27224, 21600, 246, -12, 3, -95
-28024, 21600, 246, -12, 3, -95
-28824, 21600, 246, -12, 4, -96
-29624, 21600, 246, -12, 4, -96
-30424, 21600, 246, -12, 4, -96
-31224, 21600, 246, -13, 4, -97
-32024, 21600, 246, -13, 4, -97
-32824, 21600, 246, -13, 5, -97
-33624, 21600, 246, -13, 5, -98
-34424, 21600, 246, -13, 5, -98
-35224, 21600, 246, -14, 6, -99
-36024, 21600, 246, -14, 6, -100
-36824, 21600, 246, -14, 6, -100
-37624, 21600, 246, -15, 6, -101
-38424, 21600, 246, -15, 7, -102
-39224, 21600, 246, -16, 7, -103
-40024, 21600, 246, -16, 7, -104
-40824, 21600, 246, -17, 7, -105
-41624, 21600, 246, -17, 7, -106
-42424, 21600, 246, -17, 7, -108
-43224, 21600, 246, -16, 7, -109
-44024, 21600, 246, -16, 6, -109
-44824, 21600, 246, -15, 6, -111
-45624, 21600, 246, -14, 6, -112
-46424, 21600, 246, -12, 5, -112
-47224, 21600, 246, -12, 4, -114
-48024, 21600, 246, -11, 4, -114
-48824, 21600, 246, -11, 3, -114
-49624, 21600, 246, -11, 3, -114
-50424, 21600, 246, -11, 3, -114
-51224, 21600, 246, -11, 3, -113
-52024, 21600, 246, -12, 2, -113
-52824, 21600, 246, -13, 2, -112
-53624, 21600, 246, -15, 2, -110
-54424, 21600, 246, -16, 1, -109
-55224, 21600, 246, -18, 0, -108
-56024, 21600, 246, -20, 0, -106
-56824, 21600, 246, -21, -1, -103
-57624, 21600, 246, -24, -3, -101
-58424, 21600, 246, -24, -4, -99
-59224, 21600, 246, -25, -6, -96
-60024, 21600, 246, -25, -8, -93
-60824, 21600, 246, -26, -10, -89
-61624, 21600, 246, -25, -12, -86
-62424, 21600, 246, -24, -14, -83
-63224, 21600, 246, -23, -16, -79
-64024, 21600, 246, -22, -17, -75
-64824, 21600, 246, -21, -18, -72
-65624, 21600, 246, -20, -19, -69
-66424, 21600, 246, -17, -20, -65
-67224, 21600, 246, -16, -20, -63
-68024, 21600, 246, -13, -20, -59
-68824, 21600, 246, -13, -19, -57
-69624, 21600, 246, -12, -19, -54
-70424, 21600, 246, -11, -19, -51
-71224, 21600, 246, -10, -18, -49
-72000, 21624, 246, -9, -18, -47
-72000, 22424, 246, -11, -23, -46
-71576, 22800, 246, -12, -25, -45
-70776, 22800, 246, -13, -26, -47
-69976, 22800, 246, -14, -27, -49
-69176, 22800, 246, -16, -28, -53
-68376, 22800, 246, -18, -29, -55
-67576, 22800, 246, -19, -29, -58
-66776, 22800, 246, -22, -29, -61
-65976, 22800, 246, -23, -29, -64
-65176, 22800, 246, -25, -29, -68
-64376, 22800, 246, -27, -28, -72
-63576, 22800, 246, -29, -27, -75
-62776, 22800, 246, -32, -25, -80
-61976, 22800, 246, -34, -22, -84
-61176, 22800, 246, -36, -20, -88
-60376, 22800, 246, -38, -18, -91
-59576, 22800, 246, -39, -16, -95
-58776, 22800, 246, -40, -13, -99
-57976, 22800, 246, -40, -11, -102
-57176, 22800, 246, -38, -9, -104
-56376, 22800, 246, -37, -8, -107
-55576, 22800, 246, -36, -6, -109
-54776, 22800, 246, -34, -5, -111
-53976, 22800, 246, -32, -4, -113
-53176, 22800, 246, -31, -4, -113
-52376, 22800, 246, -29, -3, -114
-51576, 22800, 246, -30, -2, -116
-50776, 22800, 246, -29, -1, -116
-49976, 22800, 246, -29, 0, -117
-49176, 22800, 246, -29, 1, -117
-48376, 22800, 246, -29, 1, -117
-47576, 22800, 246, -29, 2, -116
-46776, 22800, 246, -29, 3, -115
-45976, 22800, 246, -30, 4, -115
-45176, 22800, 246, -30, 6, -113
-44376, 22800, 246, -31, 6, -112
-43576, 22800, 246, -31, 7, -111
-42776, 22800, 246, -30, 7, -109
-41976, 22800, 246, -29, 7, -108
-41176, 22800, 246, -28, 7, -106
-40376, 22800, 246, -28, 7, -105
-39576, 22800, 246, -26, 7, -104
-38776, 22800, 246, -26, 7, -102
-37976, 22800, 246, -24, 6, -101
-37176, 22800, 246, -24, 7, -100
-36376, 22800, 246, -24, 5, -100
-35576, 22800, 246, -23, 5, -99
-34776, 22800, 246, -23, 5, -98
-33976, 22800, 246, -23, 4, -98
-33176, 22800, 246, -22, 4, -97
-32376, 22800, 246, -21, 4, -97
-31576, 22800, 246, -21, 4, -97
-30776, 22800, 246, -20, 3, -97
-29976, 22800, 246, -21, 3, -96
-29176, 22800, 246, -21, 3, -96
-28376, 22800, 246, -21, 4, -96
-27576, 22800, 246, -20, 3, -95
-26776, 22800, 246, -20, 3, -95
-25976, 22800, 246, -20, 3, -95
-25176, 22800, 246, -20, 3, -94
-24376, 22800, 246, -20, 3, -94
-23576, 22800, 246, -18, 2, -93
-22776, 22800, 246, -20, 3, -93
-21976, 22800, 246, -20, 3, -94
-21176, 22800, 246, -20, 3, -92
-20376, 22800, 246, -19, 4, -92
-19576, 22800, 246, -19, 4, -92
-18776, 22800, 246, -19, 4, -91
-17976, 22800, 246, -19, 5, -91
-17176, 22800, 246, -19, 5, -90
-16376, 22800, 246, -18, 5, -89
-15576, 22800, 246, -19, 5, -88
-14776, 22800, 246, -18, 6, -87
-13976, 22800, 246, -18, 7, -86
-13176, 22800, 246, -18, 7, -86
-12376, 22800, 246, -18, 8, -84
-11576, 22800, 246, -17, 8, -83
-10776, 22800, 246, -17, 9, -81
-9976, 22800, 246, -16, 9, -80
-9176, 22800, 246, -16, 10, -77
-8376, 22800, 246, -15, 10, -76
-7576, 22800, 246, -14, 11, -74
-6776, 22800, 246, -14, 11, -72
-5976, 22800, 246, -13, 11, -70
-5176, 22800, 246, -12, 12, -67
-4376, 22800, 246, -12, 12, -66
-3576, 22800, 246, -11, 12, -63
-2776, 22800, 246, -10, 12, -61
-1976, 22800, 246, -10, 11, -58
-1176, 22800, 246, -8, 12, -56
-376, 22800, 246, -8, 12, -54
0, 23224, 246, -9, 13, -52
-24, 24000, 246, -13, 17, -51
-824, 24000, 246, -13, 17, -53
-1624, 24000, 246, -14, 17, -55
-2424, 24000, 246, -15, 17, -58
-3224, 24000, 246, -16, 17, -60
-4024, 24000, 246, -17, 17, -63
-4824, 24000, 246, -19, 17, -66
-5624, 24000, 246, -19, 16, -68
-6424, 24000, 246, -21, 16, -71
-7224, 24000, 246, -21, 15, -73
-8024, 24000, 246, -22, 15, -76
-8824, 24000, 246, -23, 14, -78
-9624, 24000, 246, -25, 14, -80
-10424, 24000, 246, -25, 13, -82
-11224, 24000, 246, -26, 13, -84
-12024, 24000, 246, -26, 12, -85
-12824, 24000, 246, -26, 11, -86
-13624, 24000, 246, -27, 11, -87
-14424, 24000, 246, -27, 9, -88
-15224, 24000, 246, -27, 8, -89
-16024, 24000, 246, -28, 8, -90
-16824, 24000, 246, -28, 7, -91
-17624, 24000, 246, -28, 6, -92
-18424, 24000, 246, -28, 6, -92
-19224, 24000, 246, -28, 5, -92
-20024, 24000, 246, -29, 4, -93
-20824, 24000, 246, -29, 4, -93
-21624, 24000, 246, -29, 4, -94
-22424, 24000, 246, -29, 3, -94
-23224, 24000, 246, -29, 3, -94
-24024, 24000, 246, -29, 3, -94
-24824, 24000, 246, -29, 3, -94
-25624, 24000, 246, -29, 2, -94
-26424, 24000, 246, -29, 2, -95
-27224, 24000, 246, -29, 2, -95
-28024, 24000, 246, -29, 3, -95
-28824, 24000, 246, -29, 2, -95
-29624, 24000, 246, -29, 3, -95
-30424, 24000, 246, -30, 3, -96
-31224, 24000, 246, -30, 3, -95
-32024, 24000, 246, -30, 3, -96
-32824, 24000, 246, -29, 3, -96
-33624, 24000, 246, -31, 4, -96
-34424, 24000, 246, -31, 4, -96
-35224, 24000, 246, -32, 5, -97
-36024, 24000, 246, -33, 5, -98
-36824, 24000, 246, -34, 6, -98
-37624, 24000, 246, -33, 6, -98
-38424, 24000, 246, -36, 7, -99
-39224, 24000, 246, -38, 7, -100
-40024, 24000, 246, -40, 8, -101
-40824, 24000, 246, -42, 9, -102
-41624, 24000, 246, -45, 10, -103
-42424, 24000, 246, -49, 9, -105
-43224, 24000, 246, -52, 9, -106
-44024, 24000, 246, -54, 9, -108
-44824, 24000, 246, -56, 8, -109
-45624, 24000, 246, -57, 6, -110
-46424, 24000, 246, -57, 4, -111
-47224, 24000, 246, -56, 3, -112
-48024, 24000, 246, -56, 1, -112
-48824, 24000, 246, -56, -1, -113
-49624, 24000, 246, -57, -2, -113
-50424, 24000, 246, -58, -3, -113
-51224, 24000, 246, -58, -5, -112
-52024, 24000, 246, -58, -7, -112
-52824, 24000, 246, -59, -8, -111
-53624, 24000, 246, -60, -9, -110
-54424, 24000, 246, -61, -11, -110
-55224, 24000, 246, -62, -12, -107
-56024, 24000, 246, -65, -14, -106
-56824, 24000, 246, -66, -16, -102
-57624, 24000, 246, -67, -18, -100
-58424, 24000, 246, -67, -21, -97
-59224, 24000, 246, -66, -24, -95
-60024, 24000, 246, -63, -27, -91
-60824, 24000, 246, -59, -30, -87
-61624, 24000, 246, -53, -33, -83
-62424, 24000, 246, -49, -36, -79
-63224, 24000, 246, -43, -39, -75
-64024, 24000, 246, -39, -40, -71
-64824, 24000, 246, -35, -41, -67
-65624, 24000, 246, -32, -41, -64
-66424, 24000, 246, -29, -41, -60
-67224, 24000, 246, -27, -40, -57
-68024, 24000, 246, -24, -39, -53
-68824, 24000, 246, -22, -39, -51
-69624, 24000, 246, -20, -37, -48
-70424, 24000, 246, -18, -36, -46
-71224, 24000, 246, -16, -34, -44
-72000, 24024, 246, -15, -33, -41
-72000, 24824, 246, -17, -38, -39
-71576, 25200, 246, -18, -40, -38
-70776, 25200, 246, -20, -43, -40
-69976, 25200, 246, -22, -45, -42
-69176, 25200, 246, -24, -47, -44
-68376, 25200, 246, -25, -48, -46
-67576, 25200, 246, -30, -50, -50
-66776, 25200, 246, -33, -52, -52
-65976, 25200, 246, -37, -53, -56
-65176, 25200, 246, -42, -54, -59
-64376, 25200, 246, -47, -54, -62
-63576, 25200, 246, -52, -54, -66
-62776, 25200, 246, -59, -52, -70
-61976, 25200, 246, -66, -49, -73
-61176, 25200, 246, -75, -45, -77
-60376, 25200, 246, -83, -41, -80
-59576, 25200, 246, -90, -37, -84
-58776, 25200, 246, -95, -33, -87
-57976, 25200, 246, -96, -30, -89
-57176, 25200, 246, -97, -27, -92
-56376, 25200, 246, -96, -23, -94
-55576, 25200, 246, -95, -21, -96
-54776, 25200, 246, -94, -19, -98
-53976, 25200, 246, -93, -17, -99
-53176, 25200, 246, -92, -15, -100
-52376, 25200, 246, -92, -13, -101
-51576, 25200, 246, -91, -11, -102
-50776, 25200, 246, -91, -9, -102
-49976, 25200, 246, -90, -7, -103
-49176, 25200, 246, -89, -4, -103
-48376, 25200, 246, -88, -2, -103
-47576, 25200, 246, -88, 1, -103
-46776, 25200, 246, -87, 3, -102
-45976, 25200, 246, -86, 5, -102
-45176, 25200, 246, -84, 8, -101
-44376, 25200, 246, -82, 9, -100
-43576, 25200, 246, -77, 10, -99
-42776, 25200, 246, -72, 10, -99
-41976, 25200, 246, -66, 10, -98
-41176, 25200, 246, -61, 9, -97
-40376, 25200, 246, -57, 9, -96
-39576, 25200, 246, -52, 8, -96
-38776, 25200, 246, -49, 7, -95
-37976, 25200, 246, -47, 6, -95
-37176, 25200, 246, -46, 6, -95
-36376, 25200, 246, -43, 5, -94
-35576, 25200, 246, -43, 4, -95
-34776, 25200, 246, -43, 3, -95
-33976, 25200, 246, -42, 3, -94
-33176, 25200, 246, -41, 2, -95
-32376, 25200, 246, -41, 2, -94
-31576, 25200, 246, -41, 1, -94
-30776, 25200, 246, -40, 2, -94
-29976, 25200, 246, -40, 1, -94
-29176, 25200, 246, -40, 1, -94
-28376, 25200, 246, -40, 1, -95
-27576, 25200, 246, -40, 1, -94
-26776, 25200, 246, -39, 1, -94
-25976, 25200, 246, -39, 1, -94
-25176, 25200, 246, -39, 1, -94
-24376, 25200, 246, -39, 2, -94
-23576, 25200, 246, -39, 2, -94
-22776, 25200, 246, -39, 2, -94
-21976, 25200, 246, -39, 2, -94
-21176, 25200, 246, -38, 3, -94
-20376, 25200, 246, -39, 3, -94
-19576, 25200, 246, -40, 4, -93
-18776, 25200, 246, -39, 5, -93
-17976, 25200, 246, -39, 6, -92
-17176, 25200, 246, -37, 7, -91
-16376, 25200, 246, -38, 8, -92
-15576, 25200, 246, -38, 9, -91
-14776, 25200, 246, -38, 10, -90
-13976, 25200, 246, -37, 10, -90
-13176, 25200, 246, -37, 12, -89
-12376, 25200, 246, -36, 13, -88
-11576, 25200, 246, -36, 14, -87
-10776, 25200, 246, -35, 15, -85
-9976, 25200, 246, -34, 17, -83
-9176, 25200, 246, -33, 18, -81
-8376, 25200, 246, -32, 20, -80
-7576, 25200, 246, -31, 20, -77
-6776, 25200, 246, -30, 20, -74
-5976, 25200, 246, -28, 21, -71
-5176, 25200, 246, -27, 21, -68
-4376, 25200, 246, -25, 22, -66
-3576, 25200, 246, -24, 21, -63
-2776, 25200, 246, -22, 22, -60
-1976, 25200, 246, -21, 21, -57
-1176, 25200, 246, -19, 21, -54
-376, 25200, 246, -18, 21, -52
0, 25624, 246, -19, 23, -49
-24, 26400, 246, -22, 27, -47
-824, 26400, 246, -24, 27, -49
-1624, 26400, 246, -26, 27, -52
-2424, 26400, 246, -28, 28, -55
-3224, 26400, 246, -31, 28, -58
-4024, 26400, 246, -33, 27, -61
-4824, 26400, 246, -35, 28, -64
-5624, 26400, 246, -38, 28, -68
-6424, 26400, 246, -40, 27, -71
-7224, 26400, 246, -42, 26, -74
-8024, 26400, 246, -44, 25, -77
-8824, 26400, 246, -46, 24, -79
-9624, 26400, 246, -47, 22, -82
-10424, 26400, 246, -48, 21, -84
-11224, 26400, 246, -49, 19, -85
-12024, 26400, 246, -50, 17, -87
-12824, 26400, 246, -51, 16, -87
-13624, 26400, 246, -50, 14, -88
-14424, 26400, 246, -52, 12, -89
-15224, 26400, 246, -52, 11, -90
-16024, 26400, 246, -52, 9, -90
-16824, 26400, 246, -52, 8, -91
-17624, 26400, 246, -52, 7, -90
-18424, 26400, 246, -53, 5, -91
-19224, 26400, 246, -53, 4, -91
-20024, 26400, 246, -53, 3, -91
-20824, 26400, 246, -52, 2, -91
-21624, 26400, 246, -53, 2, -91
-22424, 26400, 246, -53, 1, -91
-23224, 26400, 246, -52, 0, -91
-24024, 26400, 246, -53, 0, -91
-24824, 26400, 246, -52, -1, -91
-25624, 26400, 246, -53, -1, -91
-26424, 26400, 246, -52, -1, -92
-27224, 26400, 246, -52, -1, -91
-28024, 26400, 246, -53, -1, -90
-28824, 26400, 246, -53, -1, -91
-29624, 26400, 246, -52, 0, -91
-30424, 26400, 246, -53, 0, -91
-31224, 26400, 246, -53, -1, -90
-32024, 26400, 246, -53, 0, -90
-32824, 26400, 246, -54, 1, -90
-33624, 26400, 246, -54, 1, -90
-34424, 26400, 246, -54, 2, -90
-35224, 26400, 246, -55, 3, -89
-36024, 26400, 246, -56, 3, -89
-36824, 26400, 246, -58, 4, -88
-37624, 26400, 246, -60, 4, -88
-38424, 26400, 246, -62, 6, -88
-39224, 26400, 246, -65, 8, -87
-40024, 26400, 246, -69, 8, -88
-40824, 26400, 246, -75, 9, -87
-41624, 26400, 246, -81, 9, -87
-42424, 26400, 246, -88, 10, -86
-43224, 26400, 246, -96, 12, -86
-44024, 26400, 246, -103, 11, -86
-44824, 26400, 246, -109, 10, -86
-45624, 26400, 246, -114, 8, -85
-46424, 26400, 246, -117, 5, -85
-47224, 26400, 246, -120, 3, -85
-48024, 26400, 246, -121, -1, -85
-48824, 26400, 246, -122, -4, -83
-49624, 26400, 246, -124, -7, -84
-50424, 26400, 246, -124, -10, -83
-51224, 26400, 246, -124, -14, -83
-52024, 26400, 246, -125, -16, -82
-52824, 26400, 246, -125, -19, -82
-53624, 26400, 246, -127, -22, -81
-54424, 26400, 246, -127, -24, -80
-55224, 26400, 246, -128, -28, -79
-56024, 26400, 246, -128, -29, -78
-56824, 26400, 246, -129, -34, -76
-57624, 26400, 246, -128, -37, -75
-58424, 26400, 246, -125, -41, -73
-59224, 26400, 246, -122, -46, -71
-60024, 26400, 246, -114, -51, -68
-60824, 26400, 246, -104, -55, -66
-61624, 26400, 246, -92, -60, -63
-62424, 26400, 246, -82, -63, -60
-63224, 26400, 246, -72, -65, -57
-64024, 26400, 246, -64, -67, -54
-64824, 26400, 246, -55, -68, -52
-65624, 26400, 246, -49, -67, -49
-66424, 26400, 246, -43, -65, -46
-67224, 26400, 246, -39, -63, -44
-68024, 26400, 246, -35, -60, -41
-68824, 26400, 246, -31, -58, -40
-69624, 26400, 246, -27, -55, -37
-70424, 26400, 246, -25, -53, -35
-71224, 26400, 246, -22, -50, -34
-72000, 26424, 246, -21, -48, -32
-72000, 27224, 246, -22, -53, -29
-71576, 27600, 246, -23, -56, -27
-70776, 27600, 246, -26, -59, -28
-69976, 27600, 246, -29, -62, -29
-69176, 27600, 246, -33, -66, -31
-68376, 27600, 246, -36, -69, -32
-67576, 27600, 246, -41, -73, -33
-66776, 27600, 246, -46, -76, -35
-65976, 27600, 246, -52, -79, -37
-65176, 27600, 246, -59, -81, -39
-64376, 27600, 246, -68, -82, -41
-63576, 27600, 246, -77, -82, -42
-62776, 27600, 246, -89, -80, -44
-61976, 27600, 246, -102, -77, -46
-61176, 27600, 246, -117, -71, -48
-60376, 27600, 246, -131, -67, -49
-59576, 27600, 246, -143, -60, -51
-58776, 27600, 246, -151, -55, -52
-57976, 27600, 246, -157, -49, -53
-57176, 27600, 246, -159, -45, -55
-56376, 27600, 246, -159, -41, -56
-55576, 27600, 246, -159, -37, -57
-54776, 27600, 246, -158, -33, -57
-53976, 27600, 246, -157, -30, -58
-53176, 27600, 246, -156, -27, -58
-52376, 27600, 246, -156, -24, -59
-51576, 27600, 246, -155, -20, -59
-50776, 27600, 246, -155, -17, -60
-49976, 27600, 246, -155, -13, -60
-49176, 27600, 246, -154, -10, -61
-48376, 27600, 246, -153, -6, -61
-47576, 27600, 246, -151, -2, -62
-46776, 27600, 246, -148, 2, -64
-45976, 27600, 246, -145, 5, -64
-45176, 27600, 246, -139, 8, -66
-44376, 27600, 246, -133, 9, -67
-43576, 27600, 246, -124, 9, -68
-42776, 27600, 246, -116, 10, -70
-41976, 27600, 246, -106, 9, -71
-41176, 27600, 246, -98, 8, -73
-40376, 27600, 246, -91, 7, -75
-39576, 27600, 246, -84, 5, -76
-38776, 27600, 246, -81, 4, -77
-37976, 27600, 246, -78, 3, -78
-37176, 27600, 246, -76, 2, -79
-36376, 27600, 246, -75, 0, -80
-35576, 27600, 246, -71, -1, -80
-34776, 27600, 246, -72, -1, -81
-33976, 27600, 246, -72, -2, -82
-33176, 27600, 246, -71, -2, -82
-32376, 27600, 246, -70, -3, -83
-31576, 27600, 246, -70, -3, -83
-30776, 27600, 246, -70, -3, -83
-29976, 27600, 246, -70, -4, -84
-29176, 27600, 246, -70, -4, -84
-28376, 27600, 246, -70, -4, -84
-27576, 27600, 246, -70, -3, -84
-26776, 27600, 246, -70, -4, -84
-25976, 27600, 246, -70, -4, -85
-25176, 27600, 246, -71, -3, -85
-24376, 27600, 246, -70, -3, -85
-23576, 27600, 246, -70, -3, -85
-22776, 27600, 246, -71, -2, -85
-21976, 27600, 246, -71, -2, -85
-21176, 27600, 246, -71, -1, -85
-20376, 27600, 246, -71, 0, -85
-19576, 27600, 246, -71, 2, -85
-18776, 27600, 246, -72, 2, -85
-17976, 27600, 246, -72, 3, -85
-17176, 27600, 246, -72, 5, -86
-16376, 27600, 246, -72, 7, -85
-15576, 27600, 246, -72, 8, -85
-14776, 27600, 246, -72, 11, -85
-13976, 27600, 246, -72, 13, -85
-13176, 27600, 246, -71, 15, -84
-12376, 27600, 246, -71, 17, -84
-11576, 27600, 246, -71, 20, -83
-10776, 27600, 246, -70, 23, -82
-9976, 27600, 246, -68, 25, -80
-9176, 27600, 246, -67, 28, -78
-8376, 27600, 246, -64, 30, -76
-7576, 27600, 246, -62, 31, -73
-6776, 27600, 246, -58, 33, -70
-5976, 27600, 246, -55, 34, -67
-5176, 27600, 246, -51, 34, -64
-4376, 27600, 246, -48, 35, -59
-3576, 27600, 246, -44, 35, -56
-2776, 27600, 246, -41, 34, -53
-1976, 27600, 246, -37, 34, -50
-1176, 27600, 246, -33, 34, -47
-376, 27600, 246, -30, 32, -44
0, 28024, 246, -31, 33, -41
-24, 28800, 246, -35, 38, -36
-824, 28800, 246, -38, 39, -37
-1624, 28800, 246, -41, 39, -40
-2424, 28800, 246, -47, 40, -42
-3224, 28800, 246, -52, 41, -45
-4024, 28800, 246, -57, 42, -48
-4824, 28800, 246, -63, 41, -52
-5624, 28800, 246, -70, 41, -55
-6424, 28800, 246, -75, 41, -58
-7224, 28800, 246, -80, 40, -61
-8024, 28800, 246, -85, 38, -63
-8824, 28800, 246, -89, 35, -66
-9624, 28800, 246, -92, 32, -67
-10424, 28800, 246, -94, 29, -69
-11224, 28800, 246, -95, 26, -70
-12024, 28800, 246, -96, 22, -71
-12824, 28800, 246, -97, 18, -71
-13624, 28800, 246, -96, 15, -71
-14424, 28800, 246, -97, 12, -72
-15224, 28800, 246, -96, 9, -72
-16024, 28800, 246, -96, 7, -72
-16824, 28800, 246, -96, 4, -72
-17624, 28800, 246, -95, 3, -72
-18424, 28800, 246, -95, 1, -72
-19224, 28800, 246, -94, -1, -72
-20024, 28800, 246, -94, -2, -72
-20824, 28800, 246, -93, -3, -72
-21624, 28800, 246, -93, -4, -72
-22424, 28800, 246, -93, -4, -72
-23224, 28800, 246, -92, -6, -72
-24024, 28800, 246, -92, -6, -72
-24824, 28800, 246, -90, -6, -72
-25624, 28800, 246, -91, -6, -71
-26424, 28800, 246, -91, -6, -71
-27224, 28800, 246, -91, -7, -71
-28024, 28800, 246, -90, -7, -71
-28824, 28800, 246, -90, -7, -71
-29624, 28800, 246, -90, -7, -70
-30424, 28800, 246, -90, -7, -70
-31224, 28800, 246, -90, -7, -70
-32024, 28800, 246, -90, -6, -70
-32824, 28800, 246, -90, -6, -69
-33624, 28800, 246, -90, -6, -68
-34424, 28800, 246, -90, -5, -68
-35224, 28800, 246, -91, -4, -67
-36024, 28800, 246, -92, -4, -66
-36824, 28800, 246, -93, -3, -66
-37624, 28800, 246, -95, -2, -64
-38424, 28800, 246, -97, 0, -63
-39224, 28800, 246, -100, 0, -62
-40024, 28800, 246, -104, 2, -60
-40824, 28800, 246, -109, 3, -58
-41624, 28800, 246, -116, 4, -56
-42424, 28800, 246, -125, 5, -54
-43224, 28800, 246, -133, 7, -52
-44024, 28800, 246, -143, 6, -48
-44824, 28800, 246, -150, 5, -47
-45624, 28800, 246, -157, 3, -45
-46424, 28800, 246, -161, 1, -43
-47224, 28800, 246, -165, -2, -42
-48024, 28800, 246, -168, -6, -40
-48824, 28800, 246, -170, -10, -39
-49624, 28800, 246, -171, -14, -38
-50424, 28800, 246, -172, -17, -38
-51224, 28800, 246, -173, -21, -37
-52024, 28800, 246, -173, -24, -36
-52824, 28800, 246, -174, -28, -36
-53624, 28800, 246, -175, -31, -36
-54424, 28800, 246, -176, -35, -35
-55224, 28800, 246, -176, -39, -35
-56024, 28800, 246, -178, -42, -35
-56824, 28800, 246, -178, -47, -34
-57624, 28800, 246, -177, -51, -34
-58424, 28800, 246, -174, -57, -33
-59224, 28800, 246, -168, -63, -33
-60024, 28800, 246, -157, -69, -32
-60824, 28800, 246, -143, -75, -32
-61624, 28800, 246, -126, -82, -31
-62424, 28800, 246, -110, -87, -30
-63224, 28800, 246, -96, -90, -29
-64024, 28800, 246, -83, -92, -29
-64824, 28800, 246, -72, -91, -28
-65624, 28800, 246, -64, -89, -27
-66424, 28800, 246, -56, -86, -26
-67224, 28800, 246, -50, -83, -25
-68024, 28800, 246, -44, -80, -24
-68824, 28800, 246, -39, -75, -24
-69624, 28800, 246, -34, -72, -22
-70424, 28800, 246, -31, -68, -22
-71224, 28800, 246, -27, -64, -21
-72000, 28824, 246, -25, -61, -21
-72000, 29624, 246, -26, -64, -16
-71576, 30000, 246, -27, -66, -14
-70776, 30000, 246, -30, -70, -14
-69976, 30000, 246, -33, -73, -15
-69176, 30000, 246, -38, -77, -14
-68376, 30000, 246, -43, -82, -15
-67576, 30000, 246, -47, -86, -15
-66776, 30000, 246, -53, -90, -15
-65976, 30000, 246, -61, -94, -15
-65176, 30000, 246, -70, -96, -15
-64376, 30000, 246, -80, -97, -15
-63576, 30000, 246, -91, -97, -15
-62776, 30000, 246, -105, -95, -15
-61976, 30000, 246, -120, -91, -15
-61176, 30000, 246, -137, -86, -15
-60376, 30000, 246, -153, -79, -14
-59576, 30000, 246, -168, -72, -14
-58776, 30000, 246, -177, -66, -14
-57976, 30000, 246, -183, -60, -14
-57176, 30000, 246, -185, -54, -14
-56376, 30000, 246, -186, -49, -14
-55576, 30000, 246, -185, -45, -14
-54776, 30000, 246, -183, -40, -14
-53976, 30000, 246, -182, -37, -14
-53176, 30000, 246, -180, -33, -15
-52376, 30000, 246, -180, -30, -15
-51576, 30000, 246, -178, -27, -16
-50776, 30000, 246, -176, -23, -16
-49976, 30000, 246, -175, -20, -17
-49176, 30000, 246, -173, -17, -18
-48376, 30000, 246, -171, -13, -19
-47576, 30000, 246, -169, -11, -20
-46776, 30000, 246, -167, -7, -21
-45976, 30000, 246, -165, -5, -23
-45176, 30000, 246, -161, -2, -25
-44376, 30000, 246, -157, -2, -27
-43576, 30000, 246, -151, 0, -29
-42776, 30000, 246, -145, -1, -31
-41976, 30000, 246, -138, -2, -33
-41176, 30000, 246, -132, -3, -35
-40376, 30000, 246, -128, -4, -37
-39576, 30000, 246, -125, -5, -38
-38776, 30000, 246, -122, -6, -40
-37976, 30000, 246, -120, -6, -41
-37176, 30000, 246, -119, -7, -43
-36376, 30000, 246, -118, -9, -44
-35576, 30000, 246, -117, -9, -45
-34776, 30000, 246, -117, -10, -45
-33976, 30000, 246, -117, -10, -46
-33176, 30000, 246, -116, -10, -46
-32376, 30000, 246, -117, -11, -47
-31576, 30000, 246, -117, -11, -47
-30776, 30000, 246, -117, -11, -48
-29976, 30000, 246, -118, -12, -48
-29176, 30000, 246, -118, -11, -48
-28376, 30000, 246, -118, -11, -48
-27576, 30000, 246, -119, -11, -48
-26776, 30000, 246, -119, -12, -48
-25976, 30000, 246, -120, -11, -49
-25176, 30000, 246, -120, -11, -49
-24376, 30000, 246, -121, -11, -49
-23576, 30000, 246, -121, -10, -49
-22776, 30000, 246, -121, -9, -49
-21976, 30000, 246, -122, -9, -49
-21176, 30000, 246, -123, -8, -49
-20376, 30000, 246, -124, -7, -49
-19576, 30000, 246, -125, -6, -49
-18776, 30000, 246, -125, -5, -49
-17976, 30000, 246, -126, -3, -49
-17176, 30000, 246, -127, -1, -49
-16376, 30000, 246, -128, 1, -49
-15576, 30000, 246, -128, 3, -49
-14776, 30000, 246, -130, 6, -49
-13976, 30000, 246, -131, 9, -49
-13176, 30000, 246, -131, 14, -49
-12376, 30000, 246, -132, 18, -49
-11576, 30000, 246, -132, 23, -48
-10776, 30000, 246, -132, 28, -48
-9976, 30000, 246, -131, 33, -48
-9176, 30000, 246, -129, 37, -47
-8376, 30000, 246, -124, 41, -45
-7576, 30000, 246, -118, 44, -44
-6776, 30000, 246, -110, 47, -42
-5976, 30000, 246, -101, 48, -41
-5176, 30000, 246, -90, 49, -39
-4376, 30000, 246, -81, 48, -37
-3576, 30000, 246, -72, 48, -34
-2776, 30000, 246, -64, 47, -33
-1976, 30000, 246, -56, 46, -31
-1176, 30000, 246, -50, 45, -29
-376, 30000, 246, -44, 43, -28
0, 30424, 246, -43, 44, -24
-24, 31200, 246, -46, 47, -16
-824, 31200, 246, -51, 48, -16
-1624, 31200, 246, -58, 50, -16
-2424, 31200, 246, -67, 52, -17
-3224, 31200, 246, -76, 54, -17
-4024, 31200, 246, -88, 55, -18
-4824, 31200, 246, -101, 56, -17
-5624, 31200, 246, -116, 56, -19
-6424, 31200, 246, -130, 56, -19
-7224, 31200, 246, -145, 53, -19
-8024, 31200, 246, -155, 51, -19
-8824, 31200, 246, -162, 46, -19
-9624, 31200, 246, -166, 42, -20
-10424, 31200, 246, -167, 34, -20
-11224, 31200, 246, -167, 28, -20
-12024, 31200, 246, -167, 22, -20
-12824, 31200, 246, -165, 16, -20
-13624, 31200, 246, -164, 11, -20
-14424, 31200, 246, -162, 6, -20
-15224, 31200, 246, -161, 2, -21
-16024, 31200, 246, -159, -1, -21
-16824, 31200, 246, -157, -4, -20
-17624, 31200, 246, -156, -6, -21
-18424, 31200, 246, -155, -7, -21
-19224, 31200, 246, -154, -9, -21
-20024, 31200, 246, -152, -10, -21
-20824, 31200, 246, -151, -11, -21
-21624, 31200, 246, -149, -11, -21
-22424, 31200, 246, -149, -13, -21
-23224, 31200, 246, -149, -14, -21
-24024, 31200, 246, -148, -13, -21
-24824, 31200, 246, -148, -14, -21
-25624, 31200, 246, -147, -15, -21
-26424, 31200, 246, -145, -15, -21
-27224, 31200, 246, -146, -15, -21
-28024, 31200, 246, -145, -15, -21
-28824, 31200, 246, -145, -15, -21
-29624, 31200, 246, -145, -15, -21
-30424, 31200, 246, -144, -16, -21
-31224, 31200, 246, -144, -15, -20
-32024, 31200, 246, -144, -15, -20
-32824, 31200, 246, -143, -15, -20
-33624, 31200, 246, -143, -15, -19
-34424, 31200, 246, -143, -13, -20
-35224, 31200, 246, -142, -14, -19
-36024, 31200, 246, -142, -13, -18
-36824, 31200, 246, -143, -13, -17
-37624, 31200, 246, -143, -13, -17
-38424, 31200, 246, -143, -12, -16
-39224, 31200, 246, -144, -12, -15
-40024, 31200, 246, -145, -10, -13
-40824, 31200, 246, -146, -10, -12
-41624, 31200, 246, -147, -10, -11
-42424, 31200, 246, -151, -9, -10
-43224, 31200, 246, -152, -9, -8
-44024, 31200, 246, -155, -8, -6
-44824, 31200, 246, -158, -9, -5
-45624, 31200, 246, -159, -11, -4
-46424, 31200, 246, -161, -12, -2
-47224, 31200, 246, -162, -14, -1
-48024, 31200, 246, -163, -16, 0
-48824, 31200, 246, -164, -19, 1
-49624, 31200, 246, -166, -21, 3
-50424, 31200, 246, -168, -24, 3
-51224, 31200, 246, -169, -26, 3
-52024, 31200, 246, -171, -29, 4
-52824, 31200, 246, -173, -32, 4
-53624, 31200, 246, -175, -35, 4
-54424, 31200, 246, -177, -39, 5
-55224, 31200, 246, -179, -42, 5
-56024, 31200, 246, -181, -46, 5
-56824, 31200, 246, -182, -51, 4
-57624, 31200, 246, -182, -56, 5
-58424, 31200, 246, -180, -62, 4
-59224, 31200, 246, -174, -68, 4
-60024, 31200, 246, -163, -75, 4
-60824, 31200, 246, -151, -81, 2
-61624, 31200, 246, -135, -89, 2
-62424, 31200, 246, -118, -95, 1
-63224, 31200, 246, -103, -99, 0
-64024, 31200, 246, -91, -100, -1
-64824, 31200, 246, -79, -101, -2
-65624, 31200, 246, -69, -99, -2
-66424, 31200, 246, -61, -96, -3
-67224, 31200, 246, -54, -93, -4
-68024, 31200, 246, -47, -88, -5
-68824, 31200, 246, -42, -84, -5
-69624, 31200, 246, -37, -79, -6
-70424, 31200, 246, -33, -76, -6
-71224, 31200, 246, -30, -71, -6
-72000, 31224, 246, -27, -68, -7
-72000, 32024, 246, -27, -68, -3
-71576, 32400, 246, -27, -69, -1
-70776, 32400, 246, -31, -73, 0
-69976, 32400, 246, -34, -77, 1
-69176, 32400, 246, -38, -82, 2
-68376, 32400, 246, -43, -86, 3
-67576, 32400, 246, -49, -90, 4
-66776, 32400, 246, -55, -94, 6
-65976, 32400, 246, -63, -97, 8
-65176, 32400, 246, -71, -99, 9
-64376, 32400, 246, -82, -100, 11
-63576, 32400, 246, -93, -99, 13
-62776, 32400, 246, -107, -96, 14
-61976, 32400, 246, -121, -93, 16
-61176, 32400, 246, -137, -87, 18
-60376, 32400, 246, -151, -80, 19
-59576, 32400, 246, -164, -73, 20
-58776, 32400, 246, -172, -66, 21
-57976, 32400, 246, -174, -60, 23
-57176, 32400, 246, -176, -54, 23
-56376, 32400, 246, -176, -49, 22
-55576, 32400, 246, -174, -46, 24
-54776, 32400, 246, -171, -42, 22
-53976, 32400, 246, -169, -39, 23
-53176, 32400, 246, -167, -35, 22
-52376, 32400, 246, -165, -32, 22
-51576, 32400, 246, -163, -30, 22
-50776, 32400, 246, -161, -28, 21
-49976, 32400, 246, -160, -26, 20
-49176, 32400, 246, -157, -24, 21
-48376, 32400, 246, -157, -22, 19
-47576, 32400, 246, -157, -19, 18
-46776, 32400, 246, -156, -19, 18
-45976, 32400, 246, -155, -17, 17
-45176, 32400, 246, -154, -17, 16
-44376, 32400, 246, -154, -15, 15
-43576, 32400, 246, -152, -15, 14
-42776, 32400, 246, -152, -15, 13
-41976, 32400, 246, -151, -15, 12
-41176, 32400, 246, -151, -15, 11
-40376, 32400, 246, -151, -15, 10
-39576, 32400, 246, -151, -15, 9
-38776, 32400, 246, -150, -16, 8
-37976, 32400, 246, -150, -16, 8
-37176, 32400, 246, -149, -16, 8
-36376, 32400, 246, -150, -17, 6
-35576, 32400, 246, -150, -17, 6
-34776, 32400, 246, -150, -17, 5
-33976, 32400, 246, -151, -17, 6
-33176, 32400, 246, -151, -18, 5
-32376, 32400, 246, -151, -18, 5
-31576, 32400, 246, -151, -18, 5
-30776, 32400, 246, -152, -18, 5
-29976, 32400, 246, -152, -18, 5
-29176, 32400, 246, -152, -18, 4
-28376, 32400, 246, -152, -18, 4
-27576, 32400, 246, -153, -18, 4
-26776, 32400, 246, -154, -17, 4
-25976, 32400, 246, -155, -17, 4
-25176, 32400, 246, -155, -17, 4
-24376, 32400, 246, -156, -16, 4
-23576, 32400, 246, -156, -16, 4
-22776, 32400, 246, -156, -15, 5
-21976, 32400, 246, -158, -15, 5
-21176, 32400, 246, -159, -14, 5
-20376, 32400, 246, -160, -13, 5
-19576, 32400, 246, -161, -12, 5
-18776, 32400, 246, -162, -11, 6
-17976, 32400, 246, -164, -9, 6
-17176, 32400, 246, -165, -7, 6
-16376, 32400, 246, -166, -5, 6
-15576, 32400, 246, -168, -2, 6
-14776, 32400, 246, -170, 1, 7
-13976, 32400, 246, -172, 5, 6
-13176, 32400, 246, -174, 11, 7
-12376, 32400, 246, -176, 16, 6
-11576, 32400, 246, -178, 23, 7
-10776, 32400, 246, -179, 30, 6
-9976, 32400, 246, -180, 38, 7
-9176, 32400, 246, -178, 44, 6
-8376, 32400, 246, -174, 51, 5
-7576, 32400, 246, -166, 55, 5
-6776, 32400, 246, -154, 58, 3
-5976, 32400, 246, -139, 60, 2
-5176, 32400, 246, -122, 61, 1
-4376, 32400, 246, -107, 60, 0
-3576, 32400, 246, -92, 58, -1
-2776, 32400, 246, -80, 57, -2
-1976, 32400, 246, -69, 55, -3
-1176, 32400, 246, -60, 53, -4
-376, 32400, 246, -52, 50, -5
0, 32824, 246, -49, 50, -2
-24, 33600, 246, -48, 50, 5
-824, 33600, 246, -53, 52, 6
-1624, 33600, 246, -61, 54, 8
-2424, 33600, 246, -70, 56, 10
-3224, 33600, 246, -81, 58, 12
-4024, 33600, 246, -94, 60, 15
-4824, 33600, 246, -108, 61, 17
-5624, 33600, 246, -124, 62, 20
-6424, 33600, 246, -138, 61, 22
-7224, 33600, 246, -153, 58, 25
-8024, 33600, 246, -163, 55, 27
-8824, 33600, 246, -170, 50, 28
-9624, 33600, 246, -174, 44, 30
-10424, 33600, 246, -175, 36, 30
-11224, 33600, 246, -174, 29, 31
-12024, 33600, 246, -172, 22, 31
-12824, 33600, 246, -170, 15, 32
-13624, 33600, 246, -169, 11, 32
-14424, 33600, 246, -167, 5, 31
-15224, 33600, 246, -165, 1, 31
-16024, 33600, 246, -162, -2, 31
-16824, 33600, 246, -161, -5, 31
-17624, 33600, 246, -159, -7, 30
-18424, 33600, 246, -158, -9, 30
-19224, 33600, 246, -158, -10, 29
-20024, 33600, 246, -156, -12, 29
-20824, 33600, 246, -155, -13, 29
-21624, 33600, 246, -154, -14, 29
-22424, 33600, 246, -153, -14, 29
-23224, 33600, 246, -152, -15, 29
-24024, 33600, 246, -152, -16, 28
-24824, 33600, 246, -151, -16, 28
-25624, 33600, 246, -149, -17, 28
-26424, 33600, 246, -150, -17, 28
-27224, 33600, 246, -149, -17, 28
-28024, 33600, 246, -149, -17, 28
-28824, 33600, 246, -148, -18, 28
-29624, 33600, 246, -148, -17, 28
-30424, 33600, 246, -148, -18, 28
-31224, 33600, 246, -146, -18, 28
-32024, 33600, 246, -147, -18, 28
-32824, 33600, 246, -147, -17, 28
-33624, 33600, 246, -147, -18, 29
-34424, 33600, 246, -146, -18, 29
-35224, 33600, 246, -147, -18, 29
-36024, 33600, 246, -146, -18, 29
-36824, 33600, 246, -146, -18, 29
-37624, 33600, 246, -147, -17, 30
-38424, 33600, 246, -146, -18, 30
-39224, 33600, 246, -146, -18, 31
-40024, 33600, 246, -147, -17, 31
-40824, 33600, 246, -147, -17, 32
-41624, 33600, 246, -147, -17, 33
-42424, 33600, 246, -148, -18, 33
-43224, 33600, 246, -148, -18, 35
-44024, 33600, 246, -149, -19, 35
-44824, 33600, 246, -149, -19, 36
-45624, 33600, 246, -149, -20, 36
-46424, 33600, 246, -150, -21, 37
-47224, 33600, 246, -151, -22, 38
-48024, 33600, 246, -152, -23, 38
-48824, 33600, 246, -153, -25, 39
-49624, 33600, 246, -154, -25, 40
-50424, 33600, 246, -156, -28, 40
-51224, 33600, 246, -157, -29, 41
-52024, 33600, 246, -159, -31, 41
-52824, 33600, 246, -160, -33, 41
-53624, 33600, 246, -163, -36, 42
-54424, 33600, 246, -165, -38, 42
-55224, 33600, 246, -167, -41, 42
-56024, 33600, 246, -169, -46, 42
-56824, 33600, 246, -171, -50, 42
-57624, 33600, 246, -171, -54, 41
-58424, 33600, 246, -170, -60, 40
-59224, 33600, 246, -165, -66, 39
-60024, 33600, 246, -155, -73, 37
-60824, 33600, 246, -143, -79, 36
-61624, 33600, 246, -128, -86, 33
-62424, 33600, 246, -113, -91, 30
-63224, 33600, 246, -98, -95, 27
-64024, 33600, 246, -86, -97, 25
-64824, 33600, 246, -75, -97, 22
-65624, 33600, 246, -66, -96, 20
-66424, 33600, 246, -58, -93, 17
-67224, 33600, 246, -52, -90, 15
-68024, 33600, 246, -46, -86, 13
-68824, 33600, 246, -40, -83, 11
-69624, 33600, 246, -36, -78, 9
-70424, 33600, 246, -32, -74, 8
-71224, 33600, 246, -29, -70, 6
-72000, 33624, 246, -26, -67, 5
-72000, 34424, 246, -25, -65, 9
-71576, 34800, 246, -24, -65, 10
-70776, 34800, 246, -28, -68, 12
-69976, 34800, 246, -31, -72, 13
-69176, 34800, 246, -35, -75, 15
-68376, 34800, 246, -38, -79, 17
-67576, 34800, 246, -43, -82, 20
-66776, 34800, 246, -49, -85, 22
-65976, 34800, 246, -55, -89, 25
-65176, 34800, 246, -62, -90, 29
-64376, 34800, 246, -71, -91, 32
-63576, 34800, 246, -81, -91, 35
-62776, 34800, 246, -93, -88, 38
-61976, 34800, 246, -106, -85, 41
-61176, 34800, 246, -121, -79, 45
-60376, 34800, 246, -134, -74, 48
-59576, 34800, 246, -147, -68, 51
-58776, 34800, 246, -154, -62, 53
-57976, 34800, 246, -160, -56, 55
-57176, 34800, 246, -160, -52, 57
-56376, 34800, 246, -161, -48, 57
-55576, 34800, 246, -159, -44, 57
-54776, 34800, 246, -158, -40, 58
-53976, 34800, 246, -156, -38, 57
-53176, 34800, 246, -153, -35, 57
-52376, 34800, 246, -152, -33, 57
-51576, 34800, 246, -150, -31, 56
-50776, 34800, 246, -148, -29, 56
-49976, 34800, 246, -147, -28, 56
-49176, 34800, 246, -145, -26, 55
-48376, 34800, 246, -145, -25, 55
-47576, 34800, 246, -144, -23, 54
-46776, 34800, 246, -142, -22, 53
-45976, 34800, 246, -142, -21, 53
-45176, 34800, 246, -141, -21, 52
-44376, 34800, 246, -141, -20, 52
-43576, 34800, 246, -140, -20, 51
-42776, 34800, 246, -139, -19, 50
-41976, 34800, 246, -139, -19, 50
-41176, 34800, 246, -138, -18, 49
-40376, 34800, 246, -138, -18, 49
-39576, 34800, 246, -138, -18, 48
-38776, 34800, 246, -137, -18, 48
-37976, 34800, 246, -137, -18, 47
-37176, 34800, 246, -137, -17, 47
-36376, 34800, 246, -136, -17, 47
-35576, 34800, 246, -136, -17, 47
-34776, 34800, 246, -137, -17, 46
-33976, 34800, 246, -136, -17, 46
-33176, 34800, 246, -137, -17, 46
-32376, 34800, 246, -136, -17, 46
-31576, 34800, 246, -137, -17, 46
-30776, 34800, 246, -137, -17, 46
-29976, 34800, 246, -137, -17, 45
-29176, 34800, 246, -137, -16, 45
-28376, 34800, 246, -137, -16, 46
-27576, 34800, 246, -138, -16, 45
-26776, 34800, 246, -138, -15, 45
-25976, 34800, 246, -138, -15, 45
-25176, 34800, 246, -139, -15, 45
-24376, 34800, 246, -140, -14, 46
-23576, 34800, 246, -140, -14, 46
-22776, 34800, 246, -140, -13, 46
-21976, 34800, 246, -141, -13, 46
-21176, 34800, 246, -142, -11, 47
-20376, 34800, 246, -143, -11, 47
-19576, 34800, 246, -145, -10, 47
-18776, 34800, 246, -145, -8, 47
-17976, 34800, 246, -146, -6, 47
-17176, 34800, 246, -147, -4, 48
-16376, 34800, 246, -148, -2, 48
-15576, 34800, 246, -150, 0, 48
-14776, 34800, 246, -151, 4, 48
-13976, 34800, 246, -153, 7, 49
-13176, 34800, 246, -155, 13, 48
-12376, 34800, 246, -156, 17, 48
-11576, 34800, 246, -158, 23, 48
-10776, 34800, 246, -158, 30, 48
-9976, 34800, 246, -159, 37, 46
-9176, 34800, 246, -157, 44, 45
-8376, 34800, 246, -152, 50, 43
-7576, 34800, 246, -146, 54, 42
-6776, 34800, 246, -135, 56, 38
-5976, 34800, 246, -122, 58, 35
-5176, 34800, 246, -108, 59, 32
-4376, 34800, 246, -95, 58, 28
-3576, 34800, 246, -82, 57, 25
-2776, 34800, 246, -72, 56, 22
-1976, 34800, 246, -63, 54, 19
-1176, 34800, 246, -55, 52, 16
-376, 34800, 246, -48, 50, 14
0, 35224, 246, -44, 48, 14
-24, 36000, 246, -40, 47, 18
-824, 36000, 246, -44, 48, 20
-1624, 36000, 246, -50, 50, 22
-2424, 36000, 246, -56, 51, 25
-3224, 36000, 246, -63, 53, 28
-4024, 36000, 246, -71, 54, 32
-4824, 36000, 246, -80, 54, 34
-5624, 36000, 246, -91, 55, 38
-6424, 36000, 246, -100, 54, 42
-7224, 36000, 246, -109, 52, 44
-8024, 36000, 246, -116, 49, 47
-8824, 36000, 246, -123, 45, 49
-9624, 36000, 246, -127, 41, 51
-10424, 36000, 246, -128, 36, 52
-11224, 36000, 246, -129, 30, 53
-12024, 36000, 246, -128, 24, 56
-12824, 36000, 246, -128, 19, 56
-13624, 36000, 246, -127, 14, 55
-14424, 36000, 246, -127, 10, 56
-15224, 36000, 246, -125, 7, 56
-16024, 36000, 246, -125, 4, 56
-16824, 36000, 246, -123, 1, 55
-17624, 36000, 246, -123, -1, 55
-18424, 36000, 246, -122, -3, 55
-19224, 36000, 246, -121, -4, 55
-20024, 36000, 246, -120, -6, 55
-20824, 36000, 246, -118, -7, 56
-21624, 36000, 246, -119, -8, 54
-22424, 36000, 246, -118, -9, 54
-23224, 36000, 246, -118, -9, 54
-24024, 36000, 246, -117, -10, 54
-24824, 36000, 246, -117, -11, 54
-25624, 36000, 246, -117, -12, 54
-26424, 36000, 246, -116, -12, 54
-27224, 36000, 246, -116, -12, 54
-28024, 36000, 246, -116, -13, 54
-28824, 36000, 246, -115, -13, 54
-29624, 36000, 246, -116, -13, 54
-30424, 36000, 246, -115, -13, 54
-31224, 36000, 246, -115, -14, 54
-32024, 36000, 246, -115, -14, 54
-32824, 36000, 246, -115, -14, 54
-33624, 36000, 246, -115, -15, 54
-34424, 36000, 246, -116, -15, 54
-35224, 36000, 246, -115, -15, 54
-36024, 36000, 246, -116, -15, 55
-36824, 36000, 246, -116, -15, 55
-37624, 36000, 246, -116, -16, 55
-38424, 36000, 246, -116, -16, 56
-39224, 36000, 246, -117, -16, 56
-40024, 36000, 246, -117, -16, 57
-40824, 36000, 246, -118, -16, 57
-41624, 36000, 246, -118, -17, 57
-42424, 36000, 246, -119, -17, 58
-43224, 36000, 246, -119, -18, 58
-44024, 36000, 246, -119, -18, 59
-44824, 36000, 246, -120, -19, 59
-45624, 36000, 246, -121, -20, 60
-46424, 36000, 246, -121, -21, 60
-47224, 36000, 246, -122, -22, 61
-48024, 36000, 246, -123, -23, 61
-48824, 36000, 246, -124, -23, 62
-49624, 36000, 246, -125, -25, 62
-50424, 36000, 246, -126, -26, 62
-51224, 36000, 246, -127, -28, 63
-52024, 36000, 246, -128, -30, 63
-52824, 36000, 246, -129, -31, 63
-53624, 36000, 246, -131, -34, 63
-54424, 36000, 246, -132, -36, 62
-55224, 36000, 246, -133, -39, 63
-56024, 36000, 246, -134, -42, 63
-56824, 36000, 246, -134, -45, 63
-57624, 36000, 246, -134, -49, 61
-58424, 36000, 246, -131, -54, 60
-59224, 36000, 246, -126, -58, 57
-60024, 36000, 246, -118, -63, 55
-60824, 36000, 246, -109, -68, 52
-61624, 36000, 246, -97, -74, 48
-62424, 36000, 246, -87, -78, 45
-63224, 36000, 246, -76, -80, 42
-64024, 36000, 246, -67, -82, 39
-64824, 36000, 246, -59, -82, 36
-65624, 36000, 246, -53, -81, 32
-66424, 36000, 246, -48, -79, 29
-67224, 36000, 246, -43, -77, 26
-68024, 36000, 246, -37, -74, 23
-68824, 36000, 246, -34, -72, 21
-69624, 36000, 246, -30, -68, 19
-70424, 36000, 246, -26, -66, 17
-71224, 36000, 246, -24, -63, 15
-72000, 36000, 270, -23, -59, 13
-71299, 36000, 369, -24, -58, 13
-70499, 36000, 369, -27, -61, 15
-69699, 36000, 369, -30, -63, 17
-68899, 36000, 369, -34, -66, 18
-68099, 36000, 369, -37, -68, 21
-67299, 36000, 369, -41, -70, 22
-66499, 36000, 369, -46, -72, 25
-65699, 36000, 369, -51, -74, 27
-64899, 36000, 369, -56, -74, 30
-64099, 36000, 369, -64, -75, 33
-63299, 36000, 369, -70, -74, 37
-62499, 36000, 369, -80, -71, 39
-61699, 36000, 369, -87, -68, 42
-60899, 36000, 369, -95, -65, 45
-60099, 36000, 369, -104, -61, 47
-59299, 36000, 369, -111, -57, 49
-58499, 36000, 369, -116, -53, 51
-57699, 36000, 369, -120, -49, 52
-56899, 36000, 369, -122, -46, 54
-56099, 36000, 369, -122, -42, 54
-55299, 36000, 369, -123, -39, 55
-54499, 36000, 369, -122, -36, 55
-53699, 36000, 369, -122, -34, 56
-52899, 36000, 369, -121, -32, 55
-52099, 36000, 369, -120, -30, 55
-51299, 36000, 369, -119, -28, 55
-50499, 36000, 369, -118, -27, 55
-49699, 36000, 369, -117, -25, 55
-48899, 36000, 369, -116, -24, 55
-48099, 36000, 369, -116, -23, 54
-47299, 36000, 369, -115, -21, 54
-46499, 36000, 369, -114, -21, 53
-45699, 36000, 369, -114, -20, 53
-44899, 36000, 369, -112, -19, 54
-44099, 36000, 369, -113, -18, 52
-43299, 36000, 369, -112, -17, 52
-42499, 36000, 369, -112, -17, 51
-41699, 36000, 369, -111, -16, 51
-40899, 36000, 369, -111, -16, 51
-40099, 36000, 369, -110, -16, 50
-39299, 36000, 369, -110, -15, 50
-38499, 36000, 369, -110, -15, 49
-37699, 36000, 369, -110, -15, 49
-36899, 36000, 369, -110, -15, 48
-36099, 36000, 369, -110, -14, 48
-35299, 36000, 369, -109, -14, 48
-34499, 36000, 369, -109, -14, 48
-33699, 36000, 369, -109, -13, 47
-32899, 36000, 369, -109, -14, 47
-32099, 36000, 369, -109, -13, 48
-31299, 36000, 369, -109, -13, 47
-30499, 36000, 369, -109, -13, 47
-29699, 36000, 369, -109, -13, 45
-28899, 36000, 369, -108, -12, 47
-28099, 36000, 369, -109, -12, 47
-27299, 36000, 369, -110, -12, 47
-26499, 36000, 369, -110, -11, 47
-25699, 36000, 369, -110, -11, 47
-24899, 36000, 369, -110, -10, 47
-24099, 36000, 369, -111, -9, 47
-23299, 36000, 369, -111, -9, 47
-22499, 36000, 369, -112, -8, 47
-21699, 36000, 369, -112, -7, 47
-20899, 36000, 369, -112, -6, 48
-20099, 36000, 369, -113, -5, 48
-19299, 36000, 369, -113, -4, 48
-18499, 36000, 369, -114, -2, 48
-17699, 36000, 369, -115, -1, 48
-16899, 36000, 369, -115, 1, 48
-16099, 36000, 369, -116, 5, 49
-15299, 36000, 369, -117, 7, 48
-14499, 36000, 369, -117, 10, 48
-13699, 36000, 369, -117, 13, 49
-12899, 36000, 369, -118, 16, 47
-12099, 36000, 369, -119, 21, 47
-11299, 36000, 369, -118, 25, 46
-10499, 36000, 369, -117, 30, 45
-9699, 36000, 369, -115, 35, 44
-8899, 36000, 369, -113, 39, 42
-8099, 36000, 369, -109, 43, 41
-7299, 36000, 369, -104, 45, 39
-6499, 36000, 369, -96, 47, 36
-5699, 36000, 369, -89, 48, 34
-4899, 36000, 369, -81, 49, 30
-4099, 36000, 369, -73, 49, 28
-3299, 36000, 369, -65, 48, 25
-2499, 36000, 369, -58, 48, 23
-1699, 36000, 369, -52, 46, 20
-899, 36000, 369, -46, 45, 19
-99, 36000, 369, -41, 44, 16
0, 35299, 369, -42, 45, 15
-301, 34800, 369, -44, 45, 14
-1101, 34800, 369, -49, 47, 17
-1901, 34800, 369, -55, 48, 19
-2701, 34800, 369, -62, 50, 21
-3501, 34800, 369, -70, 51, 24
-4301, 34800, 369, -79, 52, 27
-5101, 34800, 369, -89, 51, 29
-5901, 34800, 369, -98, 51, 32
-6701, 34800, 369, -107, 49, 34
-7501, 34800, 369, -115, 47, 37
-8301, 34800, 369, -121, 44, 39
-9101, 34800, 369, -126, 40, 41
-9901, 34800, 369, -128, 36, 42
-10701, 34800, 369, -130, 31, 44
-11501, 34800, 369, -130, 26, 44
-12301, 34800, 369, -130, 21, 45
-13101, 34800, 369, -130, 16, 46
-13901, 34800, 369, -129, 12, 47
-14701, 34800, 369, -128, 8, 46
-15501, 34800, 369, -127, 5, 46
-16301, 34800, 369, -127, 3, 46
-17101, 34800, 369, -126, 0, 46
-17901, 34800, 369, -125, -2, 46
-18701, 34800, 369, -124, -4, 46
-19501, 34800, 369, -123, -5, 45
-20301, 34800, 369, -123, -7, 45
-21101, 34800, 369, -122, -8, 45
-21901, 34800, 369, -120, -9, 45
-22701, 34800, 369, -122, -9, 45
-23501, 34800, 369, -121, -10, 45
-24301, 34800, 369, -120, -11, 44
-25101, 34800, 369, -120, -11, 45
-25901, 34800, 369, -120, -12, 44
-26701, 34800, 369, -117, -12, 44
-27501, 34800, 369, -119, -12, 45
-28301, 34800, 369, -119, -13, 44
-29101, 34800, 369, -119, -13, 44
-29901, 34800, 369, -118, -13, 44
-30701, 34800, 369, -118, -13, 44
-31501, 34800, 369, -118, -14, 44
-32301, 34800, 369, -118, -14, 44
-33101, 34800, 369, -118, -14, 45
-33901, 34800, 369, -118, -14, 45
-34701, 34800, 369, -118, -14, 45
-35501, 34800, 369, -118, -15, 46
-36301, 34800, 369, -118, -15, 46
-37101, 34800, 369, -119, -15, 46
-37901, 34800, 369, -118, -15, 46
-38701, 34800, 369, -119, -16, 46
-39501, 34800, 369, -119, -15, 47
-40301, 34800, 369, -120, -16, 47
-41101, 34800, 369, -119, -16, 48
-41901, 34800, 369, -120, -17, 48
-42701, 34800, 369, -121, -17, 49
-43501, 34800, 369, -121, -18, 49
-44301, 34800, 369, -122, -19, 50
-45101, 34800, 369, -122, -19, 50
-45901, 34800, 369, -123, -20, 51
-46701, 34800, 369, -124, -21, 51
-47501, 34800, 369, -124, -22, 52
-48301, 34800, 369, -125, -23, 52
-49101, 34800, 369, -126, -24, 53
-49901, 34800, 369, -127, -26, 53
-50701, 34800, 369, -128, -27, 53
-51501, 34800, 369, -129, -29, 54
-52301, 34800, 369, -130, -30, 54
-53101, 34800, 369, -131, -33, 54
-53901, 34800, 369, -133, -35, 54
-54701, 34800, 369, -134, -37, 54
-55501, 34800, 369, -134, -40, 54
-56301, 34800, 369, -134, -43, 53
-57101, 34800, 369, -133, -47, 52
-57901, 34800, 369, -131, -51, 51
-58701, 34800, 369, -127, -55, 50
-59501, 34800, 369, -121, -59, 48
-60301, 34800, 369, -113, -64, 45
-61101, 34800, 369, -104, -68, 43
-61901, 34800, 369, -94, -72, 40
-62701, 34800, 369, -85, -75, 37
-63501, 34800, 369, -76, -77, 34
-64301, 34800, 369, -67, -78, 31
-65101, 34800, 369, -59, -78, 29
-65901, 34800, 369, -53, -77, 26
-66701, 34800, 369, -48, -76, 23
-67501, 34800, 369, -42, -73, 21
-68301, 34800, 369, -38, -71, 19
-69101, 34800, 369, -34, -68, 17
-69901, 34800, 369, -31, -66, 15
-70701, 34800, 369, -27, -63, 13
-71501, 34800, 369, -25, -60, 12
-72000, 34499, 369, -24, -59, 10
-72000, 33699, 369, -24, -60, 8
-71299, 33600, 369, -26, -63, 8
-70499, 33600, 369, -30, -66, 10
-69699, 33600, 369, -33, -70, 11
-68899, 33600, 369, -37, -72, 13
-68099, 33600, 369, -42, -75, 15
-67299, 33600, 369, -46, -79, 17
-66499, 33600, 369, -52, -81, 19
-65699, 33600, 369, -58, -83, 21
-64899, 33600, 369, -65, -84, 24
-64099, 33600, 369, -74, -84, 27
-63299, 33600, 369, -83, -84, 28
-62499, 33600, 369, -94, -81, 32
-61699, 33600, 369, -104, -78, 34
-60899, 33600, 369, -117, -74, 37
-60099, 33600, 369, -127, -69, 39
-59299, 33600, 369, -137, -64, 41
-58499, 33600, 369, -143, -59, 43
-57699, 33600, 369, -147, -54, 44
-56899, 33600, 369, -149, -50, 45
-56099, 33600, 369, -149, -45, 46
-55299, 33600, 369, -149, -42, 46
-54499, 33600, 369, -148, -39, 46
-53699, 33600, 369, -147, -36, 47
-52899, 33600, 369, -145, -34, 46
-52099, 33600, 369, -144, -32, 46
-51299, 33600, 369, -142, -30, 45
-50499, 33600, 369, -141, -28, 46
-49699, 33600, 369, -140, -26, 45
-48899, 33600, 369, -139, -25, 44
-48099, 33600, 369, -138, -23, 44
-47299, 33600, 369, -138, -22, 43
-46499, 33600, 369, -138, -21, 42
-45699, 33600, 369, -136, -20, 42
-44899, 33600, 369, -135, -20, 42
-44099, 33600, 369, -135, -19, 41
-43299, 33600, 369, -134, -19, 41
-42499, 33600, 369, -134, -18, 40
-41699, 33600, 369, -133, -18, 39
-40899, 33600, 369, -132, -17, 39
-40099, 33600, 369, -132, -17, 38
-39299, 33600, 369, -132, -17, 37
-38499, 33600, 369, -132, -16, 37
-37699, 33600, 369, -132, -16, 37
-36899, 33600, 369, -131, -16, 37
-36099, 33600, 369, -131, -16, 36
-35299, 33600, 369, -131, -16, 37
-34499, 33600, 369, -131, -16, 36
-33699, 33600, 369, -131, -16, 35
-32899, 33600, 369, -132, -16, 35
-32099, 33600, 369, -131, -16, 35
-31299, 33600, 369, -131, -16, 35
-30499, 33600, 369, -131, -15, 36
-29699, 33600, 369, -132, -15, 35
-28899, 33600, 369, -132, -15, 35
-28099, 33600, 369, -132, -15, 34
-27299, 33600, 369, -132, -14, 35
-26499, 33600, 369, -133, -14, 35
-25699, 33600, 369, -134, -14, 34
-24899, 33600, 369, -134, -13, 35
-24099, 33600, 369, -133, -13, 35
-23299, 33600, 369, -135, -13, 35
-22499, 33600, 369, -135, -11, 36
-21699, 33600, 369, -136, -11, 35
-20899, 33600, 369, -136, -10, 36
-20099, 33600, 369, -138, -9, 35
-19299, 33600, 369, -139, -8, 36
-18499, 33600, 369, -140, -6, 35
-17699, 33600, 369, -141, -5, 36
-16899, 33600, 369, -141, -3, 36
-16099, 33600, 369, -142, 0, 37
-15299, 33600, 369, -143, 3, 37
-14499, 33600, 369, -144, 6, 37
-13699, 33600, 369, -145, 9, 37
-12899, 33600, 369, -147, 13, 37
-12099, 33600, 369, -148, 19, 37
-11299, 33600, 369, -148, 24, 36
-10499, 33600, 369, -148, 29, 36
-9699, 33600, 369, -147, 35, 34
-8899, 33600, 369, -145, 41, 34
-8099, 33600, 369, -140, 45, 32
-7299, 33600, 369, -133, 49, 30
-6499, 33600, 369, -124, 51, 28
-5699, 33600, 369, -113, 53, 25
-4899, 33600, 369, -102, 53, 23
-4099, 33600, 369, -91, 53, 20
-3299, 33600, 369, -80, 53, 18
-2499, 33600, 369, -71, 51, 15
-1699, 33600, 369, -62, 50, 13
-899, 33600, 369, -55, 49, 11
-99, 33600, 369, -47, 47, 9
0, 32899, 369, -49, 47, 5
-301, 32400, 369, -49, 47, 3
-1101, 32400, 369, -57, 49, 4
-1901, 32400, 369, -64, 50, 6
-2701, 32400, 369, -73, 52, 8
-3501, 32400, 369, -83, 54, 9
-4301, 32400, 369, -95, 54, 11
-5101, 32400, 369, -107, 55, 13
-5901, 32400, 369, -120, 54, 15
-6701, 32400, 369, -131, 53, 16
-7501, 32400, 369, -142, 50, 18
-8301, 32400, 369, -149, 47, 20
-9101, 32400, 369, -154, 42, 21
-9901, 32400, 369, -156, 37, 22
-10701, 32400, 369, -158, 30, 22
-11501, 32400, 369, -158, 24, 23
-12301, 32400, 369, -157, 18, 24
-13101, 32400, 369, -156, 13, 23
-13901, 32400, 369, -155, 9, 23
-14701, 32400, 369, -153, 5, 23
-15501, 32400, 369, -152, 1, 23
-16301, 32400, 369, -150, -1, 24
-17101, 32400, 369, -149, -4, 23
-17901, 32400, 369, -147, -6, 23
-18701, 32400, 369, -147, -7, 22
-19501, 32400, 369, -146, -9, 22
-20301, 32400, 369, -145, -10, 22
-21101, 32400, 369, -144, -11, 22
-21901, 32400, 369, -143, -12, 22
-22701, 32400, 369, -143, -13, 22
-23501, 32400, 369, -142, -13, 21
-24301, 32400, 369, -142, -14, 22
-25101, 32400, 369, -141, -14, 21
-25901, 32400, 369, -140, -15, 20
-26701, 32400, 369, -140, -15, 21
-27501, 32400, 369, -140, -16, 21
-28301, 32400, 369, -139, -16, 21
-29101, 32400, 369, -139, -16, 21
-29901, 32400, 369, -139, -16, 21
-30701, 32400, 369, -138, -16, 21
-31501, 32400, 369, -138, -16, 21
-32301, 32400, 369, -138, -16, 22
-33101, 32400, 369, -138, -16, 21
-33901, 32400, 369, -138, -16, 22
-34701, 32400, 369, -138, -16, 22
-35501, 32400, 369, -138, -15, 22
-36301, 32400, 369, -138, -16, 23
-37101, 32400, 369, -138, -16, 23
-37901, 32400, 369, -137, -16, 24
-38701, 32400, 369, -138, -16, 24
-39501, 32400, 369, -138, -16, 25
-40301, 32400, 369, -139, -16, 25
-41101, 32400, 369, -139, -16, 27
-41901, 32400, 369, -140, -16, 27
-42701, 32400, 369, -141, -17, 28
-43501, 32400, 369, -140, -17, 28
-44301, 32400, 369, -141, -18, 29
-45101, 32400, 369, -142, -18, 29
-45901, 32400, 369, -143, -20, 30
-46701, 32400, 369, -143, -20, 31
-47501, 32400, 369, -144, -21, 32
-48301, 32400, 369, -145, -23, 32
-49101, 32400, 369, -145, -24, 33
-49901, 32400, 369, -146, -26, 34
-50701, 32400, 369, -148, -27, 34
-51501, 32400, 369, -149, -29, 34
-52301, 32400, 369, -150, -31, 35
-53101, 32400, 369, -152, -34, 35
-53901, 32400, 369, -153, -37, 35
-54701, 32400, 369, -155, -39, 35
-55501, 32400, 369, -156, -42, 35
-56301, 32400, 369, -157, -47, 35
-57101, 32400, 369, -156, -51, 35
-57901, 32400, 369, -155, -55, 34
-58701, 32400, 369, -151, -60, 33
-59501, 32400, 369, -145, -66, 32
-60301, 32400, 369, -135, -71, 30
-61101, 32400, 369, -124, -76, 28
-61901, 32400, 369, -113, -81, 26
-62701, 32400, 369, -100, -84, 24
-63501, 32400, 369, -89, -87, 22
-64301, 32400, 369, -79, -88, 20
-65101, 32400, 369, -70, -88, 17
-65901, 32400, 369, -62, -87, 15
-66701, 32400, 369, -55, -84, 13
-67501, 32400, 369, -48, -80, 11
-68301, 32400, 369, -44, -79, 10
-69101, 32400, 369, -39, -75, 9
-69901, 32400, 369, -35, -72, 7
-70701, 32400, 369, -31, -68, 6
-71501, 32400, 369, -28, -65, 5
-72000, 32099, 369, -26, -63, 3
-72000, 31299, 369, -26, -64, 0
-71299, 31200, 369, -29, -66, -1
-70499, 31200, 369, -32, -70, 0
-69699, 31200, 369, -36, -73, 1
-68899, 31200, 369, -40, -77, 2
-68099, 31200, 369, -45, -80, 3
-67299, 31200, 369, -50, -83, 4
-66499, 31200, 369, -56, -87, 5
-65699, 31200, 369, -64, -89, 7
-64899, 31200, 369, -72, -90, 8
-64099, 31200, 369, -81, -90, 9
-63299, 31200, 369, -92, -89, 11
-62499, 31200, 369, -104, -87, 12
-61699, 31200, 369, -115, -83, 14
-60899, 31200, 369, -128, -79, 15
-60099, 31200, 369, -139, -73, 16
-59299, 31200, 369, -149, -67, 17
-58499, 31200, 369, -155, -62, 18
-57699, 31200, 369, -160, -56, 19
-56899, 31200, 369, -161, -52, 19
-56099, 31200, 369, -162, -48, 19
-55299, 31200, 369, -162, -44, 19
-54499, 31200, 369, -160, -40, 20
-53699, 31200, 369, -159, -37, 19
-52899, 31200, 369, -157, -34, 19
-52099, 31200, 369, -156, -32, 19
-51299, 31200, 369, -154, -29, 18
-50499, 31200, 369, -153, -27, 17
-49699, 31200, 369, -151, -25, 17
-48899, 31200, 369, -150, -23, 16
-48099, 31200, 369, -150, -21, 16
-47299, 31200, 369, -148, -20, 15
-46499, 31200, 369, -147, -18, 14
-45699, 31200, 369, -147, -17, 13
-44899, 31200, 369, -145, -16, 13
-44099, 31200, 369, -145, -15, 12
-43299, 31200, 369, -144, -15, 11
-42499, 31200, 369, -143, -15, 10
-41699, 31200, 369, -142, -14, 9
-40899, 31200, 369, -141, -14, 8
-40099, 31200, 369, -141, -14, 7
-39299, 31200, 369, -140, -13, 7
-38499, 31200, 369, -141, -15, 6
-37699, 31200, 369, -140, -15, 5
-36899, 31200, 369, -140, -15, 4
-36099, 31200, 369, -139, -15, 4
-35299, 31200, 369, -139, -16, 3
-34499, 31200, 369, -139, -16, 3
-33699, 31200, 369, -139, -16, 3
-32899, 31200, 369, -140, -16, 3
-32099, 31200, 369, -140, -16, 3
-31299, 31200, 369, -139, -16, 2
-30499, 31200, 369, -140, -16, 2
-29699, 31200, 369, -140, -16, 1
-28899, 31200, 369, -140, -16, 2
-28099, 31200, 369, -141, -16, 1
-27299, 31200, 369, -142, -15, 2
-26499, 31200, 369, -141, -15, 2
-25699, 31200, 369, -142, -15, 2
-24899, 31200, 369, -144, -15, 1
-24099, 31200, 369, -143, -15, 2
-23299, 31200, 369, -144, -14, 2
-22499, 31200, 369, -145, -13, 2
-21699, 31200, 369, -145, -13, 2
-20899, 31200, 369, -146, -12, 2
-20099, 31200, 369, -147, -11, 2
-19299, 31200, 369, -147, -10, 2
-18499, 31200, 369, -149, -8, 2
-17699, 31200, 369, -150, -6, 2
-16899, 31200, 369, -151, -4, 2
-16099, 31200, 369, -152, -2, 2
-15299, 31200, 369, -152, 1, 4
-14499, 31200, 369, -155, 4, 3
-13699, 31200, 369, -156, 8, 3
-12899, 31200, 369, -158, 12, 3
-12099, 31200, 369, -158, 18, 3
-11299, 31200, 369, -159, 23, 3
-10499, 31200, 369, -160, 28, 3
-9699, 31200, 369, -158, 35, 3
-8899, 31200, 369, -156, 40, 2
-8099, 31200, 369, -151, 45, 1
-7299, 31200, 369, -144, 48, 1
-6499, 31200, 369, -134, 51, 0
-5699, 31200, 369, -123, 52, -1
-4899, 31200, 369, -109, 53, -1
-4099, 31200, 369, -97, 53, -2
-3299, 31200, 369, -85, 52, -4
-2499, 31200, 369, -75, 51, -4
-1699, 31200, 369, -66, 50, -5
-899, 31200, 369, -58, 48, -6
-99, 31200, 369, -50, 46, -6
0, 30499, 369, -48, 45, -12
-301, 30000, 369, -47, 44, -15
-1101, 30000, 369, -54, 45, -16
-1901, 30000, 369, -61, 46, -16
-2701, 30000, 369, -69, 48, -17
-3501, 30000, 369, -78, 50, -16
-4301, 30000, 369, -89, 50, -17
-5101, 30000, 369, -101, 50, -18
-5901, 30000, 369, -111, 50, -17
-6701, 30000, 369, -122, 48, -18
-7501, 30000, 369, -132, 46, -18
-8301, 30000, 369, -139, 43, -18
-9101, 30000, 369, -144, 39, -18
-9901, 30000, 369, -148, 34, -18
-10701, 30000, 369, -148, 29, -18
-11501, 30000, 369, -150, 23, -19
-12301, 30000, 369, -149, 18, -19
-13101, 30000, 369, -149, 13, -19
-13901, 30000, 369, -148, 9, -19
-14701, 30000, 369, -146, 5, -19
-15501, 30000, 369, -145, 3, -20
-16301, 30000, 369, -144, 0, -19
-17101, 30000, 369, -143, -3, -19
-17901, 30000, 369, -142, -5, -20
-18701, 30000, 369, -141, -7, -19
-19501, 30000, 369, -140, -7, -19
-20301, 30000, 369, -140, -9, -19
-21101, 30000, 369, -140, -10, -20
-21901, 30000, 369, -138, -11, -20
-22701, 30000, 369, -137, -11, -20
-23501, 30000, 369, -137, -12, -20
-24301, 30000, 369, -136, -13, -20
-25101, 30000, 369, -136, -13, -20
-25901, 30000, 369, -135, -13, -20
-26701, 30000, 369, -135, -14, -20
-27501, 30000, 369, -134, -14, -20
-28301, 30000, 369, -133, -14, -20
-29101, 30000, 369, -133, -13, -20
-29901, 30000, 369, -133, -14, -19
-30701, 30000, 369, -133, -14, -19
-31501, 30000, 369, -133, -14, -19
-32301, 30000, 369, -132, -15, -18
-33101, 30000, 369, -132, -14, -19
-33901, 30000, 369, -132, -14, -18
-34701, 30000, 369, -132, -14, -18
-35501, 30000, 369, -132, -13, -17
-36301, 30000, 369, -133, -13, -16
-37101, 30000, 369, -133, -12, -16
-37901, 30000, 369, -133, -12, -15
-38701, 30000, 369, -134, -11, -14
-39501, 30000, 369, -135, -11, -13
-40301, 30000, 369, -136, -11, -11
-41101, 30000, 369, -136, -10, -11
-41901, 30000, 369, -140, -10, -10
-42701, 30000, 369, -142, -10, -8
-43501, 30000, 369, -143, -10, -6
-44301, 30000, 369, -146, -10, -5
-45101, 30000, 369, -149, -12, -4
-45901, 30000, 369, -150, -13, -4
-46701, 30000, 369, -151, -14, -3
-47501, 30000, 369, -153, -16, -1
-48301, 30000, 369, -154, -17, 0
-49101, 30000, 369, -155, -20, 1
-49901, 30000, 369, -157, -23, 1
-50701, 30000, 369, -158, -25, 2
-51501, 30000, 369, -159, -28, 2
-52301, 30000, 369, -161, -30, 3
-53101, 30000, 369, -162, -32, 3
-53901, 30000, 369, -164, -36, 4
-54701, 30000, 369, -164, -39, 4
-55501, 30000, 369, -166, -43, 4
-56301, 30000, 369, -166, -47, 4
-57101, 30000, 369, -166, -52, 4
-57901, 30000, 369, -163, -56, 4
-58701, 30000, 369, -159, -62, 4
-59501, 30000, 369, -152, -67, 3
-60301, 30000, 369, -142, -73, 2
-61101, 30000, 369, -130, -78, 2
-61901, 30000, 369, -117, -83, 1
-62701, 30000, 369, -104, -87, 0
-63501, 30000, 369, -92, -90, -1
-64301, 30000, 369, -82, -90, -1
-65101, 30000, 369, -73, -90, -2
-65901, 30000, 369, -64, -88, -3
-66701, 30000, 369, -56, -86, -3
-67501, 30000, 369, -50, -83, -4
-68301, 30000, 369, -44, -80, -4
-69101, 30000, 369, -40, -76, -5
-69901, 30000, 369, -36, -73, -5
-70701, 30000, 369, -32, -69, -6
-71501, 30000, 369, -27, -65, -6
-72000, 29699, 369, -27, -63, -8
-72000, 28899, 369, -27, -61, -12
-71299, 28800, 369, -28, -63, -13
-70499, 28800, 369, -30, -67, -13
-69699, 28800, 369, -35, -70, -14
-68899, 28800, 369, -39, -74, -14
-68099, 28800, 369, -44, -77, -14
-67299, 28800, 369, -49, -81, -14
-66499, 28800, 369, -55, -83, -14
-65699, 28800, 369, -63, -86, -14
-64899, 28800, 369, -70, -87, -14
-64099, 28800, 369, -80, -88, -14
-63299, 28800, 369, -90, -87, -14
-62499, 28800, 369, -103, -85, -14
-61699, 28800, 369, -115, -82, -14
-60899, 28800, 369, -129, -77, -14
-60099, 28800, 369, -141, -72, -14
-59299, 28800, 369, -152, -66, -13
-58499, 28800, 369, -159, -61, -14
-57699, 28800, 369, -165, -56, -14
-56899, 28800, 369, -167, -51, -14
-56099, 28800, 369, -168, -47, -14
-55299, 28800, 369, -169, -43, -14
-54499, 28800, 369, -168, -39, -14
-53699, 28800, 369, -167, -35, -15
-52899, 28800, 369, -166, -32, -15
-52099, 28800, 369, -166, -29, -16
-51299, 28800, 369, -164, -26, -16
-50499, 28800, 369, -163, -23, -17
-49699, 28800, 369, -161, -20, -18
-48899, 28800, 369, -160, -17, -18
-48099, 28800, 369, -158, -13, -19
-47299, 28800, 369, -155, -11, -20
-46499, 28800, 369, -154, -9, -22
-45699, 28800, 369, -151, -7, -23
-44899, 28800, 369, -148, -6, -24
-44099, 28800, 369, -144, -4, -26
-43299, 28800, 369, -139, -4, -27
-42499, 28800, 369, -135, -3, -29
-41699, 28800, 369, -130, -4, -31
-40899, 28800, 369, -126, -4, -33
-40099, 28800, 369, -122, -5, -34
-39299, 28800, 369, -119, -6, -36
-38499, 28800, 369, -117, -7, -37
-37699, 28800, 369, -115, -8, -38
-36899, 28800, 369, -115, -8, -39
-36099, 28800, 369, -114, -8, -39
-35299, 28800, 369, -114, -8, -41
-34499, 28800, 369, -113, -10, -41
-33699, 28800, 369, -112, -10, -42
-32899, 28800, 369, -113, -10, -42
-32099, 28800, 369, -113, -11, -43
-31299, 28800, 369, -112, -11, -43
-30499, 28800, 369, -112, -11, -43
-29699, 28800, 369, -113, -11, -44
-28899, 28800, 369, -113, -11, -44
-28099, 28800, 369, -113, -11, -44
-27299, 28800, 369, -113, -11, -44
-26499, 28800, 369, -113, -11, -44
-25699, 28800, 369, -114, -10, -44
-24899, 28800, 369, -114, -10, -44
-24099, 28800, 369, -115, -10, -45
-23299, 28800, 369, -115, -9, -44
-22499, 28800, 369, -116, -8, -45
-21699, 28800, 369, -116, -8, -44
-20899, 28800, 369, -117, -7, -45
-20099, 28800, 369, -117, -6, -45
-19299, 28800, 369, -118, -5, -45
-18499, 28800, 369, -118, -4, -44
-17699, 28800, 369, -120, -2, -45
-16899, 28800, 369, -120, 0, -44
-16099, 28800, 369, -121, 2, -45
-15299, 28800, 369, -122, 4, -45
-14499, 28800, 369, -123, 7, -44
-13699, 28800, 369, -123, 11, -44
-12899, 28800, 369, -123, 14, -44
-12099, 28800, 369, -124, 18, -44
-11299, 28800, 369, -123, 22, -44
-10499, 28800, 369, -122, 26, -43
-9699, 28800, 369, -121, 30, -43
-8899, 28800, 369, -117, 34, -42
-8099, 28800, 369, -113, 37, -41
-7299, 28800, 369, -108, 40, -40
-6499, 28800, 369, -101, 42, -38
-5699, 28800, 369, -93, 43, -37
-4899, 28800, 369, -84, 44, -35
-4099, 28800, 369, -76, 44, -34
-3299, 28800, 369, -68, 44, -32
-2499, 28800, 369, -60, 43, -30
-1699, 28800, 369, -53, 42, -28
-899, 28800, 369, -49, 41, -28
-99, 28800, 369, -43, 40, -26
0, 28099, 369, -37, 38, -30
-301, 27600, 369, -35, 34, -35
-1101, 27600, 369, -39, 36, -37
-1901, 27600, 369, -42, 36, -39
-2701, 27600, 369, -48, 37, -42
-3501, 27600, 369, -53, 37, -45
-4301, 27600, 369, -57, 37, -47
-5101, 27600, 369, -63, 37, -50
-5901, 27600, 369, -68, 37, -53
-6701, 27600, 369, -73, 36, -55
-7501, 27600, 369, -77, 34, -57
-8301, 27600, 369, -81, 32, -60
-9101, 27600, 369, -84, 29, -62
-9901, 27600, 369, -86, 28, -63
-10701, 27600, 369, -89, 24, -64
-11501, 27600, 369, -90, 21, -65
-12301, 27600, 369, -90, 18, -66
-13101, 27600, 369, -91, 14, -66
-13901, 27600, 369, -91, 12, -66
-14701, 27600, 369, -91, 9, -67
-15501, 27600, 369, -91, 7, -67
-16301, 27600, 369, -91, 5, -67
-17101, 27600, 369, -90, 3, -68
-17901, 27600, 369, -90, 2, -67
-18701, 27600, 369, -89, 0, -67
-19501, 27600, 369, -89, -1, -67
-20301, 27600, 369, -89, -2, -67
-21101, 27600, 369, -88, -3, -67
-21901, 27600, 369, -88, -4, -67
-22701, 27600, 369, -88, -5, -67
-23501, 27600, 369, -88, -5, -67
-24301, 27600, 369, -87, -6, -67
-25101, 27600, 369, -87, -6, -67
-25901, 27600, 369, -87, -6, -67
-26701, 27600, 369, -87, -7, -66
-27501, 27600, 369, -87, -7, -66
-28301, 27600, 369, -86, -7, -66
-29101, 27600, 369, -86, -7, -66
-29901, 27600, 369, -86, -7, -65
-30701, 27600, 369, -86, -7, -65
-31501, 27600, 369, -86, -7, -65
-32301, 27600, 369, -87, -6, -65
-33101, 27600, 369, -87, -6, -64
-33901, 27600, 369, -87, -5, -64
-34701, 27600, 369, -88, -4, -63
-35501, 27600, 369, -88, -4, -63
-36301, 27600, 369, -89, -4, -62
-37101, 27600, 369, -91, -3, -61
-37901, 27600, 369, -92, -2, -60
-38701, 27600, 369, -95, -1, -59
-39501, 27600, 369, -99, 0, -58
-40301, 27600, 369, -103, 1, -56
-41101, 27600, 369, -108, 2, -54
-41901, 27600, 369, -114, 2, -53
-42701, 27600, 369, -121, 2, -50
-43501, 27600, 369, -128, 3, -49
-44301, 27600, 369, -134, 2, -48
-45101, 27600, 369, -140, 1, -46
-45901, 27600, 369, -144, -1, -44
-46701, 27600, 369, -148, -4, -43
-47501, 27600, 369, -151, -6, -42
-48301, 27600, 369, -153, -10, -40
-49101, 27600, 369, -155, -13, -40
-49901, 27600, 369, -156, -16, -39
-50701, 27600, 369, -157, -19, -38
-51501, 27600, 369, -157, -22, -38
-52301, 27600, 369, -157, -26, -37
-53101, 27600, 369, -159, -29, -37
-53901, 27600, 369, -159, -33, -36
-54701, 27600, 369, -160, -36, -36
-55501, 27600, 369, -160, -39, -35
-56301, 27600, 369, -159, -43, -35
-57101, 27600, 369, -158, -47, -34
-57901, 27600, 369, -155, -52, -33
-58701, 27600, 369, -151, -56, -33
-59501, 27600, 369, -143, -62, -32
-60301, 27600, 369, -133, -67, -32
-61101, 27600, 369, -121, -71, -31
-61901, 27600, 369, -108, -75, -30
-62701, 27600, 369, -96, -79, -29
-63501, 27600, 369, -85, -81, -29
-64301, 27600, 369, -75, -82, -28
-65101, 27600, 369, -66, -81, -27
-65901, 27600, 369, -59, -80, -26
-66701, 27600, 369, -52, -77, -25
-67501, 27600, 369, -46, -75, -24
-68301, 27600, 369, -41, -71, -23
-69101, 27600, 369, -37, -68, -22
-69901, 27600, 369, -33, -65, -22
-70701, 27600, 369, -30, -62, -21
-71501, 27600, 369, -26, -58, -19
-72000, 27299, 369, -24, -55, -21
-72000, 26499, 369, -23, -51, -26
-71299, 26400, 369, -24, -52, -27
-70499, 26400, 369, -27, -55, -29
-69699, 26400, 369, -30, -56, -30
-68899, 26400, 369, -33, -60, -32
-68099, 26400, 369, -37, -63, -33
-67299, 26400, 369, -41, -66, -33
-66499, 26400, 369, -47, -67, -36
-65699, 26400, 369, -52, -70, -38
-64899, 26400, 369, -58, -70, -40
-64099, 26400, 369, -66, -71, -42
-63299, 26400, 369, -74, -70, -44
-62499, 26400, 369, -84, -68, -45
-61699, 26400, 369, -94, -66, -47
-60899, 26400, 369, -105, -62, -49
-60099, 26400, 369, -115, -58, -51
-59299, 26400, 369, -124, -53, -52
-58499, 26400, 369, -130, -50, -54
-57699, 26400, 369, -135, -45, -55
-56899, 26400, 369, -136, -41, -56
-56099, 26400, 369, -138, -37, -58
-55299, 26400, 369, -138, -34, -59
-54499, 26400, 369, -138, -31, -59
-53699, 26400, 369, -138, -28, -60
-52899, 26400, 369, -137, -26, -61
-52099, 26400, 369, -137, -22, -62
-51299, 26400, 369, -136, -19, -62
-50499, 26400, 369, -136, -16, -63
-49699, 26400, 369, -136, -13, -63
-48899, 26400, 369, -135, -10, -64
-48099, 26400, 369, -133, -6, -65
-47299, 26400, 369, -132, -3, -65
-46499, 26400, 369, -128, -1, -65
-45699, 26400, 369, -125, 2, -66
-44899, 26400, 369, -121, 4, -68
-44099, 26400, 369, -116, 5, -68
-43299, 26400, 369, -109, 6, -69
-42499, 26400, 369, -103, 6, -71
-41699, 26400, 369, -96, 6, -72
-40899, 26400, 369, -90, 5, -73
-40099, 26400, 369, -84, 4, -73
-39299, 26400, 369, -80, 3, -74
-38499, 26400, 369, -76, 2, -75
-37699, 26400, 369, -73, 2, -76
-36899, 26400, 369, -72, 0, -76
-36099, 26400, 369, -70, -1, -77
-35299, 26400, 369, -68, -1, -78
-34499, 26400, 369, -68, -2, -78
-33699, 26400, 369, -67, -2, -78
-32899, 26400, 369, -66, -2, -79
-32099, 26400, 369, -66, -3, -79
-31299, 26400, 369, -66, -3, -79
-30499, 26400, 369, -65, -3, -80
-29699, 26400, 369, -65, -4, -80
-28899, 26400, 369, -65, -4, -81
-28099, 26400, 369, -65, -4, -80
-27299, 26400, 369, -66, -3, -80
-26499, 26400, 369, -65, -4, -80
-25699, 26400, 369, -65, -3, -81
-24899, 26400, 369, -65, -3, -80
-24099, 26400, 369, -65, -3, -81
-23299, 26400, 369, -65, -2, -81
-22499, 26400, 369, -65, -1, -81
-21699, 26400, 369, -66, -1, -81
-20899, 26400, 369, -66, 0, -80
-20099, 26400, 369, -66, 0, -81
-19299, 26400, 369, -66, 1, -81
-18499, 26400, 369, -66, 2, -81
-17699, 26400, 369, -66, 3, -81
-16899, 26400, 369, -65, 5, -80
-16099, 26400, 369, -66, 7, -80
-15299, 26400, 369, -65, 9, -80
-14499, 26400, 369, -64, 10, -79
-13699, 26400, 369, -65, 12, -79
-12899, 26400, 369, -65, 14, -79
-12099, 26400, 369, -64, 16, -78
-11299, 26400, 369, -64, 18, -76
-10499, 26400, 369, -62, 20, -76
-9699, 26400, 369, -61, 22, -74
-8899, 26400, 369, -59, 24, -72
-8099, 26400, 369, -57, 26, -70
-7299, 26400, 369, -55, 27, -68
-6499, 26400, 369, -52, 28, -65
-5699, 26400, 369, -50, 29, -63
-4899, 26400, 369, -46, 30, -60
-4099, 26400, 369, -43, 30, -57
-3299, 26400, 369, -40, 30, -54
-2499, 26400, 369, -36, 31, -51
-1699, 26400, 369, -33, 29, -48
-899, 26400, 369, -31, 30, -46
-99, 26400, 369, -28, 29, -43
0, 25699, 369, -24, 25, -45
-301, 25200, 369, -21, 23, -47
-1101, 25200, 369, -23, 23, -50
-1901, 25200, 369, -24, 23, -52
-2701, 25200, 369, -26, 24, -55
-3501, 25200, 369, -29, 23, -57
-4301, 25200, 369, -31, 24, -60
-5101, 25200, 369, -32, 23, -63
-5901, 25200, 369, -34, 23, -66
-6701, 25200, 369, -37, 22, -69
-7501, 25200, 369, -38, 21, -71
-8301, 25200, 369, -39, 21, -73
-9101, 25200, 369, -41, 19, -76
-9901, 25200, 369, -41, 18, -78
-10701, 25200, 369, -44, 17, -79
-11501, 25200, 369, -44, 16, -80
-12301, 25200, 369, -45, 14, -81
-13101, 25200, 369, -45, 12, -83
-13901, 25200, 369, -46, 11, -84
-14701, 25200, 369, -47, 10, -84
-15501, 25200, 369, -48, 9, -85
-16301, 25200, 369, -47, 8, -85
-17101, 25200, 369, -46, 6, -86
-17901, 25200, 369, -47, 5, -86
-18701, 25200, 369, -47, 4, -87
-19501, 25200, 369, -48, 3, -87
-20301, 25200, 369, -47, 3, -86
-21101, 25200, 369, -48, 2, -87
-21901, 25200, 369, -48, 1, -87
-22701, 25200, 369, -48, 1, -88
-23501, 25200, 369, -47, 0, -87
-24301, 25200, 369, -48, 0, -87
-25101, 25200, 369, -47, -1, -87
-25901, 25200, 369, -48, 0, -87
-26701, 25200, 369, -47, -1, -87
-27501, 25200, 369, -48, -1, -87
-28301, 25200, 369, -47, 0, -87
-29101, 25200, 369, -47, -1, -86
-29901, 25200, 369, -48, 0, -87
-30701, 25200, 369, -49, -1, -87
-31501, 25200, 369, -49, 0, -86
-32301, 25200, 369, -49, 0, -87
-33101, 25200, 369, -49, 1, -87
-33901, 25200, 369, -50, 0, -87
-34701, 25200, 369, -51, 1, -86
-35501, 25200, 369, -51, 2, -86
-36301, 25200, 369, -53, 3, -86
-37101, 25200, 369, -54, 3, -86
-37901, 25200, 369, -57, 4, -86
-38701, 25200, 369, -59, 5, -86
-39501, 25200, 369, -62, 6, -86
-40301, 25200, 369, -66, 6, -85
-41101, 25200, 369, -70, 7, -86
-41901, 25200, 369, -75, 7, -86
-42701, 25200, 369, -81, 7, -86
-43501, 25200, 369, -86, 7, -86
-44301, 25200, 369, -91, 6, -85
-45101, 25200, 369, -95, 5, -86
-45901, 25200, 369, -98, 4, -86
-46701, 25200, 369, -100, 2, -86
-47501, 25200, 369, -101, -1, -86
-48301, 25200, 369, -102, -4, -86
-49101, 25200, 369, -104, -6, -85
-49901, 25200, 369, -105, -9, -85
-50701, 25200, 369, -105, -11, -85
-51501, 25200, 369, -106, -14, -84
-52301, 25200, 369, -106, -16, -83
-53101, 25200, 369, -107, -19, -83
-53901, 25200, 369, -108, -21, -81
-54701, 25200, 369, -108, -23, -80
-55501, 25200, 369, -108, -26, -79
-56301, 25200, 369, -108, -29, -78
-57101, 25200, 369, -108, -31, -76
-57901, 25200, 369, -106, -35, -74
-58701, 25200, 369, -103, -39, -72
-59501, 25200, 369, -99, -42, -69
-60301, 25200, 369, -91, -46, -67
-61101, 25200, 369, -84, -50, -64
-61901, 25200, 369, -76, -53, -61
-62701, 25200, 369, -68, -55, -59
-63501, 25200, 369, -61, -57, -56
-64301, 25200, 369, -54, -58, -53
-65101, 25200, 369, -49, -58, -51
-65901, 25200, 369, -43, -57, -48
-66701, 25200, 369, -39, -56, -46
-67501, 25200, 369, -35, -54, -43
-68301, 25200, 369, -31, -52, -41
-69101, 25200, 369, -28, -50, -39
-69901, 25200, 369, -25, -49, -37
-70701, 25200, 369, -23, -46, -36
-71501, 25200, 369, -19, -44, -33
-72000, 24899, 369, -19, -41, -34
-72000, 24099, 369, -17, -35, -37
-71299, 24000, 369, -17, -35, -39
-70499, 24000, 369, -19, -37, -41
-69699, 24000, 369, -21, -38, -43
-68899, 24000, 369, -23, -39, -46
-68099, 24000, 369, -25, -41, -48
-67299, 24000, 369, -28, -42, -51
-66499, 24000, 369, -31, -43, -53
-65699, 24000, 369, -35, -44, -56
-64899, 24000, 369, -38, -44, -59
-64099, 24000, 369, -42, -43, -63
-63299, 24000, 369, -46, -42, -66
-62499, 24000, 369, -51, -42, -69
-61699, 24000, 369, -56, -39, -71
-60899, 24000, 369, -61, -36, -76
-60099, 24000, 369, -67, -33, -79
-59299, 24000, 369, -71, -30, -82
-58499, 24000, 369, -74, -28, -85
-57699, 24000, 369, -75, -24, -88
-56899, 24000, 369, -75, -22, -90
-56099, 24000, 369, -75, -20, -92
-55299, 24000, 369, -73, -18, -94
-54499, 24000, 369, -74, -16, -96
-53699, 24000, 369, -73, -14, -97
-52899, 24000, 369, -73, -12, -98
-52099, 24000, 369, -71, -11, -99
-51299, 24000, 369, -71, -9, -99
-50499, 24000, 369, -70, -7, -100
-49699, 24000, 369, -70, -5, -101
-48899, 24000, 369, -70, -4, -101
-48099, 24000, 369, -69, -2, -101
-47299, 24000, 369, -67, -1, -100
-46499, 24000, 369, -68, 2, -100
-45699, 24000, 369, -67, 3, -100
-44899, 24000, 369, -64, 5, -98
-44099, 24000, 369, -64, 5, -99
-43299, 24000, 369, -60, 6, -97
-42499, 24000, 369, -58, 6, -97
-41699, 24000, 369, -54, 7, -96
-40899, 24000, 369, -51, 6, -95
-40099, 24000, 369, -48, 6, -95
-39299, 24000, 369, -46, 6, -94
-38499, 24000, 369, -43, 5, -93
-37699, 24000, 369, -42, 4, -93
-36899, 24000, 369, -40, 4, -92
-36099, 24000, 369, -39, 3, -92
-35299, 24000, 369, -38, 3, -92
-34499, 24000, 369, -38, 2, -92
-33699, 24000, 369, -37, 2, -91
-32899, 24000, 369, -36, 2, -91
-32099, 24000, 369, -36, 1, -91
-31299, 24000, 369, -35, 1, -91
-30499, 24000, 369, -35, 1, -91
-29699, 24000, 369, -35, 1, -91
-28899, 24000, 369, -35, 1, -90
-28099, 24000, 369, -35, 1, -91
-27299, 24000, 369, -34, 0, -90
-26499, 24000, 369, -34, 1, -91
-25699, 24000, 369, -34, 1, -90
-24899, 24000, 369, -34, 1, -90
-24099, 24000, 369, -34, 1, -90
-23299, 24000, 369, -34, 1, -90
-22499, 24000, 369, -34, 2, -89
-21699, 24000, 369, -34, 2, -89
-20899, 24000, 369, -34, 2, -89
-20099, 24000, 369, -34, 3, -89
-19299, 24000, 369, -33, 4, -89
-18499, 24000, 369, -33, 4, -88
-17699, 24000, 369, -33, 5, -87
-16899, 24000, 369, -31, 5, -86
-16099, 24000, 369, -33, 7, -87
-15299, 24000, 369, -33, 7, -86
-14499, 24000, 369, -32, 8, -85
-13699, 24000, 369, -32, 9, -84
-12899, 24000, 369, -32, 10, -83
-12099, 24000, 369, -31, 11, -82
-11299, 24000, 369, -30, 12, -81
-10499, 24000, 369, -30, 13, -80
-9699, 24000, 369, -29, 14, -77
-8899, 24000, 369, -28, 15, -76
-8099, 24000, 369, -28, 15, -74
-7299, 24000, 369, -26, 16, -73
-6499, 24000, 369, -25, 16, -69
-5699, 24000, 369, -24, 16, -67
-4899, 24000, 369, -21, 17, -64
-4099, 24000, 369, -21, 17, -62
-3299, 24000, 369, -20, 17, -59
-2499, 24000, 369, -19, 18, -58
-1699, 24000, 369, -17, 18, -55
-899, 24000, 369, -17, 18, -53
-99, 24000, 369, -15, 17, -50
0, 23299, 369, -11, 15, -51
-301, 22800, 369, -9, 12, -51
-1101, 22800, 369, -10, 13, -53
-1901, 22800, 369, -11, 12, -55
-2701, 22800, 369, -12, 12, -58
-3501, 22800, 369, -12, 12, -60
-4301, 22800, 369, -13, 12, -62
-5101, 22800, 369, -14, 12, -65
-5901, 22800, 369, -15, 12, -67
-6701, 22800, 369, -16, 12, -69
-7501, 22800, 369, -16, 11, -71
-8301, 22800, 369, -17, 11, -73
-9101, 22800, 369, -18, 11, -74
-9901, 22800, 369, -18, 10, -77
-10701, 22800, 369, -19, 9, -77
-11501, 22800, 369, -19, 9, -79
-12301, 22800, 369, -20, 9, -81
-13101, 22800, 369, -20, 7, -82
-13901, 22800, 369, -20, 7, -83
-14701, 22800, 369, -21, 6, -84
-15501, 22800, 369, -21, 6, -85
-16301, 22800, 369, -21, 5, -86
-17101, 22800, 369, -21, 5, -87
-17901, 22800, 369, -22, 4, -87
-18701, 22800, 369, -22, 4, -88
-19501, 22800, 369, -22, 4, -88
-20301, 22800, 369, -22, 3, -89
-21101, 22800, 369, -22, 3, -89
-21901, 22800, 369, -22, 2, -89
-22701, 22800, 369, -23, 3, -89
-23501, 22800, 369, -23, 2, -90
-24301, 22800, 369, -23, 2, -90
-25101, 22800, 369, -23, 2, -91
-25901, 22800, 369, -24, 2, -92
-26701, 22800, 369, -22, 2, -91
-27501, 22800, 369, -23, 2, -91
-28301, 22800, 369, -23, 1, -92
-29101, 22800, 369, -23, 2, -92
-29901, 22800, 369, -23, 2, -92
-30701, 22800, 369, -24, 2, -92
-31501, 22800, 369, -23, 3, -93
-32301, 22800, 369, -25, 2, -93
-33101, 22800, 369, -25, 3, -93
-33901, 22800, 369, -25, 3, -94
-34701, 22800, 369, -26, 4, -94
-35501, 22800, 369, -26, 4, -94
-36301, 22800, 369, -27, 5, -95
-37101, 22800, 369, -27, 5, -95
-37901, 22800, 369, -28, 6, -96
-38701, 22800, 369, -29, 5, -97
-39501, 22800, 369, -30, 5, -98
-40301, 22800, 369, -32, 6, -99
-41101, 22800, 369, -33, 6, -100
-41901, 22800, 369, -34, 6, -102
-42701, 22800, 369, -36, 6, -102
-43501, 22800, 369, -37, 6, -104
-44301, 22800, 369, -38, 5, -104
-45101, 22800, 369, -38, 4, -106
-45901, 22800, 369, -38, 3, -106
-46701, 22800, 369, -38, 3, -108
-47501, 22800, 369, -39, 1, -108
-48301, 22800, 369, -38, 0, -108
-49101, 22800, 369, -38, 0, -108
-49901, 22800, 369, -38, -2, -108
-50701, 22800, 369, -39, -3, -108
-51501, 22800, 369, -39, -4, -108
-52301, 22800, 369, -40, -5, -106
-53101, 22800, 369, -40, -6, -105
-53901, 22800, 369, -42, -7, -104
-54701, 22800, 369, -43, -8, -102
-55501, 22800, 369, -44, -9, -101
-56301, 22800, 369, -45, -11, -99
-57101, 22800, 369, -45, -12, -97
-57901, 22800, 369, -46, -14, -94
-58701, 22800, 369, -46, -16, -92
-59501, 22800, 369, -45, -19, -89
-60301, 22800, 369, -43, -20, -85
-61101, 22800, 369, -41, -23, -82
-61901, 22800, 369, -38, -25, -78
-62701, 22800, 369, -36, -27, -74
-63501, 22800, 369, -33, -29, -71
-64301, 22800, 369, -30, -30, -68
-65101, 22800, 369, -28, -31, -64
-65901, 22800, 369, -26, -31, -61
-66701, 22800, 369, -24, -31, -58
-67501, 22800, 369, -21, -31, -55
-68301, 22800, 369, -20, -31, -52
-69101, 22800, 369, -19, -29, -50
-69901, 22800, 369, -16, -29, -47
-70701, 22800, 369, -15, -28, -45
-71501, 22800, 369, -14, -27, -43
-72000, 22499, 369, -11, -24, -42
-72000, 21699, 369, -9, -19, -44
-71299, 21600, 369, -10, -19, -46
-70499, 21600, 369, -11, -19, -49
-69699, 21600, 369, -12, -20, -51
-68899, 21600, 369, -14, -20, -53
-68099, 21600, 369, -15, -21, -56
-67299, 21600, 369, -16, -21, -58
-66499, 21600, 369, -18, -20, -61
-65699, 21600, 369, -19, -21, -64
-64899, 21600, 369, -21, -20, -67
-64099, 21600, 369, -23, -19, -70
-63299, 21600, 369, -24, -18, -73
-62499, 21600, 369, -26, -17, -77
-61699, 21600, 369, -26, -15, -80
-60899, 21600, 369, -27, -13, -83
-60099, 21600, 369, -28, -12, -86
-59299, 21600, 369, -29, -10, -90
-58499, 21600, 369, -28, -8, -92
-57699, 21600, 369, -28, -7, -95
-56899, 21600, 369, -27, -5, -97
-56099, 21600, 369, -26, -4, -99
-55299, 21600, 369, -24, -3, -101
-54499, 21600, 369, -23, -3, -103
-53699, 21600, 369, -22, -2, -104
-52899, 21600, 369, -21, -1, -105
-52099, 21600, 369, -20, -1, -106
-51299, 21600, 369, -20, 0, -107
-50499, 21600, 369, -19, 0, -108
-49699, 21600, 369, -18, 1, -108
-48899, 21600, 369, -18, 1, -108
-48099, 21600, 369, -18, 3, -108
-47299, 21600, 369, -18, 3, -108
-46499, 21600, 369, -19, 3, -108
-45699, 21600, 369, -19, 4, -107
-44899, 21600, 369, -20, 4, -107
-44099, 21600, 369, -20, 5, -106
-43299, 21600, 369, -20, 5, -105
-42499, 21600, 369, -20, 5, -104
-41699, 21600, 369, -21, 6, -103
-40899, 21600, 369, -20, 5, -102
-40099, 21600, 369, -19, 6, -100
-39299, 21600, 369, -19, 5, -99
-38499, 21600, 369, -18, 5, -99
-37699, 21600, 369, -18, 5, -98
-36899, 21600, 369, -18, 5, -98
-36099, 21600, 369, -17, 5, -96
-35299, 21600, 369, -17, 4, -96
-34499, 21600, 369, -16, 4, -96
-33699, 21600, 369, -16, 4, -95
-32899, 21600, 369, -16, 4, -95
-32099, 21600, 369, -15, 3, -94
-31299, 21600, 369, -15, 3, -94
-30499, 21600, 369, -15, 3, -94
-29699, 21600, 369, -15, 3, -94
-28899, 21600, 369, -15, 2, -93
-28099, 21600, 369, -13, 2, -92
-27299, 21600, 369, -14, 3, -92
-26499, 21600, 369, -13, 2, -92
-25699, 21600, 369, -14, 2, -92
-24899, 21600, 369, -13, 3, -91
-24099, 21600, 369, -13, 2, -91
-23299, 21600, 369, -13, 2, -89
-22499, 21600, 369, -13, 2, -90
-21699, 21600, 369, -13, 2, -90
-20899, 21600, 369, -13, 2, -89
-20099, 21600, 369, -13, 2, -88
-19299, 21600, 369, -12, 3, -88
-18499, 21600, 369, -12, 3, -88
-17699, 21600, 369, -12, 4, -87
-16899, 21600, 369, -12, 3, -86
-16099, 21600, 369, -12, 3, -85
-15299, 21600, 369, -12, 3, -84
-14499, 21600, 369, -12, 4, -83
-13699, 21600, 369, -11, 4, -82
-12899, 21600, 369, -12, 4, -82
-12099, 21600, 369, -11, 5, -80
-11299, 21600, 369, -11, 6, -78
-10499, 21600, 369, -11, 5, -77
-9699, 21600, 369, -11, 5, -75
-8899, 21600, 369, -10, 6, -73
-8099, 21600, 369, -9, 6, -72
-7299, 21600, 369, -9, 6, -71
-6499, 21600, 369, -8, 6, -68
-5699, 21600, 369, -8, 7, -65
-4899, 21600, 369, -7, 7, -65
-4099, 21600, 369, -7, 8, -62
-3299, 21600, 369, -6, 7, -61
-2499, 21600, 369, -6, 7, -59
-1699, 21600, 369, -6, 7, -56
-899, 21600, 369, -5, 7, -54
-99, 21600, 369, -3, 7, -51
0, 20899, 369, -2, 5, -52
-301, 20400, 369, 1, 3, -51
-1101, 20400, 369, 0, 3, -54
-1901, 20400, 369, 0, 3, -56
-2701, 20400, 369, 0, 3, -58
-3501, 20400, 369, 0, 2, -60
-4301, 20400, 369, 0, 3, -61
-5101, 20400, 369, -1, 2, -64
-5901, 20400, 369, 0, 3, -66
-6701, 20400, 369, -1, 2, -68
-7501, 20400, 369, -1, 3, -69
-8301, 20400, 369, -2, 3, -71
-9101, 20400, 369, -2, 2, -72
-9901, 20400, 369, -2, 2, -74
-10701, 20400, 369, -2, 2, -75
-11501, 20400, 369, -2, 2, -77
-12301, 20400, 369, -3, 2, -78
-13101, 20400, 369, -3, 2, -80
-13901, 20400, 369, -2, 2, -81
-14701, 20400, 369, -3, 2, -83
-15501, 20400, 369, -3, 2, -83
-16301, 20400, 369, -3, 1, -84
-17101, 20400, 369, -3, 2, -85
-17901, 20400, 369, -4, 2, -86
-18701, 20400, 369, -3, 2, -86
-19501, 20400, 369, -3, 2, -87
-20301, 20400, 369, -4, 2, -88
-21101, 20400, 369, -4, 2, -88
-21901, 20400, 369, -4, 3, -89
-22701, 20400, 369, -3, 2, -89
-23501, 20400, 369, -4, 2, -90
-24301, 20400, 369, -4, 2, -91
-25101, 20400, 369, -4, 2, -91
-25901, 20400, 369, -4, 2, -92
-26701, 20400, 369, -4, 3, -92
-27501, 20400, 369, -5, 3, -92
-28301, 20400, 369, -6, 3, -93
-29101, 20400, 369, -5, 3, -93
-29901, 20400, 369, -5, 4, -94
-30701, 20400, 369, -5, 4, -94
-31501, 20400, 369, -5, 4, -94
-32301, 20400, 369, -6, 4, -95
-33101, 20400, 369, -6, 5, -95
-33901, 20400, 369, -6, 4, -96
-34701, 20400, 369, -6, 5, -96
-35501, 20400, 369, -7, 5, -96
-36301, 20400, 369, -8, 5, -97
-37101, 20400, 369, -7, 6, -98
-37901, 20400, 369, -8, 6, -98
-38701, 20400, 369, -9, 6, -99
-39501, 20400, 369, -8, 6, -99
-40301, 20400, 369, -10, 7, -100
-41101, 20400, 369, -10, 8, -101
-41901, 20400, 369, -11, 7, -101
-42701, 20400, 369, -11, 6, -102
-43501, 20400, 369, -11, 7, -102
-44301, 20400, 369, -11, 6, -103
-45101, 20400, 369, -10, 6, -102
-45901, 20400, 369, -11, 6, -103
-46701, 20400, 369, -10, 5, -103
-47501, 20400, 369, -10, 5, -104
-48301, 20400, 369, -11, 4, -103
-49101, 20400, 369, -11, 4, -103
-49901, 20400, 369, -11, 4, -103
-50701, 20400, 369, -11, 4, -102
-51501, 20400, 369, -12, 3, -101
-52301, 20400, 369, -13, 3, -100
-53101, 20400, 369, -14, 3, -99
-53901, 20400, 369, -15, 3, -98
-54701, 20400, 369, -16, 2, -97
-55501, 20400, 369, -18, 2, -96
-56301, 20400, 369, -18, 1, -94
-57101, 20400, 369, -21, 0, -92
-57901, 20400, 369, -22, 0, -90
-58701, 20400, 369, -23, -1, -88
-59501, 20400, 369, -24, -3, -86
-60301, 20400, 369, -23, -4, -83
-61101, 20400, 369, -22, -6, -81
-61901, 20400, 369, -20, -7, -78
-62701, 20400, 369, -20, -8, -74
-63501, 20400, 369, -18, -10, -73
-64301, 20400, 369, -17, -10, -70
-65101, 20400, 369, -15, -11, -68
-65901, 20400, 369, -14, -12, -65
-66701, 20400, 369, -13, -12, -62
-67501, 20400, 369, -11, -12, -60
-68301, 20400, 369, -10, -12, -57
-69101, 20400, 369, -9, -12, -55
-69901, 20400, 369, -7, -11, -52
-70701, 20400, 369, -7, -11, -50
-71501, 20400, 369, -6, -11, -48
-72000, 20099, 369, -5, -8, -47
-72000, 19299, 369, -2, -3, -48
-71299, 19200, 369, -3, -4, -50
-70499, 19200, 369, -3, -3, -52
-69699, 19200, 369, -4, -3, -54
-68899, 19200, 369, -4, -4, -56
-68099, 19200, 369, -6, -4, -59
-67299, 19200, 369, -7, -4, -61
-66499, 19200, 369, -8, -4, -63
-65699, 19200, 369, -10, -4, -66
-64899, 19200, 369, -11, -4, -68
-64099, 19200, 369, -12, -2, -70
-63299, 19200, 369, -14, -3, -73
-62499, 19200, 369, -16, -2, -75
-61699, 19200, 369, -18, -1, -77
-60899, 19200, 369, -21, 0, -79
-60099, 19200, 369, -22, 1, -81
-59299, 19200, 369, -23, 2, -84
-58499, 19200, 369, -24, 3, -85
-57699, 19200, 369, -23, 4, -87
-56899, 19200, 369, -22, 5, -88
-56099, 19200, 369, -21, 5, -90
-55299, 19200, 369, -19, 5, -91
-54499, 19200, 369, -18, 5, -93
-53699, 19200, 369, -17, 5, -94
-52899, 19200, 369, -16, 6, -95
-52099, 19200, 369, -14, 6, -96
-51299, 19200, 369, -14, 6, -97
-50499, 19200, 369, -14, 6, -98
-49699, 19200, 369, -13, 6, -98
-48899, 19200, 369, -12, 6, -98
-48099, 19200, 369, -12, 6, -99
-47299, 19200, 369, -11, 7, -99
-46499, 19200, 369, -11, 7, -100
-45699, 19200, 369, -10, 7, -100
-44899, 19200, 369, -10, 7, -101
-44099, 19200, 369, -8, 8, -100
-43299, 19200, 369, -8, 8, -100
-42499, 19200, 369, -7, 7, -100
-41699, 19200, 369, -5, 7, -100
-40899, 19200, 369, -3, 7, -100
-40099, 19200, 369, -3, 7, -100
-39299, 19200, 369, -2, 6, -99
-38499, 19200, 369, -1, 6, -99
-37699, 19200, 369, -1, 6, -99
-36899, 19200, 369, 0, 6, -98
-36099, 19200, 369, 1, 5, -98
-35299, 19200, 369, 1, 5, -97
-34499, 19200, 369, 2, 5, -97
-33699, 19200, 369, 2, 5, -97
-32899, 19200, 369, 2, 5, -96
-32099, 19200, 369, 3, 4, -96
-31299, 19200, 369, 3, 4, -96
-30499, 19200, 369, 3, 4, -95
-29699, 19200, 369, 4, 3, -94
-28899, 19200, 369, 3, 3, -94
-28099, 19200, 369, 3, 2, -93
-27299, 19200, 369, 4, 3, -93
-26499, 19200, 369, 4, 2, -93
-25699, 19200, 369, 4, 2, -92
-24899, 19200, 369, 4, 2, -92
-24099, 19200, 369, 4, 2, -91
-23299, 19200, 369, 4, 1, -90
-22499, 19200, 369, 4, 1, -90
-21699, 19200, 369, 5, 1, -90
-20899, 19200, 369, 4, 1, -89
-20099, 19200, 369, 4, 1, -88
-19299, 19200, 369, 5, 0, -88
-18499, 19200, 369, 5, 0, -87
-17699, 19200, 369, 5, 0, -86
-16899, 19200, 369, 5, -1, -85
-16099, 19200, 369, 5, 0, -84
-15299, 19200, 369, 5, -1, -84
-14499, 19200, 369, 5, -1, -82
-13699, 19200, 369, 5, -1, -81
-12899, 19200, 369, 5, -1, -80
-12099, 19200, 369, 5, -1, -79
-11299, 19200, 369, 5, -2, -77
-10499, 19200, 369, 5, -2, -76
-9699, 19200, 369, 5, -2, -74
-8899, 19200, 369, 5, -2, -72
-8099, 19200, 369, 5, -2, -71
-7299, 19200, 369, 5, -2, -69
-6499, 19200, 369, 5, -2, -67
-5699, 19200, 369, 6, -2, -66
-4899, 19200, 369, 5, -3, -64
-4099, 19200, 369, 4, -3, -63
-3299, 19200, 369, 5, -2, -60
-2499, 19200, 369, 5, -3, -59
-1699, 19200, 369, 5, -2, -57
-899, 19200, 369, 4, -3, -55
-99, 19200, 369, 5, -2, -53
0, 18499, 369, 8, -5, -52
-301, 18000, 369, 9, -7, -53
-1101, 18000, 369, 10, -7, -55
-1901, 18000, 369, 10, -7, -56
-2701, 18000, 369, 12, -7, -57
-3501, 18000, 369, 10, -7, -60
-4301, 18000, 369, 10, -7, -62
-5101, 18000, 369, 11, -7, -64
-5901, 18000, 369, 11, -7, -65
-6701, 18000, 369, 11, -7, -68
-7501, 18000, 369, 12, -6, -69
-8301, 18000, 369, 13, -6, -71
-9101, 18000, 369, 12, -6, -72
-9901, 18000, 369, 13, -6, -74
-10701, 18000, 369, 13, -5, -76
-11501, 18000, 369, 13, -5, -77
-12301, 18000, 369, 13, -4, -79
-13101, 18000, 369, 13, -4, -80
-13901, 18000, 369, 14, -4, -81
-14701, 18000, 369, 13, -3, -82
-15501, 18000, 369, 14, -3, -83
-16301, 18000, 369, 14, -3, -85
-17101, 18000, 369, 14, -2, -86
-17901, 18000, 369, 13, -2, -86
-18701, 18000, 369, 14, -1, -87
-19501, 18000, 369, 14, -1, -88
-20301, 18000, 369, 14, 0, -89
-21101, 18000, 369, 14, 0, -89
-21901, 18000, 369, 14, 1, -90
-22701, 18000, 369, 14, 1, -91
-23501, 18000, 369, 14, 1, -91
-24301, 18000, 369, 13, 2, -92
-25101, 18000, 369, 13, 2, -93
-25901, 18000, 369, 13, 3, -93
-26701, 18000, 369, 13, 3, -94
-27501, 18000, 369, 13, 3, -94
-28301, 18000, 369, 13, 3, -94
-29101, 18000, 369, 13, 3, -95
-29901, 18000, 369, 13, 4, -96
-30701, 18000, 369, 13, 4, -96
-31501, 18000, 369, 12, 4, -96
-32301, 18000, 369, 12, 5, -97
-33101, 18000, 369, 11, 5, -97
-33901, 18000, 369, 11, 4, -98
-34701, 18000, 369, 11, 5, -98
-35501, 18000, 369, 11, 6, -98
-36301, 18000, 369, 10, 6, -99
-37101, 18000, 369, 9, 6, -99
-37901, 18000, 369, 8, 6, -100
-38701, 18000, 369, 8, 7, -100
-39501, 18000, 369, 7, 7, -100
-40301, 18000, 369, 6, 7, -101
-41101, 18000, 369, 4, 8, -101
-41901, 18000, 369, 3, 8, -101
-42701, 18000, 369, 2, 8, -101
-43501, 18000, 369, -1, 8, -101
-44301, 18000, 369, -2, 9, -101
-45101, 18000, 369, -4, 9, -101
-45901, 18000, 369, -5, 9, -100
-46701, 18000, 369, -6, 9, -100
-47501, 18000, 369, -7, 9, -100
-48301, 18000, 369, -8, 9, -99
-49101, 18000, 369, -7, 9, -98
-49901, 18000, 369, -9, 9, -99
-50701, 18000, 369, -10, 9, -98
-51501, 18000, 369, -10, 9, -97
-52301, 18000, 369, -11, 9, -96
-53101, 18000, 369, -11, 9, -96
-53901, 18000, 369, -12, 9, -95
-54701, 18000, 369, -13, 9, -94
-55501, 18000, 369, -13, 9, -92
-56301, 18000, 369, -14, 9, -92
-57101, 18000, 369, -15, 9, -90
-57901, 18000, 369, -15, 10, -89
-58701, 18000, 369, -16, 9, -87
-59501, 18000, 369, -16, 9, -85
-60301, 18000, 369, -14, 8, -84
-61101, 18000, 369, -12, 8, -82
-61901, 18000, 369, -10, 8, -80
-62701, 18000, 369, -8, 8, -77
-63501, 18000, 369, -7, 7, -75
-64301, 18000, 369, -5, 7, -73
-65101, 18000, 369, -4, 7, -70
-65901, 18000, 369, -3, 6, -68
-66701, 18000, 369, -2, 6, -66
-67501, 18000, 369, -1, 6, -63
-68301, 18000, 369, -1, 6, -60
-69101, 18000, 369, 0, 6, -58
-69901, 18000, 369, 1, 6, -56
-70701, 18000, 369, 1, 6, -53
-71501, 18000, 369, 1, 6, -51
-72000, 17699, 369, 3, 8, -50
-72000, 16899, 369, 5, 14, -51
-71299, 16800, 369, 6, 15, -52
-70499, 16800, 369, 6, 16, -55
-69699, 16800, 369, 5, 16, -58
-68899, 16800, 369, 6, 17, -60
-68099, 16800, 369, 5, 17, -63
-67299, 16800, 369, 5, 18, -65
-66499, 16800, 369, 5, 18, -68
-65699, 16800, 369, 5, 19, -71
-64899, 16800, 369, 5, 18, -74
-64099, 16800, 369, 5, 19, -77
-63299, 16800, 369, 4, 19, -80
-62499, 16800, 369, 4, 19, -83
-61699, 16800, 369, 4, 19, -85
-60899, 16800, 369, 4, 18, -88
-60099, 16800, 369, 4, 18, -90
-59299, 16800, 369, 4, 17, -93
-58499, 16800, 369, 5, 17, -96
-57699, 16800, 369, 5, 16, -97
-56899, 16800, 369, 5, 15, -98
-56099, 16800, 369, 4, 14, -100
-55299, 16800, 369, 5, 14, -101
-54499, 16800, 369, 6, 14, -101
-53699, 16800, 369, 5, 13, -102
-52899, 16800, 369, 5, 12, -103
-52099, 16800, 369, 6, 12, -104
-51299, 16800, 369, 5, 12, -104
-50499, 16800, 369, 6, 11, -105
-49699, 16800, 369, 6, 11, -106
-48899, 16800, 369, 9, 11, -106
-48099, 16800, 369, 7, 10, -106
-47299, 16800, 369, 8, 10, -106
-46499, 16800, 369, 10, 10, -106
-45699, 16800, 369, 11, 9, -106
-44899, 16800, 369, 12, 8, -106
-44099, 16800, 369, 14, 8, -106
-43299, 16800, 369, 15, 8, -106
-42499, 16800, 369, 17, 8, -105
-41699, 16800, 369, 17, 7, -106
-40899, 16800, 369, 18, 7, -104
-40099, 16800, 369, 18, 7, -104
-39299, 16800, 369, 19, 7, -103
-38499, 16800, 369, 19, 7, -103
-37699, 16800, 369, 20, 6, -103
-36899, 16800, 369, 20, 6, -102
-36099, 16800, 369, 21, 6, -102
-35299, 16800, 369, 21, 6, -101
-34499, 16800, 369, 21, 5, -100
-33699, 16800, 369, 21, 5, -100
-32899, 16800, 369, 21, 5, -99
-32099, 16800, 369, 22, 5, -99
-31299, 16800, 369, 22, 5, -98
-30499, 16800, 369, 22, 4, -97
-29699, 16800, 369, 22, 4, -97
-28899, 16800, 369, 22, 4, -97
-28099, 16800, 369, 22, 3, -96
-27299, 16800, 369, 22, 3, -96
-26499, 16800, 369, 23, 3, -95
-25699, 16800, 369, 23, 2, -95
-24899, 16800, 369, 23, 2, -94
-24099, 16800, 369, 23, 2, -93
-23299, 16800, 369, 23, 1, -93
-22499, 16800, 369, 23, 1, -93
-21699, 16800, 369, 23, 0, -92
-20899, 16800, 369, 23, -1, -91
-20099, 16800, 369, 23, -1, -90
-19299, 16800, 369, 23, -2, -90
-18499, 16800, 369, 23, -2, -89
-17699, 16800, 369, 23, -3, -88
-16899, 16800, 369, 23, -4, -87
-16099, 16800, 369, 22, -5, -86
-15299, 16800, 369, 22, -5, -85
-14499, 16800, 369, 22, -6, -84
-13699, 16800, 369, 22, -7, -83
-12899, 16800, 369, 22, -7, -81
-12099, 16800, 369, 21, -8, -80
-11299, 16800, 369, 21, -9, -79
-10499, 16800, 369, 21, -9, -77
-9699, 16800, 369, 21, -10, -76
-8899, 16800, 369, 20, -10, -74
-8099, 16800, 369, 20, -11, -72
-7299, 16800, 369, 19, -11, -71
-6499, 16800, 369, 19, -12, -69
-5699, 16800, 369, 19, -12, -67
-4899, 16800, 369, 17, -12, -65
-4099, 16800, 369, 17, -12, -63
-3299, 16800, 369, 16, -13, -61
-2499, 16800, 369, 16, -13, -59
-1699, 16800, 369, 16, -13, -57
-899, 16800, 369, 14, -13, -55
-99, 16800, 369, 14, -12, -54
0, 16099, 369, 17, -15, -53
-301, 15600, 369, 19, -18, -53
-1101, 15600, 369, 21, -18, -56
-1901, 15600, 369, 22, -18, -58
-2701, 15600, 369, 23, -18, -59
-3501, 15600, 369, 24, -18, -61
-4301, 15600, 369, 25, -18, -64
-5101, 15600, 369, 25, -18, -66
-5901, 15600, 369, 26, -17, -68
-6701, 15600, 369, 27, -17, -70
-7501, 15600, 369, 28, -16, -72
-8301, 15600, 369, 29, -15, -74
-9101, 15600, 369, 30, -15, -76
-9901, 15600, 369, 31, -14, -77
-10701, 15600, 369, 31, -13, -79
-11501, 15600, 369, 32, -12, -81
-12301, 15600, 369, 33, -12, -82
-13101, 15600, 369, 33, -10, -83
-13901, 15600, 369, 33, -9, -85
-14701, 15600, 369, 33, -8, -86
-15501, 15600, 369, 33, -7, -87
-16301, 15600, 369, 34, -6, -88
-17101, 15600, 369, 34, -5, -89
-17901, 15600, 369, 34, -4, -90
-18701, 15600, 369, 34, -3, -91
-19501, 15600, 369, 34, -2, -91
-20301, 15600, 369, 34, -1, -92
-21101, 15600, 369, 34, -1, -93
-21901, 15600, 369, 35, 0, -93
-22701, 15600, 369, 35, 1, -94
-23501, 15600, 369, 35, 2, -95
-24301, 15600, 369, 35, 2, -95
-25101, 15600, 369, 35, 2, -96
-25901, 15600, 369, 36, 3, -95
-26701, 15600, 369, 35, 3, -97
-27501, 15600, 369, 34, 4, -98
-28301, 15600, 369, 34, 4, -98
-29101, 15600, 369, 34, 5, -98
-29901, 15600, 369, 34, 5, -99
-30701, 15600, 369, 34, 6, -99
-31501, 15600, 369, 34, 5, -100
-32301, 15600, 369, 34, 6, -100
-33101, 15600, 369, 34, 6, -101
-33901, 15600, 369, 34, 6, -102
-34701, 15600, 369, 33, 6, -103
-35501, 15600, 369, 34, 6, -102
-36301, 15600, 369, 34, 6, -104
-37101, 15600, 369, 33, 6, -105
-37901, 15600, 369, 34, 6, -105
-38701, 15600, 369, 34, 6, -106
-39501, 15600, 369, 35, 6, -107
-40301, 15600, 369, 35, 6, -109
-41101, 15600, 369, 35, 6, -109
-41901, 15600, 369, 36, 6, -110
-42701, 15600, 369, 37, 6, -110
-43501, 15600, 369, 38, 7, -112
-44301, 15600, 369, 38, 8, -113
-45101, 15600, 369, 37, 9, -113
-45901, 15600, 369, 36, 9, -114
-46701, 15600, 369, 36, 10, -114
-47501, 15600, 369, 35, 12, -115
-48301, 15600, 369, 34, 13, -115
-49101, 15600, 369, 33, 14, -115
-49901, 15600, 369, 33, 15, -115
-50701, 15600, 369, 33, 15, -114
-51501, 15600, 369, 32, 17, -114
-52301, 15600, 369, 33, 17, -114
-53101, 15600, 369, 33, 18, -113
-53901, 15600, 369, 34, 19, -112
-54701, 15600, 369, 35, 20, -112
-55501, 15600, 369, 35, 21, -111
-56301, 15600, 369, 35, 22, -109
-57101, 15600, 369, 35, 24, -107
-57901, 15600, 369, 34, 26, -106
-58701, 15600, 369, 32, 27, -103
-59501, 15600, 369, 30, 29, -101
-60301, 15600, 369, 28, 31, -98
-61101, 15600, 369, 26, 32, -95
-61901, 15600, 369, 23, 33, -92
-62701, 15600, 369, 21, 34, -88
-63501, 15600, 369, 20, 34, -84
-64301, 15600, 369, 18, 34, -81
-65101, 15600, 369, 17, 33, -77
-65901, 15600, 369, 16, 33, -74
-66701, 15600, 369, 15, 33, -71
-67501, 15600, 369, 14, 32, -67
-68301, 15600, 369, 13, 31, -64
-69101, 15600, 369, 12, 29, -61
-69901, 15600, 369, 12, 28, -59
-70701, 15600, 369, 12, 27, -56
-71501, 15600, 369, 11, 26, -53
-72000, 15299, 369, 12, 28, -52
-72000, 14499, 369, 15, 34, -50
-71299, 14400, 369, 16, 37, -53
-70499, 14400, 369, 18, 38, -55
-69699, 14400, 369, 18, 41, -58
-68899, 14400, 369, 20, 42, -62
-68099, 14400, 369, 21, 45, -65
-67299, 14400, 369, 23, 46, -69
-66499, 14400, 369, 26, 47, -71
-65699, 14400, 369, 28, 49, -75
-64899, 14400, 369, 32, 49, -78
-64099, 14400, 369, 33, 50, -83
-63299, 14400, 369, 37, 50, -87
-62499, 14400, 369, 41, 49, -91
-61699, 14400, 369, 45, 48, -95
-60899, 14400, 369, 50, 46, -99
-60099, 14400, 369, 55, 44, -102
-59299, 14400, 369, 59, 41, -106
-58499, 14400, 369, 63, 39, -109
-57699, 14400, 369, 66, 36, -111
-56899, 14400, 369, 69, 33, -114
-56099, 14400, 369, 70, 30, -116
-55299, 14400, 369, 70, 29, -118
-54499, 14400, 369, 70, 27, -119
-53699, 14400, 369, 69, 25, -120
-52899, 14400, 369, 70, 24, -120
-52099, 14400, 369, 68, 22, -121
-51299, 14400, 369, 66, 21, -122
-50499, 14400, 369, 67, 19, -122
-49699, 14400, 369, 66, 18, -122
-48899, 14400, 369, 67, 16, -122
-48099, 14400, 369, 67, 15, -122
-47299, 14400, 369, 67, 13, -122
-46499, 14400, 369, 67, 11, -121
-45699, 14400, 369, 67, 9, -120
-44899, 14400, 369, 67, 8, -119
-44099, 14400, 369, 66, 7, -118
-43299, 14400, 369, 64, 6, -117
-42499, 14400, 369, 62, 5, -116
-41699, 14400, 369, 59, 5, -114
-40899, 14400, 369, 57, 5, -113
-40099, 14400, 369, 55, 5, -111
-39299, 14400, 369, 53, 6, -110
-38499, 14400, 369, 52, 6, -109
-37699, 14400, 369, 51, 6, -108
-36899, 14400, 369, 49, 7, -107
-36099, 14400, 369, 49, 7, -106
-35299, 14400, 369, 48, 7, -105
-34499, 14400, 369, 48, 6, -104
-33699, 14400, 369, 48, 6, -103
-32899, 14400, 369, 48, 7, -103
-32099, 14400, 369, 48, 7, -102
-31299, 14400, 369, 48, 6, -102
-30499, 14400, 369, 48, 7, -101
-29699, 14400, 369, 48, 6, -101
-28899, 14400, 369, 47, 6, -100
-28099, 14400, 369, 48, 6, -100
-27299, 14400, 369, 48, 5, -99
-26499, 14400, 369, 48, 5, -100
-25699, 14400, 369, 48, 4, -98
-24899, 14400, 369, 48, 4, -98
-24099, 14400, 369, 48, 3, -98
-23299, 14400, 369, 49, 2, -97
-22499, 14400, 369, 50, 2, -96
-21699, 14400, 369, 48, 1, -96
-20899, 14400, 369, 49, 0, -95
-20099, 14400, 369, 48, -1, -95
-19299, 14400, 369, 48, -2, -94
-18499, 14400, 369, 48, -3, -94
-17699, 14400, 369, 48, -4, -92
-16899, 14400, 369, 48, -5, -92
-16099, 14400, 369, 47, -7, -91
-15299, 14400, 369, 47, -8, -90
-14499, 14400, 369, 47, -10, -88
-13699, 14400, 369, 47, -11, -88
-12899, 14400, 369, 46, -13, -86
-12099, 14400, 369, 45, -15, -85
-11299, 14400, 369, 44, -17, -83
-10499, 14400, 369, 44, -18, -82
-9699, 14400, 369, 43, -19, -80
-8899, 14400, 369, 42, -20, -78
-8099, 14400, 369, 41, -22, -76
-7299, 14400, 369, 39, -21, -74
-6499, 14400, 369, 38, -23, -72
-5699, 14400, 369, 37, -24, -70
-4899, 14400, 369, 34, -24, -68
-4099, 14400, 369, 34, -24, -65
-3299, 14400, 369, 32, -25, -63
-2499, 14400, 369, 32, -24, -59
-1699, 14400, 369, 29, -24, -58
-899, 14400, 369, 27, -23, -56
-99, 14400, 369, 25, -23, -53
0, 13699, 369, 30, -26, -52
-301, 13200, 369, 33, -30, -52
-1101, 13200, 369, 35, -30, -55
-1901, 13200, 369, 37, -31, -57
-2701, 13200, 369, 41, -31, -60
-3501, 13200, 369, 43, -31, -62
-4301, 13200, 369, 45, -31, -65
-5101, 13200, 369, 48, -31, -68
-5901, 13200, 369, 50, -31, -71
-6701, 13200, 369, 53, -30, -73
-7501, 13200, 369, 55, -28, -76
-8301, 13200, 369, 56, -27, -78
-9101, 13200, 369, 59, -26, -80
-9901, 13200, 369, 62, -24, -81
-10701, 13200, 369, 61, -22, -84
-11501, 13200, 369, 62, -20, -86
-12301, 13200, 369, 64, -17, -87
-13101, 13200, 369, 64, -15, -89
-13901, 13200, 369, 65, -13, -90
-14701, 13200, 369, 66, -10, -92
-15501, 13200, 369, 65, -8, -93
-16301, 13200, 369, 66, -6, -93
-17101, 13200, 369, 66, -5, -94
-17901, 13200, 369, 67, -3, -94
-18701, 13200, 369, 67, -1, -95
-19501, 13200, 369, 66, 1, -96
-20301, 13200, 369, 67, 1, -96
-21101, 13200, 369, 67, 2, -97
-21901, 13200, 369, 66, 3, -98
-22701, 13200, 369, 66, 4, -98
-23501, 13200, 369, 66, 5, -98
-24301, 13200, 369, 66, 5, -99
-25101, 13200, 369, 66, 6, -99
-25901, 13200, 369, 67, 7, -99
-26701, 13200, 369, 66, 7, -99
-27501, 13200, 369, 66, 8, -100
-28301, 13200, 369, 66, 8, -101
-29101, 13200, 369, 67, 8, -101
-29901, 13200, 369, 66, 9, -102
-30701, 13200, 369, 66, 9, -102
-31501, 13200, 369, 66, 9, -102
-32301, 13200, 369, 66, 9, -103
-33101, 13200, 369, 66, 9, -104
-33901, 13200, 369, 67, 10, -104
-34701, 13200, 369, 67, 9, -105
-35501, 13200, 369, 69, 9, -105
-36301, 13200, 369, 69, 9, -106
-37101, 13200, 369, 70, 8, -107
-37901, 13200, 369, 71, 8, -108
-38701, 13200, 369, 73, 8, -110
-39501, 13200, 369, 76, 8, -111
-40301, 13200, 369, 78, 7, -112
-41101, 13200, 369, 83, 6, -113
-41901, 13200, 369, 87, 6, -115
-42701, 13200, 369, 91, 6, -116
-43501, 13200, 369, 96, 6, -118
-44301, 13200, 369, 100, 8, -119
-45101, 13200, 369, 102, 9, -121
-45901, 13200, 369, 104, 10, -121
-46701, 13200, 369, 106, 13, -122
-47501, 13200, 369, 104, 16, -123
-48301, 13200, 369, 105, 18, -124
-49101, 13200, 369, 105, 20, -124
-49901, 13200, 369, 105, 23, -124
-50701, 13200, 369, 105, 25, -124
-51501, 13200, 369, 106, 27, -123
-52301, 13200, 369, 107, 30, -124
-53101, 13200, 369, 108, 31, -123
-53901, 13200, 369, 108, 33, -122
-54701, 13200, 369, 109, 35, -121
-55501, 13200, 369, 109, 37, -120
-56301, 13200, 369, 109, 40, -118
-57101, 13200, 369, 108, 44, -115
-57901, 13200, 369, 105, 47, -113
-58701, 13200, 369, 100, 51, -111
-59501, 13200, 369, 95, 54, -107
-60301, 13200, 369, 88, 58, -104
-61101, 13200, 369, 80, 62, -99
-61901, 13200, 369, 72, 64, -95
-62701, 13200, 369, 64, 67, -91
-63501, 13200, 369, 58, 68, -87
-64301, 13200, 369, 51, 68, -83
-65101, 13200, 369, 46, 67, -79
-65901, 13200, 369, 42, 66, -75
-66701, 13200, 369, 37, 64, -71
-67501, 13200, 369, 35, 61, -67
-68301, 13200, 369, 31, 58, -63
-69101, 13200, 369, 28, 56, -60
-69901, 13200, 369, 26, 54, -57
-70701, 13200, 369, 24, 51, -54
-71501, 13200, 369, 22, 48, -51
-72000, 12899, 369, 22, 49, -49
-72000, 12099, 369, 25, 55, -46
-71299, 12000, 369, 26, 58, -48
-70499, 12000, 369, 30, 61, -51
-69699, 12000, 369, 33, 64, -53
-68899, 12000, 369, 36, 68, -56
-68099, 12000, 369, 39, 71, -60
-67299, 12000, 369, 44, 75, -63
-66499, 12000, 369, 48, 78, -67
-65699, 12000, 369, 54, 81, -71
-64899, 12000, 369, 61, 82, -74
-64099, 12000, 369, 69, 84, -79
-63299, 12000, 369, 77, 83, -83
-62499, 12000, 369, 88, 82, -88
-61699, 12000, 369, 98, 79, -92
-60899, 12000, 369, 110, 75, -96
-60099, 12000, 369, 121, 71, -100
-59299, 12000, 369, 131, 66, -104
-58499, 12000, 369, 138, 61, -106
-57699, 12000, 369, 143, 57, -109
-56899, 12000, 369, 146, 52, -111
-56099, 12000, 369, 147, 49, -113
-55299, 12000, 369, 147, 45, -115
-54499, 12000, 369, 147, 43, -116
-53699, 12000, 369, 146, 39, -117
-52899, 12000, 369, 145, 36, -118
-52099, 12000, 369, 145, 35, -119
-51299, 12000, 369, 144, 32, -119
-50499, 12000, 369, 143, 30, -119
-49699, 12000, 369, 143, 27, -119
-48899, 12000, 369, 143, 25, -119
-48099, 12000, 369, 142, 22, -118
-47299, 12000, 369, 142, 19, -118
-46499, 12000, 369, 142, 15, -118
-45699, 12000, 369, 140, 13, -117
-44899, 12000, 369, 138, 11, -116
-44099, 12000, 369, 134, 10, -115
-43299, 12000, 369, 129, 9, -114
-42499, 12000, 369, 123, 8, -113
-41699, 12000, 369, 116, 8, -111
-40899, 12000, 369, 111, 9, -110
-40099, 12000, 369, 105, 9, -109
-39299, 12000, 369, 102, 9, -108
-38499, 12000, 369, 98, 10, -107
-37699, 12000, 369, 96, 11, -106
-36899, 12000, 369, 94, 12, -106
-36099, 12000, 369, 93, 12, -105
-35299, 12000, 369, 92, 12, -104
-34499, 12000, 369, 92, 12, -104
-33699, 12000, 369, 90, 12, -104
-32899, 12000, 369, 91, 12, -103
-32099, 12000, 369, 91, 12, -102
-31299, 12000, 369, 90, 12, -102
-30499, 12000, 369, 90, 12, -102
-29699, 12000, 369, 90, 13, -102
-28899, 12000, 369, 89, 11, -101
-28099, 12000, 369, 90, 11, -101
-27299, 12000, 369, 90, 11, -100
-26499, 12000, 369, 90, 11, -100
-25699, 12000, 369, 90, 10, -100
-24899, 12000, 369, 90, 9, -100
-24099, 12000, 369, 90, 9, -100
-23299, 12000, 369, 90, 8, -99
-22499, 12000, 369, 90, 7, -99
-21699, 12000, 369, 90, 6, -99
-20899, 12000, 369, 91, 5, -99
-20099, 12000, 369, 91, 4, -98
-19299, 12000, 369, 90, 3, -98
-18499, 12000, 369, 91, 0, -97
-17699, 12000, 369, 91, -1, -97
-16899, 12000, 369, 91, -3, -95
-16099, 12000, 369, 91, -5, -95
-15299, 12000, 369, 91, -7, -95
-14499, 12000, 369, 91, -10, -94
-13699, 12000, 369, 91, -13, -93
-12899, 12000, 369, 90, -16, -92
-12099, 12000, 369, 89, -20, -90
-11299, 12000, 369, 89, -23, -89
-10499, 12000, 369, 88, -25, -87
-9699, 12000, 369, 85, -28, -85
-8899, 12000, 369, 83, -31, -82
-8099, 12000, 369, 80, -34, -80
-7299, 12000, 369, 77, -35, -77
-6499, 12000, 369, 73, -37, -75
-5699, 12000, 369, 69, -38, -72
-4899, 12000, 369, 64, -39, -69
-4099, 12000, 369, 60, -39, -66
-3299, 12000, 369, 56, -39, -62
-2499, 12000, 369, 52, -38, -60
-1699, 12000, 369, 48, -38, -57
-899, 12000, 369, 46, -36, -54
-99, 12000, 369, 40, -35, -52
0, 11299, 369, 46, -39, -49
-301, 10800, 369, 49, -40, -48
-1101, 10800, 369, 54, -42, -51
-1901, 10800, 369, 59, -44, -54
-2701, 10800, 369, 65, -45, -57
-3501, 10800, 369, 72, -46, -60
-4301, 10800, 369, 79, -47, -64
-5101, 10800, 369, 86, -47, -67
-5901, 10800, 369, 94, -46, -71
-6701, 10800, 369, 102, -45, -74
-7501, 10800, 369, 108, -43, -78
-8301, 10800, 369, 114, -41, -80
-9101, 10800, 369, 118, -37, -83
-9901, 10800, 369, 122, -33, -85
-10701, 10800, 369, 124, -29, -87
-11501, 10800, 369, 125, -24, -89
-12301, 10800, 369, 126, -19, -90
-13101, 10800, 369, 126, -15, -91
-13901, 10800, 369, 127, -11, -92
-14701, 10800, 369, 126, -8, -93
-15501, 10800, 369, 127, -4, -94
-16301, 10800, 369, 125, -1, -94
-17101, 10800, 369, 125, 1, -95
-17901, 10800, 369, 125, 4, -95
-18701, 10800, 369, 124, 5, -95
-19501, 10800, 369, 124, 7, -96
-20301, 10800, 369, 124, 9, -96
-21101, 10800, 369, 123, 10, -96
-21901, 10800, 369, 123, 12, -96
-22701, 10800, 369, 122, 12, -97
-23501, 10800, 369, 122, 13, -97
-24301, 10800, 369, 122, 13, -97
-25101, 10800, 369, 122, 14, -97
-25901, 10800, 369, 122, 15, -97
-26701, 10800, 369, 122, 15, -97
-27501, 10800, 369, 122, 16, -97
-28301, 10800, 369, 122, 16, -97
-29101, 10800, 369, 122, 17, -98
-29901, 10800, 369, 121, 17, -98
-30701, 10800, 369, 121, 17, -98
-31501, 10800, 369, 122, 17, -98
-32301, 10800, 369, 122, 17, -98
-33101, 10800, 369, 122, 17, -99
-33901, 10800, 369, 123, 17, -99
-34701, 10800, 369, 122, 17, -99
-35501, 10800, 369, 124, 16, -99
-36301, 10800, 369, 124, 17, -98
-37101, 10800, 369, 125, 16, -99
-37901, 10800, 369, 127, 16, -100
-38701, 10800, 369, 129, 16, -100
-39501, 10800, 369, 132, 15, -100
-40301, 10800, 369, 135, 15, -101
-41101, 10800, 369, 140, 14, -101
-41901, 10800, 369, 145, 15, -101
-42701, 10800, 369, 151, 14, -102
-43501, 10800, 369, 157, 14, -103
-44301, 10800, 369, 162, 15, -103
-45101, 10800, 369, 166, 16, -104
-45901, 10800, 369, 169, 18, -104
-46701, 10800, 369, 171, 21, -104
-47501, 10800, 369, 173, 23, -104
-48301, 10800, 369, 173, 26, -105
-49101, 10800, 369, 173, 29, -105
-49901, 10800, 369, 174, 32, -105
-50701, 10800, 369, 174, 34, -105
-51501, 10800, 369, 176, 37, -104
-52301, 10800, 369, 176, 39, -104
-53101, 10800, 369, 177, 42, -104
-53901, 10800, 369, 178, 44, -103
-54701, 10800, 369, 180, 47, -102
-55501, 10800, 369, 180, 51, -102
-56301, 10800, 369, 180, 54, -100
-57101, 10800, 369, 179, 59, -99
-57901, 10800, 369, 176, 63, -97
-58701, 10800, 369, 171, 68, -95
-59501, 10800, 369, 163, 74, -92
-60301, 10800, 369, 152, 80, -89
-61101, 10800, 369, 138, 85, -86
-61901, 10800, 369, 123, 90, -83
-62701, 10800, 369, 109, 95, -79
-63501, 10800, 369, 96, 96, -74
-64301, 10800, 369, 84, 97, -70
-65101, 10800, 369, 75, 97, -67
-65901, 10800, 369, 66, 93, -63
-66701, 10800, 369, 59, 90, -59
-67501, 10800, 369, 53, 86, -56
-68301, 10800, 369, 47, 83, -53
-69101, 10800, 369, 42, 79, -50
-69901, 10800, 369, 38, 74, -48
-70701, 10800, 369, 35, 70, -45
-71501, 10800, 369, 33, 66, -43
-72000, 10499, 369, 31, 65, -39
-72000, 9699, 369, 33, 69, -35
-71299, 9600, 369, 35, 71, -35
-70499, 9600, 369, 39, 75, -38
-69699, 9600, 369, 42, 79, -39
-68899, 9600, 369, 47, 85, -42
-68099, 9600, 369, 52, 89, -44
-67299, 9600, 369, 58, 94, -46
-66499, 9600, 369, 66, 97, -48
-65699, 9600, 369, 73, 101, -52
-64899, 9600, 369, 83, 103, -54
-64099, 9600, 369, 94, 104, -58
-63299, 9600, 369, 107, 103, -60
-62499, 9600, 369, 124, 101, -63
-61699, 9600, 369, 137, 96, -66
-60899, 9600, 369, 153, 91, -69
-60099, 9600, 369, 168, 85, -71
-59299, 9600, 369, 182, 79, -73
-58499, 9600, 369, 189, 73, -75
-57699, 9600, 369, 194, 67, -77
-56899, 9600, 369, 196, 62, -78
-56099, 9600, 369, 196, 57, -79
-55299, 9600, 369, 196, 54, -79
-54499, 9600, 369, 195, 50, -80
-53699, 9600, 369, 193, 47, -81
-52899, 9600, 369, 192, 44, -80
-52099, 9600, 369, 191, 41, -81
-51299, 9600, 369, 189, 39, -81
-50499, 9600, 369, 188, 37, -81
-49699, 9600, 369, 186, 35, -81
-48899, 9600, 369, 185, 32, -81
-48099, 9600, 369, 184, 29, -81
-47299, 9600, 369, 183, 28, -81
-46499, 9600, 369, 181, 26, -82
-45699, 9600, 369, 180, 24, -82
-44899, 9600, 369, 178, 23, -82
-44099, 9600, 369, 175, 22, -82
-43299, 9600, 369, 172, 21, -83
-42499, 9600, 369, 169, 21, -83
-41699, 9600, 369, 166, 20, -84
-40899, 9600, 369, 164, 20, -84
-40099, 9600, 369, 161, 20, -85
-39299, 9600, 369, 159, 20, -85
-38499, 9600, 369, 157, 21, -86
-37699, 9600, 369, 157, 21, -86
-36899, 9600, 369, 156, 21, -87
-36099, 9600, 369, 155, 21, -87
-35299, 9600, 369, 154, 21, -87
-34499, 9600, 369, 154, 22, -87
-33699, 9600, 369, 155, 22, -87
-32899, 9600, 369, 154, 21, -87
-32099, 9600, 369, 153, 21, -87
-31299, 9600, 369, 154, 21, -87
-30499, 9600, 369, 153, 21, -87
-29699, 9600, 369, 154, 21, -87
-28899, 9600, 369, 154, 22, -87
-28099, 9600, 369, 154, 21, -87
-27299, 9600, 369, 153, 20, -88
-26499, 9600, 369, 154, 19, -87
-25699, 9600, 369, 154, 19, -87
-24899, 9600, 369, 155, 18, -88
-24099, 9600, 369, 155, 18, -87
-23299, 9600, 369, 155, 17, -87
-22499, 9600, 369, 156, 16, -87
-21699, 9600, 369, 156, 16, -87
-20899, 9600, 369, 157, 14, -87
-20099, 9600, 369, 157, 13, -87
-19299, 9600, 369, 159, 11, -86
-18499, 9600, 369, 159, 10, -87
-17699, 9600, 369, 161, 8, -87
-16899, 9600, 369, 160, 6, -87
-16099, 9600, 369, 161, 3, -86
-15299, 9600, 369, 162, -1, -86
-14499, 9600, 369, 163, -4, -86
-13699, 9600, 369, 164, -8, -85
-12899, 9600, 369, 165, -13, -85
-12099, 9600, 369, 166, -18, -84
-11299, 9600, 369, 166, -24, -83
-10499, 9600, 369, 166, -30, -82
-9699, 9600, 369, 164, -36, -80
-8899, 9600, 369, 160, -41, -78
-8099, 9600, 369, 154, -47, -75
-7299, 9600, 369, 147, -50, -72
-6499, 9600, 369, 136, -52, -69
-5699, 9600, 369, 124, -53, -66
-4899, 9600, 369, 112, -55, -62
-4099, 9600, 369, 101, -53, -58
-3299, 9600, 369, 89, -53, -55
-2499, 9600, 369, 80, -51, -52
-1699, 9600, 369, 72, -50, -48
-899, 9600, 369, 64, -47, -45
-99, 9600, 369, 57, -46, -42
0, 8899, 369, 60, -48, -37
-301, 8400, 369, 62, -49, -33
-1101, 8400, 369, 70, -51, -35
-1901, 8400, 369, 78, -52, -38
-2701, 8400, 369, 88, -54, -40
-3501, 8400, 369, 100, -56, -43
-4301, 8400, 369, 113, -57, -46
-5101, 8400, 369, 127, -57, -49
-5901, 8400, 369, 141, -58, -52
-6701, 8400, 369, 156, -55, -55
-7501, 8400, 369, 168, -54, -58
-8301, 8400, 369, 177, -50, -60
-9101, 8400, 369, 184, -44, -62
-9901, 8400, 369, 187, -38, -63
-10701, 8400, 369, 188, -31, -65
-11501, 8400, 369, 188, -24, -66
-12301, 8400, 369, 187, -17, -67
-13101, 8400, 369, 187, -12, -67
-13901, 8400, 369, 185, -6, -67
-14701, 8400, 369, 182, -2, -67
-15501, 8400, 369, 181, 2, -67
-16301, 8400, 369, 180, 6, -67
-17101, 8400, 369, 179, 8, -67
-17901, 8400, 369, 177, 11, -67
-18701, 8400, 369, 176, 13, -67
-19501, 8400, 369, 175, 15, -67
-20301, 8400, 369, 174, 16, -67
-21101, 8400, 369, 174, 17, -67
-21901, 8400, 369, 173, 18, -66
-22701, 8400, 369, 171, 19, -67
-23501, 8400, 369, 171, 20, -67
-24301, 8400, 369, 171, 21, -67
-25101, 8400, 369, 171, 21, -67
-25901, 8400, 369, 170, 22, -67
-26701, 8400, 369, 169, 22, -67
-27501, 8400, 369, 169, 23, -67
-28301, 8400, 369, 169, 23, -67
-29101, 8400, 369, 168, 23, -67
-29901, 8400, 369, 168, 24, -66
-30701, 8400, 369, 167, 24, -67
-31501, 8400, 369, 168, 24, -67
-32301, 8400, 369, 168, 25, -66
-33101, 8400, 369, 168, 24, -66
-33901, 8400, 369, 168, 24, -66
-34701, 8400, 369, 168, 25, -65
-35501, 8400, 369, 169, 25, -65
-36301, 8400, 369, 169, 24, -64
-37101, 8400, 369, 169, 25, -64
-37901, 8400, 369, 169, 24, -63
-38701, 8400, 369, 170, 25, -63
-39501, 8400, 369, 170, 24, -62
-40301, 8400, 369, 172, 25, -61
-41101, 8400, 369, 173, 25, -60
-41901, 8400, 369, 173, 27, -59
-42701, 8400, 369, 175, 26, -57
-43501, 8400, 369, 176, 26, -56
-44301, 8400, 369, 177, 27, -55
-45101, 8400, 369, 179, 28, -55
-45901, 8400, 369, 180, 29, -54
-46701, 8400, 369, 181, 30, -53
-47501, 8400, 369, 182, 31, -53
-48301, 8400, 369, 184, 33, -53
-49101, 8400, 369, 186, 35, -52
-49901, 8400, 369, 186, 37, -52
-50701, 8400, 369, 187, 39, -52
-51501, 8400, 369, 190, 41, -52
-52301, 8400, 369, 191, 43, -52
-53101, 8400, 369, 193, 45, -52
-53901, 8400, 369, 194, 48, -52
-54701, 8400, 369, 196, 51, -51
-55501, 8400, 369, 198, 54, -51
-56301, 8400, 369, 199, 59, -51
-57101, 8400, 369, 199, 63, -51
-57901, 8400, 369, 198, 68, -50
-58701, 8400, 369, 193, 73, -49
-59501, 8400, 369, 186, 80, -49
-60301, 8400, 369, 174, 86, -48
-61101, 8400, 369, 159, 92, -47
-61901, 8400, 369, 143, 98, -45
-62701, 8400, 369, 128, 103, -44
-63501, 8400, 369, 112, 105, -42
-64301, 8400, 369, 98, 106, -41
-65101, 8400, 369, 88, 105, -39
-65901, 8400, 369, 77, 103, -37
-66701, 8400, 369, 69, 100, -35
-67501, 8400, 369, 61, 96, -34
-68301, 8400, 369, 56, 92, -32
-69101, 8400, 369, 50, 86, -31
-69901, 8400, 369, 45, 82, -30
-70701, 8400, 369, 41, 78, -28
-71501, 8400, 369, 38, 74, -27
-72000, 8099, 369, 36, 70, -24
-72000, 7299, 369, 36, 70, -19
-71299, 7200, 369, 37, 71, -19
-70499, 7200, 369, 40, 76, -19
-69699, 7200, 369, 44, 80, -19
-68899, 7200, 369, 50, 85, -19
-68099, 7200, 369, 54, 89, -20
-67299, 7200, 369, 61, 93, -21
-66499, 7200, 369, 68, 96, -21
-65699, 7200, 369, 76, 99, -21
-64899, 7200, 369, 86, 101, -22
-64099, 7200, 369, 97, 102, -22
-63299, 7200, 369, 108, 101, -22
-62499, 7200, 369, 124, 99, -22
-61699, 7200, 369, 139, 96, -23
-60899, 7200, 369, 155, 90, -23
-60099, 7200, 369, 168, 84, -23
-59299, 7200, 369, 180, 78, -23
-58499, 7200, 369, 188, 72, -23
-57699, 7200, 369, 193, 67, -23
-56899, 7200, 369, 194, 62, -23
-56099, 7200, 369, 194, 57, -23
-55299, 7200, 369, 193, 54, -23
-54499, 7200, 369, 191, 50, -23
-53699, 7200, 369, 190, 48, -23
-52899, 7200, 369, 187, 45, -23
-52099, 7200, 369, 186, 43, -23
-51299, 7200, 369, 184, 41, -23
-50499, 7200, 369, 183, 39, -23
-49699, 7200, 369, 181, 37, -23
-48899, 7200, 369, 179, 35, -24
-48099, 7200, 369, 178, 34, -24
-47299, 7200, 369, 177, 33, -24
-46499, 7200, 369, 176, 32, -25
-45699, 7200, 369, 175, 31, -25
-44899, 7200, 369, 174, 29, -27
-44099, 7200, 369, 173, 28, -26
-43299, 7200, 369, 172, 29, -28
-42499, 7200, 369, 171, 27, -29
-41699, 7200, 369, 171, 27, -30
-40899, 7200, 369, 170, 26, -31
-40099, 7200, 369, 170, 26, -32
-39299, 7200, 369, 168, 26, -33
-38499, 7200, 369, 168, 25, -34
-37699, 7200, 369, 168, 25, -34
-36899, 7200, 369, 168, 26, -35
-36099, 7200, 369, 167, 25, -36
-35299, 7200, 369, 167, 25, -36
-34499, 7200, 369, 167, 25, -36
-33699, 7200, 369, 167, 25, -36
-32899, 7200, 369, 167, 24, -37
-32099, 7200, 369, 167, 24, -37
-31299, 7200, 369, 167, 24, -37
-30499, 7200, 369, 167, 24, -37
-29699, 7200, 369, 167, 23, -38
-28899, 7200, 369, 168, 23, -38
-28099, 7200, 369, 168, 23, -38
-27299, 7200, 369, 169, 22, -38
-26499, 7200, 369, 169, 22, -38
-25699, 7200, 369, 169, 21, -38
-24899, 7200, 369, 169, 21, -38
-24099, 7200, 369, 170, 21, -38
-23299, 7200, 369, 170, 20, -38
-22499, 7200, 369, 172, 19, -38
-21699, 7200, 369, 172, 18, -39
-20899, 7200, 369, 173, 17, -39
-20099, 7200, 369, 174, 16, -39
-19299, 7200, 369, 175, 14, -38
-18499, 7200, 369, 176, 12, -39
-17699, 7200, 369, 178, 11, -39
-16899, 7200, 369, 179, 9, -39
-16099, 7200, 369, 180, 6, -39
-15299, 7200, 369, 182, 3, -39
-14499, 7200, 369, 183, -1, -39
-13699, 7200, 369, 185, -6, -39
-12899, 7200, 369, 187, -11, -39
-12099, 7200, 369, 188, -17, -39
-11299, 7200, 369, 190, -24, -38
-10499, 7200, 369, 190, -30, -38
-9699, 7200, 369, 189, -37, -37
-8899, 7200, 369, 186, -44, -36
-8099, 7200, 369, 180, -49, -36
-7299, 7200, 369, 171, -53, -34
-6499, 7200, 369, 159, -56, -33
-5699, 7200, 369, 146, -57, -32
-4899, 7200, 369, 130, -58, -31
-4099, 7200, 369, 116, -57, -29
-3299, 7200, 369, 102, -57, -27
-2499, 7200, 369, 91, -55, -26
-1699, 7200, 369, 81, -53, -24
-899, 7200, 369, 72, -52, -23
-99, 7200, 369, 64, -49, -22
0, 6499, 369, 63, -48, -14
-301, 6000, 369, 62, -47, -8
-1101, 6000, 369, 69, -49, -8
-1901, 6000, 369, 77, -50, -8
-2701, 6000, 369, 85, -51, -9
-3501, 6000, 369, 95, -53, -9
-4301, 6000, 369, 107, -54, -8
-5101, 6000, 369, 119, -54, -8
-5901, 6000, 369, 132, -53, -8
-6701, 6000, 369, 145, -52, -8
-7501, 6000, 369, 156, -50, -7
-8301, 6000, 369, 165, -46, -7
-9101, 6000, 369, 171, -42, -7
-9901, 6000, 369, 174, -36, -7
-10701, 6000, 369, 175, -30, -7
-11501, 6000, 369, 175, -24, -7
-12301, 6000, 369, 174, -18, -7
-13101, 6000, 369, 173, -13, -8
-13901, 6000, 369, 172, -7, -7
-14701, 6000, 369, 171, -3, -8
-15501, 6000, 369, 169, 1, -8
-16301, 6000, 369, 168, 3, -8
-17101, 6000, 369, 166, 6, -8
-17901, 6000, 369, 165, 9, -8
-18701, 6000, 369, 164, 11, -8
-19501, 6000, 369, 163, 13, -8
-20301, 6000, 369, 162, 14, -8
-21101, 6000, 369, 161, 15, -8
-21901, 6000, 369, 160, 16, -8
-22701, 6000, 369, 159, 17, -8
-23501, 6000, 369, 159, 18, -8
-24301, 6000, 369, 158, 18, -8
-25101, 6000, 369, 157, 19, -8
-25901, 6000, 369, 157, 20, -8
-26701, 6000, 369, 156, 20, -8
-27501, 6000, 369, 156, 21, -8
-28301, 6000, 369, 155, 21, -8
-29101, 6000, 369, 155, 22, -8
-29901, 6000, 369, 155, 22, -7
-30701, 6000, 369, 155, 22, -7
-31501, 6000, 369, 155, 22, -7
-32301, 6000, 369, 154, 23, -7
-33101, 6000, 369, 154, 23, -7
-33901, 6000, 369, 154, 23, -6
-34701, 6000, 369, 155, 24, -6
-35501, 6000, 369, 154, 24, -6
-36301, 6000, 369, 155, 24, -6
-37101, 6000, 369, 155, 25, -5
-37901, 6000, 369, 155, 25, -5
-38701, 6000, 369, 155, 25, -4
-39501, 6000, 369, 156, 25, -3
-40301, 6000, 369, 156, 26, -3
-41101, 6000, 369, 156, 27, -2
-41901, 6000, 369, 157, 27, -2
-42701, 6000, 369, 157, 27, -1
-43501, 6000, 369, 158, 28, -1
-44301, 6000, 369, 159, 28, 1
-45101, 6000, 369, 160, 29, 1
-45901, 6000, 369, 160, 30, 2
-46701, 6000, 369, 161, 31, 3
-47501, 6000, 369, 162, 32, 3
-48301, 6000, 369, 163, 34, 4
-49101, 6000, 369, 164, 35, 4
-49901, 6000, 369, 165, 36, 5
-50701, 6000, 369, 167, 38, 5
-51501, 6000, 369, 167, 39, 5
-52301, 6000, 369, 168, 41, 5
-53101, 6000, 369, 171, 44, 5
-53901, 6000, 369, 172, 46, 5
-54701, 6000, 369, 173, 48, 5
-55501, 6000, 369, 174, 51, 5
-56301, 6000, 369, 175, 55, 5
-57101, 6000, 369, 174, 60, 4
-57901, 6000, 369, 172, 63, 4
-58701, 6000, 369, 167, 68, 3
-59501, 6000, 369, 160, 73, 3
-60301, 6000, 369, 150, 77, 2
-61101, 6000, 369, 137, 83, 1
-61901, 6000, 369, 124, 87, 0
-62701, 6000, 369, 112, 90, -2
-63501, 6000, 369, 99, 92, -3
-64301, 6000, 369, 89, 93, -3
-65101, 6000, 369, 80, 92, -4
-65901, 6000, 369, 71, 91, -6
-66701, 6000, 369, 65, 88, -6
-67501, 6000, 369, 58, 85, -7
-68301, 6000, 369, 53, 82, -8
-69101, 6000, 369, 48, 78, -9
-69901, 6000, 369, 44, 75, -9
-70701, 6000, 369, 40, 72, -9
-71501, 6000, 369, 37, 68, -10
-72000, 5699, 369, 34, 65, -8
-72000, 4899, 369, 33, 61, -3
-71299, 4800, 369, 34, 62, -3
-70499, 4800, 369, 37, 65, -1
-69699, 4800, 369, 40, 67, 0
-68899, 4800, 369, 43, 70, 2
-68099, 4800, 369, 47, 73, 3
-67299, 4800, 369, 52, 75, 4
-66499, 4800, 369, 56, 76, 6
-65699, 4800, 369, 62, 78, 8
-64899, 4800, 369, 67, 78, 10
-64099, 4800, 369, 75, 79, 13
-63299, 4800, 369, 81, 78, 14
-62499, 4800, 369, 91, 77, 18
-61699, 4800, 369, 97, 74, 20
-60899, 4800, 369, 106, 71, 22
-60099, 4800, 369, 114, 68, 25
-59299, 4800, 369, 121, 64, 27
-58499, 4800, 369, 126, 60, 28
-57699, 4800, 369, 130, 57, 29
-56899, 4800, 369, 133, 53, 31
-56099, 4800, 369, 134, 50, 31
-55299, 4800, 369, 135, 47, 31
-54499, 4800, 369, 135, 44, 32
-53699, 4800, 369, 135, 43, 31
-52899, 4800, 369, 135, 41, 31
-52099, 4800, 369, 134, 38, 31
-51299, 4800, 369, 133, 36, 31
-50499, 4800, 369, 133, 34, 31
-49699, 4800, 369, 132, 33, 30
-48899, 4800, 369, 132, 32, 31
-48099, 4800, 369, 131, 30, 29
-47299, 4800, 369, 130, 29, 29
-46499, 4800, 369, 130, 29, 28
-45699, 4800, 369, 130, 28, 28
-44899, 4800, 369, 129, 26, 27
-44099, 4800, 369, 129, 26, 27
-43299, 4800, 369, 129, 25, 26
-42499, 4800, 369, 128, 24, 25
-41699, 4800, 369, 127, 23, 25
-40899, 4800, 369, 127, 23, 24
-40099, 4800, 369, 126, 23, 24
-39299, 4800, 369, 127, 22, 24
-38499, 4800, 369, 126, 23, 23
-37699, 4800, 369, 126, 22, 23
-36899, 4800, 369, 126, 21, 22
-36099, 4800, 369, 126, 22, 22
-35299, 4800, 369, 126, 20, 22
-34499, 4800, 369, 126, 20, 21
-33699, 4800, 369, 126, 20, 21
-32899, 4800, 369, 126, 19, 20
-32099, 4800, 369, 126, 19, 20
-31299, 4800, 369, 128, 19, 21
-30499, 4800, 369, 127, 18, 20
-29699, 4800, 369, 127, 18, 20
-28899, 4800, 369, 126, 17, 20
-28099, 4800, 369, 127, 17, 20
-27299, 4800, 369, 128, 16, 20
-26499, 4800, 369, 128, 16, 20
-25699, 4800, 369, 128, 15, 19
-24899, 4800, 369, 129, 15, 20
-24099, 4800, 369, 129, 14, 20
-23299, 4800, 369, 130, 13, 20
-22499, 4800, 369, 130, 12, 20
-21699, 4800, 369, 131, 11, 20
-20899, 4800, 369, 132, 10, 20
-20099, 4800, 369, 132, 9, 20
-19299, 4800, 369, 132, 7, 21
-18499, 4800, 369, 134, 5, 20
-17699, 4800, 369, 135, 3, 21
-16899, 4800, 369, 135, 1, 21
-16099, 4800, 369, 136, -1, 21
-15299, 4800, 369, 137, -4, 21
-14499, 4800, 369, 138, -7, 21
-13699, 4800, 369, 139, -10, 22
-12899, 4800, 369, 139, -15, 21
-12099, 4800, 369, 140, -19, 21
-11299, 4800, 369, 140, -23, 21
-10499, 4800, 369, 140, -28, 21
-9699, 4800, 369, 137, -33, 20
-8899, 4800, 369, 134, -37, 20
-8099, 4800, 369, 130, -41, 19
-7299, 4800, 369, 124, -44, 17
-6499, 4800, 369, 116, -46, 16
-5699, 4800, 369, 108, -47, 14
-4899, 4800, 369, 99, -48, 12
-4099, 4800, 369, 91, -48, 11
-3299, 4800, 369, 82, -48, 9
-2499, 4800, 369, 75, -47, 8
-1699, 4800, 369, 68, -46, 6
-899, 4800, 369, 61, -45, 4
-99, 4800, 369, 56, -44, 3
0, 4099, 369, 52, -41, 9
-301, 3600, 369, 48, -38, 13
-1101, 3600, 369, 53, -39, 15
-1901, 3600, 369, 57, -40, 17
-2701, 3600, 369, 62, -41, 19
-3501, 3600, 369, 66, -41, 22
-4301, 3600, 369, 72, -41, 25
-5101, 3600, 369, 77, -41, 27
-5901, 3600, 369, 82, -40, 30
-6701, 3600, 369, 87, -39, 33
-7501, 3600, 369, 91, -37, 35
-8301, 3600, 369, 95, -35, 37
-9101, 3600, 369, 98, -33, 39
-9901, 3600, 369, 101, -29, 40
-10701, 3600, 369, 102, -26, 42
-11501, 3600, 369, 104, -23, 42
-12301, 3600, 369, 105, -19, 43
-13101, 3600, 369, 105, -16, 44
-13901, 3600, 369, 105, -13, 43
-14701, 3600, 369, 105, -10, 43
-15501, 3600, 369, 105, -7, 43
-16301, 3600, 369, 104, -5, 43
-17101, 3600, 369, 104, -2, 43
-17901, 3600, 369, 104, -1, 43
-18701, 3600, 369, 103, 1, 42
-19501, 3600, 369, 103, 2, 42
-20301, 3600, 369, 102, 5, 42
-21101, 3600, 369, 102, 5, 42
-21901, 3600, 369, 102, 7, 42
-22701, 3600, 369, 101, 8, 42
-23501, 3600, 369, 100, 9, 41
-24301, 3600, 369, 102, 10, 41
-25101, 3600, 369, 100, 10, 41
-25901, 3600, 369, 100, 12, 41
-26701, 3600, 369, 100, 12, 41
-27501, 3600, 369, 100, 12, 41
-28301, 3600, 369, 99, 13, 41
-29101, 3600, 369, 99, 13, 41
-29901, 3600, 369, 99, 15, 41
-30701, 3600, 369, 99, 15, 40
-31501, 3600, 369, 99, 15, 41
-32301, 3600, 369, 99, 16, 41
-33101, 3600, 369, 99, 16, 41
-33901, 3600, 369, 99, 16, 41
-34701, 3600, 369, 99, 17, 41
-35501, 3600, 369, 99, 18, 42
-36301, 3600, 369, 98, 17, 42
-37101, 3600, 369, 99, 18, 42
-37901, 3600, 369, 99, 18, 43
-38701, 3600, 369, 99, 19, 43
-39501, 3600, 369, 99, 20, 43
-40301, 3600, 369, 99, 20, 44
-41101, 3600, 369, 100, 20, 44
-41901, 3600, 369, 99, 21, 45
-42701, 3600, 369, 99, 22, 45
-43501, 3600, 369, 99, 24, 45
-44301, 3600, 369, 99, 23, 46
-45101, 3600, 369, 101, 24, 47
-45901, 3600, 369, 100, 25, 47
-46701, 3600, 369, 100, 26, 47
-47501, 3600, 369, 100, 27, 47
-48301, 3600, 369, 100, 28, 48
-49101, 3600, 369, 102, 29, 48
-49901, 3600, 369, 101, 30, 48
-50701, 3600, 369, 101, 32, 49
-51501, 3600, 369, 101, 33, 49
-52301, 3600, 369, 101, 35, 50
-53101, 3600, 369, 101, 36, 50
-53901, 3600, 369, 101, 38, 50
-54701, 3600, 369, 101, 40, 50
-55501, 3600, 369, 99, 42, 49
-56301, 3600, 369, 98, 45, 49
-57101, 3600, 369, 97, 48, 48
-57901, 3600, 369, 94, 49, 46
-58701, 3600, 369, 92, 52, 45
-59501, 3600, 369, 88, 55, 43
-60301, 3600, 369, 84, 58, 40
-61101, 3600, 369, 80, 60, 37
-61901, 3600, 369, 75, 62, 34
-62701, 3600, 369, 71, 64, 31
-63501, 3600, 369, 66, 65, 27
-64301, 3600, 369, 61, 66, 24
-65101, 3600, 369, 57, 66, 22
-65901, 3600, 369, 53, 65, 18
-66701, 3600, 369, 49, 65, 16
-67501, 3600, 369, 45, 64, 13
-68301, 3600, 369, 42, 63, 11
-69101, 3600, 369, 40, 61, 9
-69901, 3600, 369, 37, 59, 8
-70701, 3600, 369, 35, 58, 7
-71501, 3600, 369, 32, 56, 5
-72000, 3299, 369, 30, 53, 6
-72000, 2499, 369, 28, 49, 9
-71299, 2400, 369, 29, 48, 10
-70499, 2400, 369, 31, 50, 11
-69699, 2400, 369, 32, 51, 13
-68899, 2400, 369, 34, 52, 15
-68099, 2400, 369, 36, 53, 17
-67299, 2400, 369, 39, 53, 19
-66499, 2400, 369, 41, 54, 21
-65699, 2400, 369, 43, 54, 24
-64899, 2400, 369, 46, 54, 27
-64099, 2400, 369, 49, 54, 30
-63299, 2400, 369, 53, 53, 33
-62499, 2400, 369, 55, 53, 36
-61699, 2400, 369, 58, 51, 39
-60899, 2400, 369, 61, 50, 42
-60099, 2400, 369, 63, 48, 44
-59299, 2400, 369, 65, 46, 47
-58499, 2400, 369, 68, 45, 50
-57699, 2400, 369, 70, 43, 51
-56899, 2400, 369, 71, 41, 53
-56099, 2400, 369, 73, 39, 53
-55299, 2400, 369, 73, 37, 55
-54499, 2400, 369, 75, 35, 55
-53699, 2400, 369, 75, 34, 56
-52899, 2400, 369, 76, 32, 56
-52099, 2400, 369, 77, 31, 56
-51299, 2400, 369, 76, 30, 56
-50499, 2400, 369, 77, 29, 56
-49699, 2400, 369, 77, 27, 56
-48899, 2400, 369, 77, 26, 56
-48099, 2400, 369, 77, 25, 56
-47299, 2400, 369, 77, 24, 55
-46499, 2400, 369, 77, 23, 55
-45699, 2400, 369, 77, 22, 54
-44899, 2400, 369, 79, 21, 55
-44099, 2400, 369, 77, 20, 54
-43299, 2400, 369, 77, 19, 54
-42499, 2400, 369, 77, 19, 53
-41699, 2400, 369, 77, 18, 53
-40899, 2400, 369, 78, 17, 53
-40099, 2400, 369, 77, 17, 52
-39299, 2400, 369, 77, 16, 52
-38499, 2400, 369, 77, 17, 52
-37699, 2400, 369, 77, 15, 52
-36899, 2400, 369, 77, 15, 52
-36099, 2400, 369, 77, 14, 51
-35299, 2400, 369, 77, 13, 51
-34499, 2400, 369, 77, 13, 52
-33699, 2400, 369, 77, 13, 52
-32899, 2400, 369, 78, 12, 52
-32099, 2400, 369, 77, 12, 51
-31299, 2400, 369, 77, 12, 51
-30499, 2400, 369, 77, 11, 51
-29699, 2400, 369, 77, 10, 51
-28899, 2400, 369, 78, 9, 51
-28099, 2400, 369, 77, 9, 51
-27299, 2400, 369, 78, 8, 51
-26499, 2400, 369, 79, 8, 51
-25699, 2400, 369, 78, 7, 51
-24899, 2400, 369, 78, 6, 51
-24099, 2400, 369, 78, 5, 51
-23299, 2400, 369, 78, 5, 52
-22499, 2400, 369, 79, 4, 51
-21699, 2400, 369, 79, 4, 52
-20899, 2400, 369, 79, 1, 52
-20099, 2400, 369, 79, 0, 52
-19299, 2400, 369, 80, -1, 52
-18499, 2400, 369, 79, -3, 52
-17699, 2400, 369, 79, -4, 52
-16899, 2400, 369, 79, -6, 53
-16099, 2400, 369, 79, -8, 53
-15299, 2400, 369, 79, -10, 53
-14499, 2400, 369, 79, -12, 53
-13699, 2400, 369, 79, -14, 52
-12899, 2400, 369, 78, -16, 52
-12099, 2400, 369, 78, -19, 52
-11299, 2400, 369, 77, -21, 51
-10499, 2400, 369, 76, -24, 50
-9699, 2400, 369, 74, -26, 48
-8899, 2400, 369, 73, -28, 47
-8099, 2400, 369, 71, -30, 45
-7299, 2400, 369, 68, -32, 43
-6499, 2400, 369, 65, -33, 41
-5699, 2400, 369, 62, -34, 38
-4899, 2400, 369, 59, -34, 35
-4099, 2400, 369, 57, -35, 32
-3299, 2400, 369, 53, -35, 29
-2499, 2400, 369, 51, -35, 27
-1699, 2400, 369, 48, -35, 24
-899, 2400, 369, 45, -35, 22
-99, 2400, 369, 42, -34, 19
0, 1699, 369, 38, -31, 21
-301, 1200, 369, 36, -29, 23
-1101, 1200, 369, 38, -30, 25
-1901, 1200, 369, 40, -29, 27
-2701, 1200, 369, 42, -30, 30
-3501, 1200, 369, 44, -30, 32
-4301, 1200, 369, 46, -29, 35
-5101, 1200, 369, 48, -29, 37
-5901, 1200, 369, 50, -28, 39
-6701, 1200, 369, 51, -28, 41
-7501, 1200, 369, 53, -27, 44
-8301, 1200, 369, 55, -26, 46
-9101, 1200, 369, 56, -24, 48
-9901, 1200, 369, 57, -23, 49
-10701, 1200, 369, 59, -21, 50
-11501, 1200, 369, 59, -20, 51
-12301, 1200, 369, 60, -17, 53
-13101, 1200, 369, 61, -16, 53
-13901, 1200, 369, 62, -14, 54
-14701, 1200, 369, 62, -12, 54
-15501, 1200, 369, 62, -11, 54
-16301, 1200, 369, 62, -10, 55
-17101, 1200, 369, 63, -7, 54
-17901, 1200, 369, 63, -6, 54
-18701, 1200, 369, 63, -4, 55
-19501, 1200, 369, 63, -3, 55
-20301, 1200, 369, 62, -2, 55
-21101, 1200, 369, 63, 0, 54
-21901, 1200, 369, 63, 0, 54
-22701, 1200, 369, 63, 1, 54
-23501, 1200, 369, 63, 2, 54
-24301, 1200, 369, 63, 3, 54
-25101, 1200, 369, 63, 4, 54
-25901, 1200, 369, 63, 5, 54
-26701, 1200, 369, 63, 5, 54
-27501, 1200, 369, 63, 6, 54
-28301, 1200, 369, 63, 7, 54
-29101, 1200, 369, 62, 7, 53
-29901, 1200, 369, 62, 8, 53
-30701, 1200, 369, 63, 8, 54
-31501, 1200, 369, 63, 9, 54
-32301, 1200, 369, 63, 10, 54
-33101, 1200, 369, 62, 10, 54
-33901, 1200, 369, 62, 11, 54
-34701, 1200, 369, 62, 11, 54
-35501, 1200, 369, 62, 12, 54
-36301, 1200, 369, 62, 12, 54
-37101, 1200, 369, 62, 13, 54
-37901, 1200, 369, 61, 13, 54
-38701, 1200, 369, 62, 14, 54
-39501, 1200, 369, 62, 14, 55
-40301, 1200, 369, 62, 15, 55
-41101, 1200, 369, 62, 15, 55
-41901, 1200, 369, 62, 16, 55
-42701, 1200, 369, 62, 17, 55
-43501, 1200, 369, 63, 17, 56
-44301, 1200, 369, 62, 18, 56
-45101, 1200, 369, 62, 19, 56
-45901, 1200, 369, 61, 20, 56
-46701, 1200, 369, 62, 20, 56
-47501, 1200, 369, 62, 22, 56
-48301, 1200, 369, 63, 22, 56
-49101, 1200, 369, 61, 23, 57
-49901, 1200, 369, 60, 24, 56
-50701, 1200, 369, 61, 25, 56
-51501, 1200, 369, 61, 26, 56
-52301, 1200, 369, 60, 28, 56
-53101, 1200, 369, 60, 29, 56
-53901, 1200, 369, 59, 30, 55
-54701, 1200, 369, 59, 32, 55
-55501, 1200, 369, 58, 33, 54
-56301, 1200, 369, 56, 34, 53
-57101, 1200, 369, 56, 36, 51
-57901, 1200, 369, 55, 37, 50
-58701, 1200, 369, 53, 38, 48
-59501, 1200, 369, 51, 40, 46
-60301, 1200, 369, 50, 41, 45
-61101, 1200, 369, 48, 42, 42
-61901, 1200, 369, 46, 44, 40
-62701, 1200, 369, 45, 44, 37
-63501, 1200, 369, 42, 44, 35
-64301, 1200, 369, 41, 45, 32
-65101, 1200, 369, 39, 46, 30
-65901, 1200, 369, 37, 46, 27
-66701, 1200, 369, 35, 45, 25
-67501, 1200, 369, 34, 46, 23
-68301, 1200, 369, 32, 45, 20
-69101, 1200, 369, 30, 45, 18
-69901, 1200, 369, 28, 44, 17
-70701, 1200, 369, 27, 43, 14
-71501, 1200, 369, 25, 42, 13
-72000, 899, 369, 24, 40, 13
-72000, 99, 369, 22, 37, 14
-71299, 0, 369, 22, 37, 15
-70499, 0, 369, 23, 38, 16
-69699, 0, 369, 25, 37, 18
-68899, 0, 369, 26, 38, 19
-68099, 0, 369, 27, 38, 21
-67299, 0, 369, 28, 39, 23
-66499, 0, 369, 29, 38, 25
-65699, 0, 369, 31, 39, 27
-64899, 0, 369, 32, 39, 29
-64099, 0, 369, 34, 38, 31
-63299, 0, 369, 36, 38, 34
-62499, 0, 369, 36, 37, 35
-61699, 0, 369, 38, 37, 37
-60899, 0, 369, 40, 36, 40
-60099, 0, 369, 40, 35, 41
-59299, 0, 369, 41, 34, 42
-58499, 0, 369, 42, 33, 45
-57699, 0, 369, 43, 32, 46
-56899, 0, 369, 44, 31, 47
-56099, 0, 369, 45, 30, 48
-55299, 0, 369, 46, 29, 50
-54499, 0, 369, 47, 28, 51
-53699, 0, 369, 47, 27, 52
-52899, 0, 369, 47, 26, 52
-52099, 0, 369, 48, 25, 52
-51299, 0, 369, 48, 24, 53
-50499, 0, 369, 49, 22, 52
-49699, 0, 369, 49, 22, 53
-48899, 0, 369, 49, 21, 54
-48099, 0, 369, 49, 20, 53
-47299, 0, 369, 50, 19, 53
-46499, 0, 369, 50, 18, 54
-45699, 0, 369, 50, 17, 54
-44899, 0, 369, 50, 17, 54
-44099, 0, 369, 50, 16, 54
-43299, 0, 369, 50, 15, 54
-42499, 0, 369, 50, 15, 53
-41699, 0, 369, 51, 14, 54
-40899, 0, 369, 50, 14, 53
-40099, 0, 369, 51, 13, 53
-39299, 0, 369, 51, 12, 53
-38499, 0, 369, 51, 12, 53
-37699, 0, 369, 50, 11, 53
-36899, 0, 369, 51, 11, 53
-36099, 0, 369, 51, 12, 53
-35299, 0, 369, 51, 9, 53
-34499, 0, 369, 51, 9, 53
-33699, 0, 369, 51, 9, 52
-32899, 0, 369, 51, 8, 52
-32099, 0, 369, 51, 8, 52
-31299, 0, 369, 51, 7, 52
-30499, 0, 369, 51, 6, 53
-29699, 0, 369, 51, 6, 52
-28899, 0, 369, 51, 5, 52
-28099, 0, 369, 51, 4, 53
-27299, 0, 369, 51, 4, 53
-26499, 0, 369, 51, 3, 53
-25699, 0, 369, 51, 2, 52
-24899, 0, 369, 51, 2, 52
-24099, 0, 369, 51, 1, 52
-23299, 0, 369, 51, 0, 53
-22499, 0, 369, 52, -1, 53
-21699, 0, 369, 51, -2, 53
-20899, 0, 369, 51, -3, 53
-20099, 0, 369, 51, -4, 52
-19299, 0, 369, 51, -5, 52
-18499, 0, 369, 51, -6, 52
-17699, 0, 369, 50, -7, 52
-16899, 0, 369, 50, -8, 52
-16099, 0, 369, 50, -10, 52
-15299, 0, 369, 50, -11, 52
-14499, 0, 369, 50, -12, 52
-13699, 0, 369, 49, -13, 51
-12899, 0, 369, 48, -14, 50
-12099, 0, 369, 48, -16, 50
-11299, 0, 369, 47, -17, 48
-10499, 0, 369, 47, -19, 47
-9699, 0, 369, 46, -20, 46
-8899, 0, 369, 45, -21, 45
-8099, 0, 369, 44, -21, 43
-7299, 0, 369, 42, -23, 42
-6499, 0, 369, 41, -24, 40
-5699, 0, 369, 40, -24, 38
-4899, 0, 369, 39, -25, 36
-4099, 0, 369, 37, -26, 34
-3299, 0, 369, 36, -25, 32
-2499, 0, 369, 35, -26, 30
-1699, 0, 369, 33, -26, 28
-899, 0, 369, 32, -26, 26
-99, 0, 369, 30, -25, 24
0, -701, 369, 28, -23, 24
-301, -1200, 369, 26, -22, 24
-1101, -1200, 369, 27, -22, 26
-1901, -1200, 369, 29, -22, 27
-2701, -1200, 369, 29, -22, 29
-3501, -1200, 369, 30, -22, 31
-4301, -1200, 369, 31, -21, 33
-5101, -1200, 369, 32, -21, 34
-5901, -1200, 369, 34, -21, 36
-6701, -1200, 369, 34, -20, 37
-7501, -1200, 369, 35, -20, 40
-8301, -1200, 369, 35, -19, 40
-9101, -1200, 369, 37, -17, 41
-9901, -1200, 369, 38, -17, 43
-10701, -1200, 369, 38, -16, 44
-11501, -1200, 369, 39, -15, 44
-12301, -1200, 369, 39, -14, 45
-13101, -1200, 369, 40, -13, 46
-13901, -1200, 369, 40, -13, 47
-14701, -1200, 369, 40, -11, 47
-15501, -1200, 369, 41, -10, 48
-16301, -1200, 369, 41, -9, 48
-17101, -1200, 369, 41, -8, 49
-17901, -1200, 369, 42, -7, 50
-18701, -1200, 369, 42, -6, 49
-19501, -1200, 369, 42, -5, 49
-20301, -1200, 369, 43, -4, 49
-21101, -1200, 369, 42, -4, 50
-21901, -1200, 369, 43, -2, 50
-22701, -1200, 369, 43, -2, 50
-23501, -1200, 369, 43, -1, 50
-24301, -1200, 369, 43, 0, 50
-25101, -1200, 369, 43, 0, 50
-25901, -1200, 369, 43, 1, 50
-26701, -1200, 369, 43, 2, 50
-27501, -1200, 369, 43, 3, 50
-28301, -1200, 369, 43, 4, 50
-29101, -1200, 369, 43, 4, 50
-29901, -1200, 369, 43, 5, 50
-30701, -1200, 369, 43, 5, 50
-31501, -1200, 369, 43, 5, 50
-32301, -1200, 369, 43, 6, 50
-33101, -1200, 369, 43, 7, 50
-33901, -1200, 369, 43, 7, 50
-34701, -1200, 369, 43, 8, 50
-35501, -1200, 369, 42, 9, 50
-36301, -1200, 369, 43, 9, 50
-37101, -1200, 369, 43, 10, 50
-37901, -1200, 369, 43, 10, 50
-38701, -1200, 369, 43, 11, 50
-39501, -1200, 369, 43, 11, 50
-40301, -1200, 369, 43, 12, 50
-41101, -1200, 369, 43, 12, 50
-41901, -1200, 369, 42, 13, 50
-42701, -1200, 369, 42, 13, 51
-43501, -1200, 369, 42, 14, 50
-44301, -1200, 369, 42, 15, 51
-45101, -1200, 369, 42, 15, 50
-45901, -1200, 369, 42, 16, 50
-46701, -1200, 369, 41, 17, 50
-47501, -1200, 369, 42, 17, 50
-48301, -1200, 369, 41, 18, 50
-49101, -1200, 369, 41, 19, 50
-49901, -1200, 369, 41, 20, 49
-50701, -1200, 369, 41, 21, 49
-51501, -1200, 369, 39, 22, 48
-52301, -1200, 369, 40, 22, 48
-53101, -1200, 369, 39, 23, 47
-53901, -1200, 369, 38, 24, 47
-54701, -1200, 369, 38, 25, 47
-55501, -1200, 369, 38, 26, 46
-56301, -1200, 369, 37, 26, 44
-57101, -1200, 369, 37, 28, 43
-57901, -1200, 369, 36, 29, 42
-58701, -1200, 369, 35, 29, 41
-59501, -1200, 369, 34, 30, 39
-60301, -1200, 369, 33, 31, 38
-61101, -1200, 369, 33, 32, 37
-61901, -1200, 369, 32, 32, 35
-62701, -1200, 369, 31, 32, 34
-63501, -1200, 369, 30, 33, 33
-64301, -1200, 369, 29, 33, 30
-65101, -1200, 369, 28, 33, 29
-65901, -1200, 369, 26, 34, 27
-66701, -1200, 369, 25, 34, 25
-67501, -1200, 369, 25, 34, 23
-68301, -1200, 369, 24, 33, 22
-69101, -1200, 369, 23, 33, 20
-69901, -1200, 369, 23, 33, 19
-70701, -1200, 369, 21, 34, 18
-71501, -1200, 369, 20, 33, 16
-72000, -1501, 369, 20, 31, 16
-72000, -2301, 369, 18, 28, 16
-71299, -2400, 369, 18, 28, 16
-70499, -2400, 369, 18, 28, 17
-69699, -2400, 369, 19, 28, 18
-68899, -2400, 369, 20, 29, 20
-68099, -2400, 369, 21, 29, 21
-67299, -2400, 369, 21, 29, 22
-66499, -2400, 369, 22, 29, 24
-65699, -2400, 369, 23, 29, 25
-64899, -2400, 369, 24, 28, 26
-64099, -2400, 369, 24, 28, 28
-63299, -2400, 369, 25, 28, 29
-62499, -2400, 369, 26, 28, 32
-61699, -2400, 369, 27, 27, 32
-60899, -2400, 369, 27, 27, 33
-60099, -2400, 369, 28, 27, 35
-59299, -2400, 369, 29, 25, 36
-58499, -2400, 369, 29, 25, 37
-57699, -2400, 369, 30, 24, 39
-56899, -2400, 369, 30, 24, 39
-56099, -2400, 369, 31, 23, 39
-55299, -2400, 369, 31, 23, 41
-54499, -2400, 369, 32, 21, 42
-53699, -2400, 369, 32, 21, 42
-52899, -2400, 369, 33, 20, 43
-52099, -2400, 369, 33, 20, 44
-51299, -2400, 369, 33, 19, 44
-50499, -2400, 369, 33, 18, 44
-49699, -2400, 369, 34, 18, 44
-48899, -2400, 369, 34, 17, 45
-48099, -2400, 369, 34, 16, 45
-47299, -2400, 369, 35, 16, 46
-46499, -2400, 369, 36, 15, 46
-45699, -2400, 369, 35, 14, 46
-44899, -2400, 369, 35, 14, 46
-44099, -2400, 369, 36, 13, 47
-43299, -2400, 369, 35, 12, 46
-42499, -2400, 369, 35, 12, 46
-41699, -2400, 369, 35, 12, 47
-40899, -2400, 369, 36, 11, 47
-40099, -2400, 369, 35, 11, 46
-39299, -2400, 369, 36, 10, 47
-38499, -2400, 369, 36, 9, 47
-37699, -2400, 369, 38, 9, 47
-36899, -2400, 369, 36, 8, 46
-36099, -2400, 369, 36, 8, 46
-35299, -2400, 369, 36, 7, 46
-34499, -2400, 369, 36, 7, 47
-33699, -2400, 369, 36, 6, 46
-32899, -2400, 369, 36, 5, 46
-32099, -2400, 369, 36, 5, 46
-31299, -2400, 369, 36, 4, 47
-30499, -2400, 369, 36, 4, 47
-29699, -2400, 369, 36, 4, 47
-28899, -2400, 369, 36, 2, 46
-28099, -2400, 369, 36, 2, 46
-27299, -2400, 369, 36, 1, 47
-26499, -2400, 369, 36, 1, 46
-25699, -2400, 369, 36, 0, 46
-24899, -2400, 369, 36, 0, 46
-24099, -2400, 369, 36, -1, 46
-23299, -2400, 369, 36, -2, 46
-22499, -2400, 369, 36, -3, 46
-21699, -2400, 369, 36, -3, 46
-20899, -2400, 369, 36, -4, 45
-20099, -2400, 369, 35, -5, 46
-19299, -2400, 369, 35, -6, 45
-18499, -2400, 369, 36, -6, 46
-17699, -2400, 369, 35, -7, 45
-16899, -2400, 369, 35, -8, 45
-16099, -2400, 369, 34, -9, 44
-15299, -2400, 369, 34, -10, 44
-14499, -2400, 369, 34, -10, 43
-13699, -2400, 369, 34, -12, 43
-12899, -2400, 369, 32, -12, 42
-12099, -2400, 369, 33, -13, 41
-11299, -2400, 369, 32, -14, 41
-10499, -2400, 369, 32, -14, 40
-9699, -2400, 369, 31, -15, 39
-8899, -2400, 369, 31, -16, 38
-8099, -2400, 369, 30, -17, 37
-7299, -2400, 369, 29, -17, 36
-6499, -2400, 369, 29, -18, 34
-5699, -2400, 369, 28, -18, 33
-4899, -2400, 369, 27, -19, 32
-4099, -2400, 369, 26, -19, 31
-3299, -2400, 369, 25, -20, 29
-2499, -2400, 369, 25, -19, 28
-1699, -2400, 369, 24, -19, 26
-899, -2400, 369, 23, -19, 25
-99, -2400, 369, 23, -19, 24
-578, -2400, 492, 24, -19, 23
-1378, -2400, 492, 25, -18, 24
-2178, -2400, 492, 25, -18, 26
-2978, -2400, 492, 26, -18, 27
-3778, -2400, 492, 27, -18, 28
-4578, -2400, 492, 27, -18, 29
-5378, -2400, 492, 28, -17, 31
-6178, -2400, 492, 29, -17, 32
-6978, -2400, 492, 30, -16, 33
-7778, -2400, 492, 30, -16, 34
-8578, -2400, 492, 31, -15, 35
-9378, -2400, 492, 31, -15, 36
-10178, -2400, 492, 32, -14, 37
-10978, -2400, 492, 33, -13, 38
-11778, -2400, 492, 33, -12, 39
-12578, -2400, 492, 34, -12, 40
-13378, -2400, 492, 34, -11, 40
-14178, -2400, 492, 34, -10, 41
-14978, -2400, 492, 34, -10, 40
-15778, -2400, 492, 35, -9, 42
-16578, -2400, 492, 35, -8, 42
-17378, -2400, 492, 36, -7, 42
-18178, -2400, 492, 36, -6, 43
-18978, -2400, 492, 36, -6, 43
-19778, -2400, 492, 36, -5, 44
-20578, -2400, 492, 36, -4, 43
-21378, -2400, 492, 37, -3, 44
-22178, -2400, 492, 37, -3, 44
-22978, -2400, 492, 37, -2, 43
-23778, -2400, 492, 37, -1, 44
-24578, -2400, 492, 37, 0, 44
-25378, -2400, 492, 37, 1, 44
-26178, -2400, 492, 37, 1, 44
-26978, -2400, 492, 37, 2, 44
-27778, -2400, 492, 37, 2, 44
-28578, -2400, 492, 37, 2, 44
-29378, -2400, 492, 39, 3, 45
-30178, -2400, 492, 37, 4, 44
-30978, -2400, 492, 38, 4, 44
-31778, -2400, 492, 37, 5, 44
-32578, -2400, 492, 37, 6, 45
-33378, -2400, 492, 38, 6, 44
-34178, -2400, 492, 37, 6, 45
-34978, -2400, 492, 37, 7, 44
-35778, -2400, 492, 37, 8, 44
-36578, -2400, 492, 37, 8, 44
-37378, -2400, 492, 37, 9, 44
-38178, -2400, 492, 37, 9, 45
-38978, -2400, 492, 37, 10, 45
-39778, -2400, 492, 37, 10, 44
-40578, -2400, 492, 37, 11, 44
-41378, -2400, 492, 36, 11, 44
-42178, -2400, 492, 36, 12, 44
-42978, -2400, 492, 36, 12, 44
-43778, -2400, 492, 36, 13, 44
-44578, -2400, 492, 36, 13, 44
-45378, -2400, 492, 36, 14, 44
-46178, -2400, 492, 36, 15, 44
-46978, -2400, 492, 36, 15, 44
-47778, -2400, 492, 36, 16, 44
-48578, -2400, 492, 35, 17, 43
-49378, -2400, 492, 35, 17, 43
-50178, -2400, 492, 35, 18, 43
-50978, -2400, 492, 35, 19, 42
-51778, -2400, 492, 34, 19, 42
-52578, -2400, 492, 34, 20, 43
-53378, -2400, 492, 33, 20, 41
-54178, -2400, 492, 33, 22, 40
-54978, -2400, 492, 33, 22, 40
-55778, -2400, 492, 33, 23, 39
-56578, -2400, 492, 32, 23, 38
-57378, -2400, 492, 31, 24, 37
-58178, -2400, 492, 30, 25, 36
-58978, -2400, 492, 30, 25, 35
-59778, -2400, 492, 29, 26, 34
-60578, -2400, 492, 28, 26, 33
-61378, -2400, 492, 27, 27, 32
-62178, -2400, 492, 27, 27, 30
-62978, -2400, 492, 27, 28, 29
-63778, -2400, 492, 26, 28, 28
-64578, -2400, 492, 25, 28, 26
-65378, -2400, 492, 24, 28, 25
-66178, -2400, 492, 23, 28, 24
-66978, -2400, 492, 24, 28, 22
-67778, -2400, 492, 22, 28, 21
-68578, -2400, 492, 21, 29, 20
-69378, -2400, 492, 20, 28, 19
-70178, -2400, 492, 20, 28, 18
-70978, -2400, 492, 20, 28, 17
-71778, -2400, 492, 19, 28, 16
-72000, -1822, 492, 19, 28, 15
-71822, -1200, 492, 20, 30, 15
-71022, -1200, 492, 20, 31, 16
-70222, -1200, 492, 21, 31, 17
-69422, -1200, 492, 23, 31, 18
-68622, -1200, 492, 24, 31, 20
-67822, -1200, 492, 24, 31, 21
-67022, -1200, 492, 25, 31, 23
-66222, -1200, 492, 25, 31, 24
-65422, -1200, 492, 27, 31, 25
-64622, -1200, 492, 27, 31, 27
-63822, -1200, 492, 28, 31, 28
-63022, -1200, 492, 29, 31, 30
-62222, -1200, 492, 30, 30, 31
-61422, -1200, 492, 31, 29, 33
-60622, -1200, 492, 32, 29, 34
-59822, -1200, 492, 33, 29, 36
-59022, -1200, 492, 33, 28, 37
-58222, -1200, 492, 34, 27, 38
-57422, -1200, 492, 35, 25, 39
-56622, -1200, 492, 36, 26, 40
-55822, -1200, 492, 36, 26, 41
-55022, -1200, 492, 37, 24, 42
-54222, -1200, 492, 38, 23, 42
-53422, -1200, 492, 37, 22, 43
-52622, -1200, 492, 39, 22, 44
-51822, -1200, 492, 39, 21, 44
-51022, -1200, 492, 40, 20, 44
-50222, -1200, 492, 40, 19, 45
-49422, -1200, 492, 40, 18, 45
-48622, -1200, 492, 40, 18, 46
-47822, -1200, 492, 40, 17, 45
-47022, -1200, 492, 40, 16, 46
-46222, -1200, 492, 41, 16, 46
-45422, -1200, 492, 40, 15, 46
-44622, -1200, 492, 41, 14, 46
-43822, -1200, 492, 41, 13, 46
-43022, -1200, 492, 41, 13, 46
-42222, -1200, 492, 41, 13, 46
-41422, -1200, 492, 41, 12, 46
-40622, -1200, 492, 41, 11, 46
-39822, -1200, 492, 41, 11, 46
-39022, -1200, 492, 42, 10, 46
-38222, -1200, 492, 41, 10, 46
-37422, -1200, 492, 42, 9, 46
-36622, -1200, 492, 42, 9, 47
-35822, -1200, 492, 41, 8, 46
-35022, -1200, 492, 42, 8, 46
-34222, -1200, 492, 42, 7, 46
-33422, -1200, 492, 42, 6, 46
-32622, -1200, 492, 42, 6, 46
-31822, -1200, 492, 42, 5, 47
-31022, -1200, 492, 42, 5, 46
-30222, -1200, 492, 42, 4, 46
-29422, -1200, 492, 42, 4, 46
-28622, -1200, 492, 42, 3, 46
-27822, -1200, 492, 42, 3, 46
-27022, -1200, 492, 42, 2, 46
-26222, -1200, 492, 42, 1, 46
-25422, -1200, 492, 43, 1, 46
-24622, -1200, 492, 42, 0, 46
-23822, -1200, 492, 42, 0, 46
-23022, -1200, 492, 42, -2, 45
-22222, -1200, 492, 42, -2, 46
-21422, -1200, 492, 41, -3, 45
-20622, -1200, 492, 41, -4, 46
-19822, -1200, 492, 41, -5, 45
-19022, -1200, 492, 41, -6, 45
-18222, -1200, 492, 41, -6, 45
-17422, -1200, 492, 41, -7, 45
-16622, -1200, 492, 40, -8, 44
-15822, -1200, 492, 40, -9, 44
-15022, -1200, 492, 39, -11, 44
-14222, -1200, 492, 39, -11, 43
-13422, -1200, 492, 39, -12, 42
-12622, -1200, 492, 38, -13, 42
-11822, -1200, 492, 37, -14, 41
-11022, -1200, 492, 38, -15, 40
-10222, -1200, 492, 37, -16, 40
-9422, -1200, 492, 35, -16, 38
-8622, -1200, 492, 35, -17, 37
-7822, -1200, 492, 35, -18, 36
-7022, -1200, 492, 33, -19, 35
-6222, -1200, 492, 33, -19, 33
-5422, -1200, 492, 32, -20, 32
-4622, -1200, 492, 31, -20, 30
-3822, -1200, 492, 30, -20, 29
-3022, -1200, 492, 29, -20, 28
-2222, -1200, 492, 28, -21, 26
-1422, -1200, 492, 27, -20, 25
-622, -1200, 492, 26, -21, 23
0, -1022, 492, 26, -21, 22
0, -222, 492, 28, -23, 22
-578, 0, 492, 29, -23, 23
-1378, 0, 492, 31, -23, 24
-2178, 0, 492, 32, -23, 27
-2978, 0, 492, 34, -23, 28
-3778, 0, 492, 35, -22, 30
-4578, 0, 492, 36, -23, 31
-5378, 0, 492, 37, -22, 33
-6178, 0, 492, 39, -22, 35
-6978, 0, 492, 39, -21, 36
-7778, 0, 492, 41, -20, 38
-8578, 0, 492, 41, -20, 39
-9378, 0, 492, 43, -19, 41
-10178, 0, 492, 44, -18, 42
-10978, 0, 492, 44, -17, 43
-11778, 0, 492, 45, -15, 44
-12578, 0, 492, 46, -15, 45
-13378, 0, 492, 47, -13, 46
-14178, 0, 492, 47, -12, 46
-14978, 0, 492, 49, -11, 47
-15778, 0, 492, 48, -10, 47
-16578, 0, 492, 48, -9, 47
-17378, 0, 492, 49, -7, 48
-18178, 0, 492, 49, -7, 48
-18978, 0, 492, 49, -6, 48
-19778, 0, 492, 49, -4, 48
-20578, 0, 492, 49, -4, 49
-21378, 0, 492, 49, -3, 49
-22178, 0, 492, 49, -2, 48
-22978, 0, 492, 49, 0, 48
-23778, 0, 492, 49, 0, 49
-24578, 0, 492, 50, 1, 48
-25378, 0, 492, 49, 2, 49
-26178, 0, 492, 50, 2, 49
-26978, 0, 492, 50, 3, 48
-27778, 0, 492, 50, 4, 49
-28578, 0, 492, 50, 4, 49
-29378, 0, 492, 50, 5, 49
-30178, 0, 492, 50, 6, 48
-30978, 0, 492, 50, 6, 49
-31778, 0, 492, 49, 7, 48
-32578, 0, 492, 50, 7, 49
-33378, 0, 492, 49, 8, 49
-34178, 0, 492, 50, 8, 49
-34978, 0, 492, 49, 9, 49
-35778, 0, 492, 50, 9, 49
-36578, 0, 492, 49, 10, 49
-37378, 0, 492, 49, 10, 49
-38178, 0, 492, 49, 11, 49
-38978, 0, 492, 49, 12, 49
-39778, 0, 492, 49, 12, 49
-40578, 0, 492, 49, 13, 49
-41378, 0, 492, 49, 13, 49
-42178, 0, 492, 49, 13, 49
-42978, 0, 492, 49, 15, 49
-43778, 0, 492, 49, 15, 49
-44578, 0, 492, 49, 16, 49
-45378, 0, 492, 49, 16, 49
-46178, 0, 492, 48, 17, 50
-46978, 0, 492, 48, 18, 49
-47778, 0, 492, 48, 18, 49
-48578, 0, 492, 47, 20, 49
-49378, 0, 492, 47, 21, 49
-50178, 0, 492, 47, 21, 49
-50978, 0, 492, 47, 22, 48
-51778, 0, 492, 47, 23, 49
-52578, 0, 492, 46, 24, 48
-53378, 0, 492, 46, 25, 47
-54178, 0, 492, 45, 26, 46
-54978, 0, 492, 44, 27, 46
-55778, 0, 492, 44, 28, 45
-56578, 0, 492, 43, 29, 44
-57378, 0, 492, 43, 29, 44
-58178, 0, 492, 41, 30, 42
-58978, 0, 492, 41, 32, 40
-59778, 0, 492, 40, 32, 39
-60578, 0, 492, 38, 33, 37
-61378, 0, 492, 37, 34, 36
-62178, 0, 492, 37, 34, 35
-62978, 0, 492, 36, 35, 33
-63778, 0, 492, 34, 35, 31
-64578, 0, 492, 34, 35, 29
-65378, 0, 492, 31, 36, 27
-66178, 0, 492, 29, 36, 26
-66978, 0, 492, 29, 36, 24
-67778, 0, 492, 29, 36, 22
-68578, 0, 492, 26, 36, 20
-69378, 0, 492, 26, 36, 19
-70178, 0, 492, 24, 35, 18
-70978, 0, 492, 24, 35, 16
-71778, 0, 492, 23, 34, 15
-72000, 578, 492, 23, 36, 13
-71822, 1200, 492, 24, 39, 13
-71022, 1200, 492, 25, 39, 13
-70222, 1200, 492, 27, 39, 15
-69422, 1200, 492, 27, 40, 16
-68622, 1200, 492, 30, 41, 18
-67822, 1200, 492, 31, 42, 20
-67022, 1200, 492, 33, 41, 22
-66222, 1200, 492, 34, 42, 24
-65422, 1200, 492, 36, 42, 27
-64622, 1200, 492, 38, 41, 28
-63822, 1200, 492, 39, 41, 31
-63022, 1200, 492, 42, 41, 33
-62222, 1200, 492, 43, 40, 35
-61422, 1200, 492, 45, 39, 37
-60622, 1200, 492, 46, 38, 39
-59822, 1200, 492, 47, 37, 41
-59022, 1200, 492, 49, 36, 43
-58222, 1200, 492, 50, 35, 44
-57422, 1200, 492, 51, 34, 45
-56622, 1200, 492, 53, 33, 46
-55822, 1200, 492, 53, 32, 47
-55022, 1200, 492, 54, 30, 48
-54222, 1200, 492, 55, 29, 49
-53422, 1200, 492, 55, 28, 49
-52622, 1200, 492, 56, 27, 50
-51822, 1200, 492, 57, 26, 50
-51022, 1200, 492, 57, 24, 51
-50222, 1200, 492, 58, 24, 51
-49422, 1200, 492, 57, 23, 51
-48622, 1200, 492, 58, 21, 51
-47822, 1200, 492, 58, 20, 51
-47022, 1200, 492, 58, 20, 51
-46222, 1200, 492, 58, 19, 51
-45422, 1200, 492, 58, 18, 51
-44622, 1200, 492, 59, 17, 51
-43822, 1200, 492, 59, 17, 50
-43022, 1200, 492, 59, 16, 51
-42222, 1200, 492, 59, 16, 50
-41422, 1200, 492, 58, 15, 50
-40622, 1200, 492, 59, 14, 50
-39822, 1200, 492, 59, 14, 50
-39022, 1200, 492, 59, 13, 50
-38222, 1200, 492, 59, 12, 50
-37422, 1200, 492, 59, 12, 50
-36622, 1200, 492, 59, 12, 49
-35822, 1200, 492, 59, 11, 49
-35022, 1200, 492, 59, 11, 49
-34222, 1200, 492, 59, 11, 49
-33422, 1200, 492, 59, 9, 49
-32622, 1200, 492, 59, 8, 49
-31822, 1200, 492, 59, 8, 49
-31022, 1200, 492, 59, 8, 49
-30222, 1200, 492, 59, 7, 49
-29422, 1200, 492, 59, 6, 49
-28622, 1200, 492, 59, 6, 49
-27822, 1200, 492, 59, 5, 49
-27022, 1200, 492, 60, 4, 49
-26222, 1200, 492, 59, 4, 49
-25422, 1200, 492, 59, 4, 49
-24622, 1200, 492, 59, 2, 49
-23822, 1200, 492, 60, 1, 49
-23022, 1200, 492, 59, 1, 49
-22222, 1200, 492, 59, 0, 49
-21422, 1200, 492, 60, -1, 49
-20622, 1200, 492, 59, -2, 49
-19822, 1200, 492, 60, -4, 49
-19022, 1200, 492, 59, -5, 49
-18222, 1200, 492, 59, -5, 49
-17422, 1200, 492, 59, -7, 49
-16622, 1200, 492, 59, -8, 49
-15822, 1200, 492, 59, -10, 48
-15022, 1200, 492, 59, -11, 48
-14222, 1200, 492, 58, -13, 48
-13422, 1200, 492, 57, -14, 47
-12622, 1200, 492, 57, -16, 47
-11822, 1200, 492, 56, -17, 46
-11022, 1200, 492, 55, -19, 45
-10222, 1200, 492, 54, -20, 44
-9422, 1200, 492, 53, -21, 43
-8622, 1200, 492, 53, -23, 42
-7822, 1200, 492, 50, -24, 40
-7022, 1200, 492, 49, -24, 38
-6222, 1200, 492, 48, -25, 36
-5422, 1200, 492, 46, -26, 34
-4622, 1200, 492, 44, -27, 32
-3822, 1200, 492, 42, -27, 30
-3022, 1200, 492, 40, -27, 28
-2222, 1200, 492, 39, -27, 26
-1422, 1200, 492, 37, -27, 24
-622, 1200, 492, 35, -27, 22
0, 1378, 492, 35, -27, 20
0, 2178, 492, 38, -30, 18
-578, 2400, 492, 41, -31, 19
-1378, 2400, 492, 43, -31, 21
-2178, 2400, 492, 45, -31, 23
-2978, 2400, 492, 47, -31, 25
-3778, 2400, 492, 50, -31, 27
-4578, 2400, 492, 53, -31, 30
-5378, 2400, 492, 55, -31, 32
-6178, 2400, 492, 58, -29, 34
-6978, 2400, 492, 60, -29, 37
-7778, 2400, 492, 62, -27, 39
-8578, 2400, 492, 65, -26, 41
-9378, 2400, 492, 66, -25, 42
-10178, 2400, 492, 68, -23, 44
-10978, 2400, 492, 69, -21, 45
-11778, 2400, 492, 70, -19, 46
-12578, 2400, 492, 71, -17, 46
-13378, 2400, 492, 72, -15, 47
-14178, 2400, 492, 72, -13, 47
-14978, 2400, 492, 72, -12, 48
-15778, 2400, 492, 73, -10, 48
-16578, 2400, 492, 73, -8, 48
-17378, 2400, 492, 73, -6, 48
-18178, 2400, 492, 73, -5, 48
-18978, 2400, 492, 73, -3, 48
-19778, 2400, 492, 73, -2, 48
-20578, 2400, 492, 73, -1, 48
-21378, 2400, 492, 73, 0, 48
-22178, 2400, 492, 73, 1, 48
-22978, 2400, 492, 73, 3, 47
-23778, 2400, 492, 73, 4, 47
-24578, 2400, 492, 73, 4, 47
-25378, 2400, 492, 73, 5, 47
-26178, 2400, 492, 73, 6, 47
-26978, 2400, 492, 73, 7, 47
-27778, 2400, 492, 73, 8, 47
-28578, 2400, 492, 72, 8, 47
-29378, 2400, 492, 72, 9, 47
-30178, 2400, 492, 72, 9, 47
-30978, 2400, 492, 73, 10, 47
-31778, 2400, 492, 72, 10, 47
-32578, 2400, 492, 72, 11, 47
-33378, 2400, 492, 72, 11, 47
-34178, 2400, 492, 72, 12, 48
-34978, 2400, 492, 72, 13, 48
-35778, 2400, 492, 72, 13, 48
-36578, 2400, 492, 72, 13, 48
-37378, 2400, 492, 72, 14, 48
-38178, 2400, 492, 72, 14, 48
-38978, 2400, 492, 72, 15, 49
-39778, 2400, 492, 72, 16, 49
-40578, 2400, 492, 72, 16, 49
-41378, 2400, 492, 72, 16, 49
-42178, 2400, 492, 72, 18, 49
-42978, 2400, 492, 72, 18, 49
-43778, 2400, 492, 72, 19, 49
-44578, 2400, 492, 72, 19, 50
-45378, 2400, 492, 72, 20, 50
-46178, 2400, 492, 72, 21, 50
-46978, 2400, 492, 72, 22, 51
-47778, 2400, 492, 72, 23, 51
-48578, 2400, 492, 72, 24, 51
-49378, 2400, 492, 72, 25, 51
-50178, 2400, 492, 71, 26, 51
-50978, 2400, 492, 71, 26, 51
-51778, 2400, 492, 71, 28, 51
-52578, 2400, 492, 71, 29, 51
-53378, 2400, 492, 70, 31, 52
-54178, 2400, 492, 69, 33, 50
-54978, 2400, 492, 68, 34, 50
-55778, 2400, 492, 68, 35, 49
-56578, 2400, 492, 66, 37, 48
-57378, 2400, 492, 65, 38, 47
-58178, 2400, 492, 63, 40, 45
-58978, 2400, 492, 62, 42, 44
-59778, 2400, 492, 60, 43, 42
-60578, 2400, 492, 58, 44, 41
-61378, 2400, 492, 56, 46, 38
-62178, 2400, 492, 54, 46, 36
-62978, 2400, 492, 51, 47, 33
-63778, 2400, 492, 49, 48, 31
-64578, 2400, 492, 46, 49, 28
-65378, 2400, 492, 45, 49, 26
-66178, 2400, 492, 41, 49, 23
-66978, 2400, 492, 39, 49, 21
-67778, 2400, 492, 38, 48, 19
-68578, 2400, 492, 35, 48, 17
-69378, 2400, 492, 33, 47, 15
-70178, 2400, 492, 32, 46, 14
-70978, 2400, 492, 30, 46, 12
-71778, 2400, 492, 28, 44, 11
-72000, 2978, 492, 28, 47, 8
-71822, 3600, 492, 30, 50, 6
-71022, 3600, 492, 31, 51, 6
-70222, 3600, 492, 34, 53, 8
-69422, 3600, 492, 36, 53, 9
-68622, 3600, 492, 38, 55, 11
-67822, 3600, 492, 42, 56, 13
-67022, 3600, 492, 45, 57, 15
-66222, 3600, 492, 48, 57, 18
-65422, 3600, 492, 50, 58, 20
-64622, 3600, 492, 54, 58, 22
-63822, 3600, 492, 57, 57, 24
-63022, 3600, 492, 61, 57, 27
-62222, 3600, 492, 66, 55, 30
-61422, 3600, 492, 69, 54, 33
-60622, 3600, 492, 72, 52, 35
-59822, 3600, 492, 75, 50, 37
-59022, 3600, 492, 78, 49, 39
-58222, 3600, 492, 81, 46, 41
-57422, 3600, 492, 83, 44, 42
-56622, 3600, 492, 85, 43, 44
-55822, 3600, 492, 86, 40, 44
-55022, 3600, 492, 88, 38, 45
-54222, 3600, 492, 89, 37, 45
-53422, 3600, 492, 89, 35, 46
-52622, 3600, 492, 90, 34, 45
-51822, 3600, 492, 91, 32, 46
-51022, 3600, 492, 90, 31, 46
-50222, 3600, 492, 90, 29, 45
-49422, 3600, 492, 90, 28, 45
-48622, 3600, 492, 90, 26, 45
-47822, 3600, 492, 91, 26, 45
-47022, 3600, 492, 90, 24, 44
-46222, 3600, 492, 91, 23, 44
-45422, 3600, 492, 90, 22, 45
-44622, 3600, 492, 90, 22, 44
-43822, 3600, 492, 89, 21, 43
-43022, 3600, 492, 90, 20, 43
-42222, 3600, 492, 89, 19, 42
-41422, 3600, 492, 90, 19, 42
-40622, 3600, 492, 89, 18, 41
-39822, 3600, 492, 90, 18, 42
-39022, 3600, 492, 89, 17, 41
-38222, 3600, 492, 89, 17, 41
-37422, 3600, 492, 89, 16, 40
-36622, 3600, 492, 89, 16, 40
-35822, 3600, 492, 89, 15, 40
-35022, 3600, 492, 89, 15, 40
-34222, 3600, 492, 89, 14, 39
-33422, 3600, 492, 90, 14, 39
-32622, 3600, 492, 89, 13, 40
-31822, 3600, 492, 89, 13, 39
-31022, 3600, 492, 90, 12, 39
-30222, 3600, 492, 89, 12, 40
-29422, 3600, 492, 90, 11, 39
-28622, 3600, 492, 90, 11, 39
-27822, 3600, 492, 90, 10, 39
-27022, 3600, 492, 90, 10, 39
-26222, 3600, 492, 90, 9, 39
-25422, 3600, 492, 90, 9, 40
-24622, 3600, 492, 91, 7, 39
-23822, 3600, 492, 91, 6, 39
-23022, 3600, 492, 91, 6, 39
-22222, 3600, 492, 91, 5, 40
-21422, 3600, 492, 92, 3, 40
-20622, 3600, 492, 91, 2, 40
-19822, 3600, 492, 92, 1, 40
-19022, 3600, 492, 92, 0, 40
-18222, 3600, 492, 93, -2, 41
-17422, 3600, 492, 92, -3, 40
-16622, 3600, 492, 93, -5, 40
-15822, 3600, 492, 93, -8, 40
-15022, 3600, 492, 93, -10, 40
-14222, 3600, 492, 93, -12, 40
-13422, 3600, 492, 92, -15, 40
-12622, 3600, 492, 92, -16, 40
-11822, 3600, 492, 91, -20, 39
-11022, 3600, 492, 90, -22, 39
-10222, 3600, 492, 88, -25, 37
-9422, 3600, 492, 87, -27, 37
-8622, 3600, 492, 85, -30, 36
-7822, 3600, 492, 82, -32, 33
-7022, 3600, 492, 78, -33, 32
-6222, 3600, 492, 75, -35, 29
-5422, 3600, 492, 71, -35, 27
-4622, 3600, 492, 67, -35, 25
-3822, 3600, 492, 63, -37, 22
-3022, 3600, 492, 59, -37, 20
-2222, 3600, 492, 56, -36, 18
-1422, 3600, 492, 52, -36, 16
-622, 3600, 492, 48, -35, 14
0, 3778, 492, 46, -35, 12
0, 4578, 492, 51, -38, 7
-578, 4800, 492, 54, -39, 6
-1378, 4800, 492, 58, -40, 7
-2178, 4800, 492, 63, -41, 9
-2978, 4800, 492, 69, -41, 10
-3778, 4800, 492, 75, -41, 12
-4578, 4800, 492, 81, -41, 14
-5378, 4800, 492, 89, -41, 16
-6178, 4800, 492, 93, -39, 17
-6978, 4800, 492, 100, -39, 19
-7778, 4800, 492, 104, -37, 21
-8578, 4800, 492, 109, -35, 22
-9378, 4800, 492, 112, -32, 23
-10178, 4800, 492, 115, -29, 24
-10978, 4800, 492, 117, -26, 25
-11778, 4800, 492, 118, -21, 25
-12578, 4800, 492, 119, -18, 25
-13378, 4800, 492, 119, -15, 26
-14178, 4800, 492, 120, -12, 26
-14978, 4800, 492, 120, -9, 25
-15778, 4800, 492, 119, -6, 25
-16578, 4800, 492, 118, -3, 26
-17378, 4800, 492, 119, -1, 26
-18178, 4800, 492, 117, 1, 26
-18978, 4800, 492, 117, 3, 25
-19778, 4800, 492, 116, 4, 25
-20578, 4800, 492, 116, 6, 25
-21378, 4800, 492, 115, 7, 25
-22178, 4800, 492, 115, 8, 25
-22978, 4800, 492, 114, 9, 25
-23778, 4800, 492, 114, 10, 25
-24578, 4800, 492, 114, 12, 25
-25378, 4800, 492, 113, 12, 24
-26178, 4800, 492, 113, 13, 24
-26978, 4800, 492, 113, 14, 24
-27778, 4800, 492, 112, 14, 25
-28578, 4800, 492, 112, 14, 25
-29378, 4800, 492, 112, 15, 25
-30178, 4800, 492, 112, 16, 25
-30978, 4800, 492, 112, 16, 25
-31778, 4800, 492, 111, 16, 25
-32578, 4800, 492, 112, 17, 25
-33378, 4800, 492, 111, 17, 25
-34178, 4800, 492, 111, 17, 25
-34978, 4800, 492, 111, 18, 25
-35778, 4800, 492, 111, 18, 26
-36578, 4800, 492, 111, 19, 26
-37378, 4800, 492, 112, 19, 26
-38178, 4800, 492, 111, 20, 27
-38978, 4800, 492, 112, 20, 27
-39778, 4800, 492, 112, 20, 28
-40578, 4800, 492, 113, 21, 28
-41378, 4800, 492, 112, 22, 29
-42178, 4800, 492, 112, 23, 29
-42978, 4800, 492, 112, 23, 30
-43778, 4800, 492, 113, 23, 30
-44578, 4800, 492, 113, 24, 30
-45378, 4800, 492, 113, 25, 31
-46178, 4800, 492, 114, 26, 31
-46978, 4800, 492, 114, 27, 32
-47778, 4800, 492, 114, 28, 32
-48578, 4800, 492, 114, 29, 32
-49378, 4800, 492, 115, 30, 33
-50178, 4800, 492, 115, 31, 33
-50978, 4800, 492, 116, 33, 33
-51778, 4800, 492, 116, 35, 34
-52578, 4800, 492, 116, 36, 34
-53378, 4800, 492, 116, 38, 33
-54178, 4800, 492, 116, 40, 34
-54978, 4800, 492, 115, 42, 34
-55778, 4800, 492, 115, 44, 34
-56578, 4800, 492, 113, 46, 33
-57378, 4800, 492, 112, 49, 32
-58178, 4800, 492, 108, 52, 31
-58978, 4800, 492, 105, 55, 30
-59778, 4800, 492, 101, 58, 29
-60578, 4800, 492, 96, 60, 26
-61378, 4800, 492, 90, 63, 24
-62178, 4800, 492, 85, 65, 22
-62978, 4800, 492, 79, 67, 19
-63778, 4800, 492, 73, 69, 17
-64578, 4800, 492, 68, 68, 15
-65378, 4800, 492, 62, 69, 13
-66178, 4800, 492, 57, 68, 11
-66978, 4800, 492, 53, 67, 9
-67778, 4800, 492, 49, 65, 7
-68578, 4800, 492, 45, 64, 5
-69378, 4800, 492, 43, 62, 5
-70178, 4800, 492, 39, 60, 3
-70978, 4800, 492, 36, 59, 2
-71778, 4800, 492, 33, 56, 0
-72000, 5378, 492, 33, 58, -3
-71822, 6000, 492, 34, 61, -7
-71022, 6000, 492, 37, 63, -6
-70222, 6000, 492, 41, 66, -6
-69422, 6000, 492, 44, 68, -5
-68622, 6000, 492, 49, 71, -3
-67822, 6000, 492, 52, 74, -4
-67022, 6000, 492, 57, 76, -3
-66222, 6000, 492, 63, 77, -1
-65422, 6000, 492, 69, 78, 0
-64622, 6000, 492, 76, 79, 1
-63822, 6000, 492, 84, 79, 2
-63022, 6000, 492, 92, 78, 4
-62222, 6000, 492, 101, 77, 6
-61422, 6000, 492, 110, 73, 7
-60622, 6000, 492, 120, 71, 8
-59822, 6000, 492, 127, 67, 9
-59022, 6000, 492, 134, 63, 10
-58222, 6000, 492, 139, 59, 11
-57422, 6000, 492, 143, 56, 12
-56622, 6000, 492, 145, 52, 12
-55822, 6000, 492, 146, 50, 12
-55022, 6000, 492, 146, 47, 12
-54222, 6000, 492, 146, 44, 12
-53422, 6000, 492, 146, 41, 13
-52622, 6000, 492, 146, 39, 12
-51822, 6000, 492, 145, 38, 12
-51022, 6000, 492, 144, 36, 12
-50222, 6000, 492, 144, 35, 12
-49422, 6000, 492, 143, 33, 11
-48622, 6000, 492, 142, 32, 11
-47822, 6000, 492, 141, 30, 11
-47022, 6000, 492, 140, 29, 10
-46222, 6000, 492, 140, 28, 9
-45422, 6000, 492, 139, 28, 9
-44622, 6000, 492, 139, 26, 9
-43822, 6000, 492, 138, 25, 8
-43022, 6000, 492, 138, 25, 7
-42222, 6000, 492, 138, 24, 7
-41422, 6000, 492, 137, 24, 7
-40622, 6000, 492, 137, 23, 6
-39822, 6000, 492, 137, 23, 5
-39022, 6000, 492, 136, 22, 4
-38222, 6000, 492, 136, 22, 4
-37422, 6000, 492, 136, 22, 4
-36622, 6000, 492, 136, 23, 4
-35822, 6000, 492, 135, 21, 3
-35022, 6000, 492, 135, 21, 3
-34222, 6000, 492, 135, 20, 2
-33422, 6000, 492, 135, 20, 2
-32622, 6000, 492, 135, 20, 2
-31822, 6000, 492, 136, 19, 2
-31022, 6000, 492, 135, 19, 2
-30222, 6000, 492, 135, 19, 2
-29422, 6000, 492, 136, 18, 1
-28622, 6000, 492, 136, 18, 1
-27822, 6000, 492, 136, 18, 1
-27022, 6000, 492, 137, 17, 1
-26222, 6000, 492, 137, 16, 2
-25422, 6000, 492, 138, 16, 1
-24622, 6000, 492, 138, 15, 1
-23822, 6000, 492, 138, 14, 1
-23022, 6000, 492, 139, 13, 1
-22222, 6000, 492, 140, 12, 1
-21422, 6000, 492, 140, 11, 1
-20622, 6000, 492, 141, 10, 1
-19822, 6000, 492, 141, 9, 2
-19022, 6000, 492, 142, 7, 1
-18222, 6000, 492, 143, 5, 2
-17422, 6000, 492, 143, 3, 1
-16622, 6000, 492, 144, 1, 2
-15822, 6000, 492, 145, -2, 2
-15022, 6000, 492, 146, -4, 2
-14222, 6000, 492, 147, -8, 1
-13422, 6000, 492, 147, -11, 2
-12622, 6000, 492, 148, -16, 2
-11822, 6000, 492, 148, -20, 2
-11022, 6000, 492, 147, -25, 1
-10222, 6000, 492, 146, -29, 1
-9422, 6000, 492, 143, -34, 1
-8622, 6000, 492, 140, -37, 1
-7822, 6000, 492, 134, -41, 0
-7022, 6000, 492, 127, -44, 0
-6222, 6000, 492, 119, -45, 0
-5422, 6000, 492, 109, -46, -1
-4622, 6000, 492, 101, -47, -2
-3822, 6000, 492, 91, -47, -3
-3022, 6000, 492, 84, -46, -3
-2222, 6000, 492, 75, -45, -4
-1422, 6000, 492, 68, -44, -5
-622, 6000, 492, 62, -43, -5
0, 6178, 492, 59, -43, -7
0, 6978, 492, 61, -44, -13
-578, 7200, 492, 64, -45, -16
-1378, 7200, 492, 70, -46, -16
-2178, 7200, 492, 79, -48, -17
-2978, 7200, 492, 87, -49, -18
-3778, 7200, 492, 97, -50, -19
-4578, 7200, 492, 108, -49, -19
-5378, 7200, 492, 119, -50, -20
-6178, 7200, 492, 130, -50, -21
-6978, 7200, 492, 141, -47, -21
-7778, 7200, 492, 150, -45, -22
-8578, 7200, 492, 159, -41, -22
-9378, 7200, 492, 162, -37, -23
-10178, 7200, 492, 166, -32, -23
-10978, 7200, 492, 168, -28, -23
-11778, 7200, 492, 168, -22, -23
-12578, 7200, 492, 168, -16, -24
-13378, 7200, 492, 167, -12, -24
-14178, 7200, 492, 166, -8, -24
-14978, 7200, 492, 165, -4, -24
-15778, 7200, 492, 164, 0, -24
-16578, 7200, 492, 163, 3, -24
-17378, 7200, 492, 162, 6, -24
-18178, 7200, 492, 162, 8, -24
-18978, 7200, 492, 160, 10, -24
-19778, 7200, 492, 159, 11, -24
-20578, 7200, 492, 158, 13, -24
-21378, 7200, 492, 157, 15, -24
-22178, 7200, 492, 156, 15, -24
-22978, 7200, 492, 156, 16, -24
-23778, 7200, 492, 155, 17, -24
-24578, 7200, 492, 155, 17, -24
-25378, 7200, 492, 154, 18, -24
-26178, 7200, 492, 154, 19, -24
-26978, 7200, 492, 153, 19, -24
-27778, 7200, 492, 153, 20, -24
-28578, 7200, 492, 153, 21, -24
-29378, 7200, 492, 153, 21, -24
-30178, 7200, 492, 153, 21, -24
-30978, 7200, 492, 152, 21, -23
-31778, 7200, 492, 152, 21, -22
-32578, 7200, 492, 153, 22, -23
-33378, 7200, 492, 152, 22, -23
-34178, 7200, 492, 152, 22, -23
-34978, 7200, 492, 152, 23, -23
-35778, 7200, 492, 153, 23, -22
-36578, 7200, 492, 153, 24, -21
-37378, 7200, 492, 153, 23, -21
-38178, 7200, 492, 153, 24, -21
-38978, 7200, 492, 154, 24, -20
-39778, 7200, 492, 154, 25, -20
-40578, 7200, 492, 154, 25, -19
-41378, 7200, 492, 155, 25, -18
-42178, 7200, 492, 156, 25, -18
-42978, 7200, 492, 156, 26, -17
-43778, 7200, 492, 157, 27, -16
-44578, 7200, 492, 157, 29, -15
-45378, 7200, 492, 158, 29, -15
-46178, 7200, 492, 159, 30, -14
-46978, 7200, 492, 160, 31, -13
-47778, 7200, 492, 161, 32, -13
-48578, 7200, 492, 162, 33, -13
-49378, 7200, 492, 163, 34, -12
-50178, 7200, 492, 164, 36, -12
-50978, 7200, 492, 165, 37, -12
-51778, 7200, 492, 167, 39, -11
-52578, 7200, 492, 167, 41, -11
-53378, 7200, 492, 169, 43, -11
-54178, 7200, 492, 169, 46, -12
-54978, 7200, 492, 170, 50, -11
-55778, 7200, 492, 171, 52, -11
-56578, 7200, 492, 171, 55, -11
-57378, 7200, 492, 169, 59, -11
-58178, 7200, 492, 166, 63, -11
-58978, 7200, 492, 161, 68, -12
-59778, 7200, 492, 153, 72, -12
-60578, 7200, 492, 145, 76, -12
-61378, 7200, 492, 134, 80, -12
-62178, 7200, 492, 122, 84, -13
-62978, 7200, 492, 110, 87, -13
-63778, 7200, 492, 100, 89, -14
-64578, 7200, 492, 89, 89, -14
-65378, 7200, 492, 80, 88, -14
-66178, 7200, 492, 72, 87, -14
-66978, 7200, 492, 65, 85, -14
-67778, 7200, 492, 59, 82, -14
-68578, 7200, 492, 53, 79, -14
-69378, 7200, 492, 48, 76, -14
-70178, 7200, 492, 44, 73, -14
-70978, 7200, 492, 40, 69, -14
-71778, 7200, 492, 37, 66, -14
-72000, 7778, 492, 37, 66, -19
-71822, 8400, 492, 36, 67, -22
-71022, 8400, 492, 40, 70, -23
-70222, 8400, 492, 43, 74, -24
-69422, 8400, 492, 47, 78, -25
-68622, 8400, 492, 52, 82, -25
-67822, 8400, 492, 58, 85, -26
-67022, 8400, 492, 64, 89, -27
-66222, 8400, 492, 71, 91, -28
-65422, 8400, 492, 79, 93, -29
-64622, 8400, 492, 89, 94, -30
-63822, 8400, 492, 99, 94, -31
-63022, 8400, 492, 111, 92, -32
-62222, 8400, 492, 123, 89, -32
-61422, 8400, 492, 136, 86, -34
-60622, 8400, 492, 148, 82, -34
-59822, 8400, 492, 159, 77, -35
-59022, 8400, 492, 167, 72, -35
-58222, 8400, 492, 173, 67, -35
-57422, 8400, 492, 177, 62, -36
-56622, 8400, 492, 179, 58, -36
-55822, 8400, 492, 180, 55, -37
-55022, 8400, 492, 179, 51, -37
-54222, 8400, 492, 179, 48, -37
-53422, 8400, 492, 177, 45, -37
-52622, 8400, 492, 176, 43, -37
-51822, 8400, 492, 175, 41, -36
-51022, 8400, 492, 173, 38, -37
-50222, 8400, 492, 172, 37, -38
-49422, 8400, 492, 171, 35, -38
-48622, 8400, 492, 170, 33, -38
-47822, 8400, 492, 169, 32, -38
-47022, 8400, 492, 168, 30, -39
-46222, 8400, 492, 167, 29, -40
-45422, 8400, 492, 166, 29, -40
-44622, 8400, 492, 164, 27, -41
-43822, 8400, 492, 164, 27, -42
-43022, 8400, 492, 163, 26, -42
-42222, 8400, 492, 162, 25, -43
-41422, 8400, 492, 161, 25, -44
-40622, 8400, 492, 160, 26, -45
-39822, 8400, 492, 159, 24, -46
-39022, 8400, 492, 159, 24, -46
-38222, 8400, 492, 159, 24, -47
-37422, 8400, 492, 158, 23, -48
-36622, 8400, 492, 158, 24, -48
-35822, 8400, 492, 157, 23, -49
-35022, 8400, 492, 156, 23, -49
-34222, 8400, 492, 157, 23, -49
-33422, 8400, 492, 156, 23, -49
-32622, 8400, 492, 156, 22, -50
-31822, 8400, 492, 157, 22, -50
-31022, 8400, 492, 157, 23, -50
-30222, 8400, 492, 157, 22, -50
-29422, 8400, 492, 156, 21, -50
-28622, 8400, 492, 157, 21, -50
-27822, 8400, 492, 157, 21, -50
-27022, 8400, 492, 157, 20, -51
-26222, 8400, 492, 158, 20, -50
-25422, 8400, 492, 159, 19, -51
-24622, 8400, 492, 158, 18, -51
-23822, 8400, 492, 159, 18, -51
-23022, 8400, 492, 160, 17, -51
-22222, 8400, 492, 160, 16, -51
-21422, 8400, 492, 161, 15, -51
-20622, 8400, 492, 162, 14, -50
-19822, 8400, 492, 162, 13, -51
-19022, 8400, 492, 163, 11, -50
-18222, 8400, 492, 164, 9, -51
-17422, 8400, 492, 165, 7, -51
-16622, 8400, 492, 166, 5, -51
-15822, 8400, 492, 167, 2, -51
-15022, 8400, 492, 168, -1, -50
-14222, 8400, 492, 169, -5, -51
-13422, 8400, 492, 170, -9, -50
-12622, 8400, 492, 171, -14, -50
-11822, 8400, 492, 171, -19, -50
-11022, 8400, 492, 171, -25, -49
-10222, 8400, 492, 170, -31, -49
-9422, 8400, 492, 168, -36, -47
-8622, 8400, 492, 163, -41, -46
-7822, 8400, 492, 157, -45, -44
-7022, 8400, 492, 148, -48, -43
-6222, 8400, 492, 137, -49, -41
-5422, 8400, 492, 126, -51, -40
-4622, 8400, 492, 116, -51, -37
-3822, 8400, 492, 103, -51, -36
-3022, 8400, 492, 92, -50, -33
-2222, 8400, 492, 83, -50, -32
-1422, 8400, 492, 75, -48, -30
-622, 8400, 492, 66, -46, -28
0, 8578, 492, 61, -45, -28
0, 9378, 492, 59, -44, -35
-578, 9600, 492, 61, -44, -37
-1378, 9600, 492, 67, -45, -38
-2178, 9600, 492, 75, -46, -42
-2978, 9600, 492, 83, -48, -44
-3778, 9600, 492, 92, -49, -47
-4578, 9600, 492, 103, -49, -49
-5378, 9600, 492, 114, -49, -52
-6178, 9600, 492, 124, -49, -55
-6978, 9600, 492, 135, -47, -58
-7778, 9600, 492, 144, -45, -60
-8578, 9600, 492, 151, -42, -63
-9378, 9600, 492, 156, -37, -64
-10178, 9600, 492, 160, -32, -67
-10978, 9600, 492, 161, -27, -67
-11778, 9600, 492, 163, -21, -69
-12578, 9600, 492, 163, -16, -69
-13378, 9600, 492, 162, -12, -70
-14178, 9600, 492, 161, -7, -70
-14978, 9600, 492, 162, -3, -71
-15778, 9600, 492, 160, 0, -71
-16578, 9600, 492, 159, 3, -71
-17378, 9600, 492, 158, 6, -71
-18178, 9600, 492, 157, 8, -72
-18978, 9600, 492, 156, 10, -71
-19778, 9600, 492, 156, 11, -72
-20578, 9600, 492, 156, 13, -72
-21378, 9600, 492, 155, 14, -72
-22178, 9600, 492, 154, 15, -72
-22978, 9600, 492, 154, 16, -72
-23778, 9600, 492, 153, 17, -72
-24578, 9600, 492, 153, 18, -72
-25378, 9600, 492, 152, 19, -72
-26178, 9600, 492, 152, 19, -72
-26978, 9600, 492, 151, 20, -72
-27778, 9600, 492, 152, 20, -72
-28578, 9600, 492, 152, 21, -72
-29378, 9600, 492, 151, 21, -72
-30178, 9600, 492, 151, 21, -72
-30978, 9600, 492, 151, 21, -72
-31778, 9600, 492, 151, 23, -72
-32578, 9600, 492, 151, 22, -72
-33378, 9600, 492, 152, 21, -72
-34178, 9600, 492, 152, 22, -71
-34978, 9600, 492, 152, 22, -72
-35778, 9600, 492, 152, 22, -71
-36578, 9600, 492, 153, 22, -71
-37378, 9600, 492, 153, 22, -70
-38178, 9600, 492, 154, 23, -70
-38978, 9600, 492, 155, 22, -69
-39778, 9600, 492, 156, 22, -69
-40578, 9600, 492, 157, 23, -68
-41378, 9600, 492, 159, 22, -68
-42178, 9600, 492, 160, 23, -67
-42978, 9600, 492, 162, 23, -67
-43778, 9600, 492, 164, 24, -66
-44578, 9600, 492, 166, 25, -65
-45378, 9600, 492, 167, 26, -64
-46178, 9600, 492, 169, 27, -64
-46978, 9600, 492, 170, 28, -63
-47778, 9600, 492, 171, 30, -63
-48578, 9600, 492, 172, 32, -63
-49378, 9600, 492, 173, 33, -63
-50178, 9600, 492, 175, 35, -63
-50978, 9600, 492, 176, 37, -63
-51778, 9600, 492, 177, 40, -62
-52578, 9600, 492, 178, 42, -63
-53378, 9600, 492, 179, 44, -62
-54178, 9600, 492, 180, 47, -62
-54978, 9600, 492, 181, 50, -61
-55778, 9600, 492, 181, 53, -61
-56578, 9600, 492, 181, 57, -60
-57378, 9600, 492, 179, 61, -60
-58178, 9600, 492, 177, 66, -59
-58978, 9600, 492, 171, 70, -58
-59778, 9600, 492, 163, 76, -56
-60578, 9600, 492, 153, 80, -54
-61378, 9600, 492, 141, 85, -53
-62178, 9600, 492, 129, 89, -52
-62978, 9600, 492, 116, 92, -50
-63778, 9600, 492, 104, 94, -48
-64578, 9600, 492, 92, 95, -45
-65378, 9600, 492, 83, 94, -44
-66178, 9600, 492, 73, 93, -41
-66978, 9600, 492, 66, 90, -40
-67778, 9600, 492, 60, 86, -38
-68578, 9600, 492, 53, 84, -36
-69378, 9600, 492, 48, 80, -35
-70178, 9600, 492, 44, 75, -33
-70978, 9600, 492, 40, 72, -31
-71778, 9600, 492, 36, 68, -30
-72000, 10178, 492, 34, 66, -33
-71822, 10800, 492, 33, 63, -37
-71022, 10800, 492, 36, 66, -38
-70222, 10800, 492, 39, 70, -40
-69422, 10800, 492, 43, 74, -42
-68622, 10800, 492, 47, 78, -45
-67822, 10800, 492, 52, 81, -48
-67022, 10800, 492, 58, 84, -50
-66222, 10800, 492, 65, 88, -52
-65422, 10800, 492, 73, 89, -55
-64622, 10800, 492, 81, 90, -58
-63822, 10800, 492, 91, 90, -61
-63022, 10800, 492, 103, 89, -64
-62222, 10800, 492, 114, 87, -67
-61422, 10800, 492, 126, 83, -70
-60622, 10800, 492, 138, 79, -73
-59822, 10800, 492, 148, 74, -75
-59022, 10800, 492, 158, 70, -77
-58222, 10800, 492, 164, 65, -79
-57422, 10800, 492, 168, 61, -81
-56622, 10800, 492, 171, 57, -82
-55822, 10800, 492, 172, 54, -82
-55022, 10800, 492, 172, 50, -84
-54222, 10800, 492, 172, 46, -85
-53422, 10800, 492, 171, 43, -85
-52622, 10800, 492, 171, 41, -86
-51822, 10800, 492, 170, 39, -86
-51022, 10800, 492, 169, 36, -86
-50222, 10800, 492, 168, 34, -87
-49422, 10800, 492, 167, 32, -87
-48622, 10800, 492, 166, 31, -87
-47822, 10800, 492, 165, 27, -87
-47022, 10800, 492, 164, 25, -86
-46222, 10800, 492, 163, 23, -87
-45422, 10800, 492, 161, 21, -87
-44622, 10800, 492, 158, 20, -87
-43822, 10800, 492, 155, 19, -87
-43022, 10800, 492, 152, 18, -86
-42222, 10800, 492, 148, 18, -87
-41422, 10800, 492, 145, 18, -87
-40622, 10800, 492, 142, 18, -87
-39822, 10800, 492, 139, 18, -87
-39022, 10800, 492, 138, 18, -87
-38222, 10800, 492, 136, 18, -87
-37422, 10800, 492, 134, 18, -87
-36622, 10800, 492, 133, 18, -88
-35822, 10800, 492, 132, 19, -87
-35022, 10800, 492, 132, 18, -87
-34222, 10800, 492, 131, 18, -87
-33422, 10800, 492, 131, 19, -87
-32622, 10800, 492, 130, 18, -87
-31822, 10800, 492, 130, 19, -87
-31022, 10800, 492, 130, 18, -87
-30222, 10800, 492, 130, 18, -86
-29422, 10800, 492, 130, 18, -86
-28622, 10800, 492, 130, 17, -86
-27822, 10800, 492, 130, 17, -86
-27022, 10800, 492, 130, 16, -87
-26222, 10800, 492, 130, 16, -86
-25422, 10800, 492, 131, 15, -85
-24622, 10800, 492, 131, 15, -85
-23822, 10800, 492, 131, 15, -86
-23022, 10800, 492, 131, 13, -86
-22222, 10800, 492, 131, 12, -86
-21422, 10800, 492, 131, 12, -85
-20622, 10800, 492, 132, 10, -85
-19822, 10800, 492, 132, 9, -85
-19022, 10800, 492, 133, 7, -85
-18222, 10800, 492, 133, 5, -85
-17422, 10800, 492, 133, 4, -84
-16622, 10800, 492, 135, 2, -84
-15822, 10800, 492, 135, -1, -84
-15022, 10800, 492, 135, -4, -83
-14222, 10800, 492, 135, -7, -83
-13422, 10800, 492, 136, -11, -82
-12622, 10800, 492, 136, -15, -80
-11822, 10800, 492, 135, -19, -80
-11022, 10800, 492, 134, -24, -79
-10222, 10800, 492, 132, -29, -77
-9422, 10800, 492, 129, -32, -76
-8622, 10800, 492, 125, -36, -73
-7822, 10800, 492, 120, -40, -70
-7022, 10800, 492, 114, -42, -68
-6222, 10800, 492, 107, -43, -65
-5422, 10800, 492, 98, -45, -62
-4622, 10800, 492, 91, -45, -59
-3822, 10800, 492, 83, -45, -56
-3022, 10800, 492, 77, -44, -52
-2222, 10800, 492, 68, -43, -50
-1422, 10800, 492, 62, -42, -47
-622, 10800, 492, 56, -41, -45
0, 10978, 492, 51, -39, -43
0, 11778, 492, 47, -36, -46
-578, 12000, 492, 48, -35, -47
-1378, 12000, 492, 51, -37, -50
-2178, 12000, 492, 55, -37, -53
-2978, 12000, 492, 60, -38, -56
-3778, 12000, 492, 65, -38, -59
-4578, 12000, 492, 70, -39, -61
-5378, 12000, 492, 75, -39, -64
-6178, 12000, 492, 81, -38, -67
-6978, 12000, 492, 86, -36, -70
-7778, 12000, 492, 90, -35, -72
-8578, 12000, 492, 94, -33, -75
-9378, 12000, 492, 98, -30, -77
-10178, 12000, 492, 100, -27, -80
-10978, 12000, 492, 102, -24, -81
-11778, 12000, 492, 104, -20, -83
-12578, 12000, 492, 105, -17, -84
-13378, 12000, 492, 105, -13, -85
-14178, 12000, 492, 106, -10, -86
-14978, 12000, 492, 106, -8, -87
-15778, 12000, 492, 106, -5, -88
-16578, 12000, 492, 106, -2, -89
-17378, 12000, 492, 106, 0, -90
-18178, 12000, 492, 106, 2, -90
-18978, 12000, 492, 106, 4, -90
-19778, 12000, 492, 106, 5, -91
-20578, 12000, 492, 105, 6, -91
-21378, 12000, 492, 105, 8, -91
-22178, 12000, 492, 105, 9, -91
-22978, 12000, 492, 105, 10, -91
-23778, 12000, 492, 104, 10, -92
-24578, 12000, 492, 104, 11, -92
-25378, 12000, 492, 104, 12, -92
-26178, 12000, 492, 104, 13, -92
-26978, 12000, 492, 104, 13, -93
-27778, 12000, 492, 104, 13, -93
-28578, 12000, 492, 104, 14, -93
-29378, 12000, 492, 104, 14, -93
-30178, 12000, 492, 104, 15, -94
-30978, 12000, 492, 105, 15, -93
-31778, 12000, 492, 105, 15, -94
-32578, 12000, 492, 105, 15, -94
-33378, 12000, 492, 105, 15, -95
-34178, 12000, 492, 106, 15, -95
-34978, 12000, 492, 106, 15, -95
-35778, 12000, 492, 107, 15, -96
-36578, 12000, 492, 108, 15, -96
-37378, 12000, 492, 109, 15, -96
-38178, 12000, 492, 111, 14, -97
-38978, 12000, 492, 113, 14, -97
-39778, 12000, 492, 115, 14, -98
-40578, 12000, 492, 119, 14, -98
-41378, 12000, 492, 122, 13, -99
-42178, 12000, 492, 127, 13, -99
-42978, 12000, 492, 132, 13, -99
-43778, 12000, 492, 136, 14, -101
-44578, 12000, 492, 140, 15, -101
-45378, 12000, 492, 145, 17, -102
-46178, 12000, 492, 146, 18, -102
-46978, 12000, 492, 148, 21, -103
-47778, 12000, 492, 149, 23, -103
-48578, 12000, 492, 149, 25, -103
-49378, 12000, 492, 150, 28, -103
-50178, 12000, 492, 150, 30, -103
-50978, 12000, 492, 150, 32, -103
-51778, 12000, 492, 152, 35, -103
-52578, 12000, 492, 152, 37, -102
-53378, 12000, 492, 153, 40, -102
-54178, 12000, 492, 154, 42, -100
-54978, 12000, 492, 153, 45, -100
-55778, 12000, 492, 152, 48, -99
-56578, 12000, 492, 151, 51, -98
-57378, 12000, 492, 149, 55, -96
-58178, 12000, 492, 146, 59, -94
-58978, 12000, 492, 141, 63, -92
-59778, 12000, 492, 133, 67, -89
-60578, 12000, 492, 125, 72, -86
-61378, 12000, 492, 114, 76, -83
-62178, 12000, 492, 104, 79, -80
-62978, 12000, 492, 93, 82, -76
-63778, 12000, 492, 84, 82, -72
-64578, 12000, 492, 75, 83, -69
-65378, 12000, 492, 67, 82, -66
-66178, 12000, 492, 59, 80, -62
-66978, 12000, 492, 54, 78, -59
-67778, 12000, 492, 48, 76, -55
-68578, 12000, 492, 44, 72, -53
-69378, 12000, 492, 40, 69, -50
-70178, 12000, 492, 36, 66, -47
-70978, 12000, 492, 34, 62, -45
-71778, 12000, 492, 30, 59, -42
-72000, 12578, 492, 28, 55, -44
-71822, 13200, 492, 25, 50, -46
-71022, 13200, 492, 27, 52, -48
-70222, 13200, 492, 29, 55, -51
-69422, 13200, 492, 31, 58, -54
-68622, 13200, 492, 35, 61, -56
-67822, 13200, 492, 38, 63, -59
-67022, 13200, 492, 43, 65, -63
-66222, 13200, 492, 46, 67, -67
-65422, 13200, 492, 51, 69, -70
-64622, 13200, 492, 57, 70, -73
-63822, 13200, 492, 63, 70, -77
-63022, 13200, 492, 71, 70, -81
-62222, 13200, 492, 78, 68, -85
-61422, 13200, 492, 86, 66, -89
-60622, 13200, 492, 94, 63, -92
-59822, 13200, 492, 102, 60, -95
-59022, 13200, 492, 108, 56, -98
-58222, 13200, 492, 113, 53, -101
-57422, 13200, 492, 117, 49, -104
-56622, 13200, 492, 119, 46, -105
-55822, 13200, 492, 121, 43, -107
-55022, 13200, 492, 122, 40, -109
-54222, 13200, 492, 121, 38, -110
-53422, 13200, 492, 121, 35, -111
-52622, 13200, 492, 121, 33, -111
-51822, 13200, 492, 120, 31, -112
-51022, 13200, 492, 120, 29, -112
-50222, 13200, 492, 119, 27, -113
-49422, 13200, 492, 119, 25, -113
-48622, 13200, 492, 119, 22, -113
-47822, 13200, 492, 118, 20, -112
-47022, 13200, 492, 118, 18, -112
-46222, 13200, 492, 117, 15, -111
-45422, 13200, 492, 116, 14, -111
-44622, 13200, 492, 113, 12, -110
-43822, 13200, 492, 110, 11, -109
-43022, 13200, 492, 106, 10, -108
-42222, 13200, 492, 102, 9, -107
-41422, 13200, 492, 98, 10, -106
-40622, 13200, 492, 94, 10, -104
-39822, 13200, 492, 91, 10, -104
-39022, 13200, 492, 88, 10, -103
-38222, 13200, 492, 85, 11, -102
-37422, 13200, 492, 84, 11, -101
-36622, 13200, 492, 82, 11, -101
-35822, 13200, 492, 81, 11, -100
-35022, 13200, 492, 81, 11, -99
-34222, 13200, 492, 80, 12, -99
-33422, 13200, 492, 80, 12, -98
-32622, 13200, 492, 79, 11, -98
-31822, 13200, 492, 80, 11, -97
-31022, 13200, 492, 78, 11, -97
-30222, 13200, 492, 78, 11, -97
-29422, 13200, 492, 79, 10, -96
-28622, 13200, 492, 79, 10, -96
-27822, 13200, 492, 79, 10, -96
-27022, 13200, 492, 78, 10, -95
-26222, 13200, 492, 79, 9, -95
-25422, 13200, 492, 78, 9, -94
-24622, 13200, 492, 79, 8, -94
-23822, 13200, 492, 78, 7, -94
-23022, 13200, 492, 79, 7, -94
-22222, 13200, 492, 79, 6, -93
-21422, 13200, 492, 78, 5, -93
-20622, 13200, 492, 79, 3, -93
-19822, 13200, 492, 79, 2, -92
-19022, 13200, 492, 79, 2, -91
-18222, 13200, 492, 79, 0, -91
-17422, 13200, 492, 79, -2, -90
-16622, 13200, 492, 79, -4, -89
-15822, 13200, 492, 79, -6, -89
-15022, 13200, 492, 78, -8, -88
-14222, 13200, 492, 77, -10, -87
-13422, 13200, 492, 77, -13, -86
-12622, 13200, 492, 77, -15, -84
-11822, 13200, 492, 76, -17, -83
-11022, 13200, 492, 75, -20, -82
-10222, 13200, 492, 73, -23, -80
-9422, 13200, 492, 72, -25, -78
-8622, 13200, 492, 70, -26, -76
-7822, 13200, 492, 67, -28, -74
-7022, 13200, 492, 65, -30, -71
-6222, 13200, 492, 61, -31, -69
-5422, 13200, 492, 58, -32, -67
-4622, 13200, 492, 55, -32, -64
-3822, 13200, 492, 51, -32, -61
-3022, 13200, 492, 49, -32, -59
-2222, 13200, 492, 45, -32, -56
-1422, 13200, 492, 43, -31, -54
-622, 13200, 492, 40, -31, -52
0, 13378, 492, 36, -30, -49
0, 14178, 492, 32, -26, -50
-578, 14400, 492, 31, -25, -51
-1378, 14400, 492, 33, -25, -53
-2178, 14400, 492, 35, -25, -55
-2978, 14400, 492, 38, -26, -57
-3778, 14400, 492, 39, -26, -60
-4578, 14400, 492, 41, -25, -62
-5378, 14400, 492, 43, -25, -65
-6178, 14400, 492, 45, -25, -67
-6978, 14400, 492, 47, -24, -70
-7778, 14400, 492, 49, -23, -71
-8578, 14400, 492, 51, -22, -74
-9378, 14400, 492, 52, -21, -76
-10178, 14400, 492, 53, -19, -77
-10978, 14400, 492, 55, -17, -79
-11778, 14400, 492, 56, -15, -81
-12578, 14400, 492, 56, -14, -82
-13378, 14400, 492, 57, -12, -83
-14178, 14400, 492, 58, -10, -84
-14978, 14400, 492, 58, -8, -86
-15778, 14400, 492, 60, -7, -87
-16578, 14400, 492, 59, -5, -88
-17378, 14400, 492, 59, -4, -89
-18178, 14400, 492, 59, -2, -89
-18978, 14400, 492, 59, -1, -89
-19778, 14400, 492, 60, 0, -90
-20578, 14400, 492, 59, 1, -91
-21378, 14400, 492, 59, 2, -92
-22178, 14400, 492, 60, 3, -92
-22978, 14400, 492, 60, 4, -93
-23778, 14400, 492, 60, 5, -93
-24578, 14400, 492, 59, 6, -94
-25378, 14400, 492, 60, 6, -94
-26178, 14400, 492, 59, 7, -95
-26978, 14400, 492, 59, 7, -95
-27778, 14400, 492, 60, 8, -96
-28578, 14400, 492, 59, 9, -96
-29378, 14400, 492, 60, 8, -97
-30178, 14400, 492, 59, 9, -97
-30978, 14400, 492, 60, 9, -97
-31778, 14400, 492, 59, 9, -98
-32578, 14400, 492, 60, 9, -98
-33378, 14400, 492, 60, 9, -98
-34178, 14400, 492, 60, 10, -100
-34978, 14400, 492, 60, 10, -99
-35778, 14400, 492, 61, 9, -101
-36578, 14400, 492, 62, 9, -101
-37378, 14400, 492, 62, 9, -102
-38178, 14400, 492, 64, 10, -103
-38978, 14400, 492, 66, 9, -104
-39778, 14400, 492, 68, 8, -105
-40578, 14400, 492, 70, 8, -106
-41378, 14400, 492, 72, 8, -108
-42178, 14400, 492, 75, 8, -109
-42978, 14400, 492, 78, 9, -110
-43778, 14400, 492, 81, 9, -111
-44578, 14400, 492, 83, 10, -112
-45378, 14400, 492, 84, 11, -113
-46178, 14400, 492, 86, 13, -114
-46978, 14400, 492, 86, 14, -115
-47778, 14400, 492, 86, 16, -115
-48578, 14400, 492, 86, 19, -115
-49378, 14400, 492, 87, 20, -116
-50178, 14400, 492, 87, 22, -115
-50978, 14400, 492, 88, 24, -115
-51778, 14400, 492, 87, 26, -115
-52578, 14400, 492, 88, 27, -114
-53378, 14400, 492, 88, 29, -114
-54178, 14400, 492, 89, 31, -113
-54978, 14400, 492, 89, 32, -112
-55778, 14400, 492, 88, 35, -111
-56578, 14400, 492, 88, 37, -109
-57378, 14400, 492, 86, 40, -107
-58178, 14400, 492, 83, 42, -104
-58978, 14400, 492, 79, 45, -102
-59778, 14400, 492, 75, 48, -99
-60578, 14400, 492, 71, 51, -96
-61378, 14400, 492, 64, 53, -92
-62178, 14400, 492, 59, 55, -89
-62978, 14400, 492, 53, 56, -85
-63778, 14400, 492, 49, 57, -80
-64578, 14400, 492, 44, 57, -77
-65378, 14400, 492, 40, 56, -74
-66178, 14400, 492, 37, 55, -70
-66978, 14400, 492, 34, 54, -67
-67778, 14400, 492, 31, 52, -64
-68578, 14400, 492, 28, 50, -60
-69378, 14400, 492, 26, 48, -58
-70178, 14400, 492, 24, 46, -54
-70978, 14400, 492, 22, 44, -52
-71778, 14400, 492, 21, 42, -49
-72000, 14978, 492, 17, 37, -49
-71822, 15600, 492, 15, 32, -50
-71022, 15600, 492, 16, 34, -52
-70222, 15600, 492, 17, 34, -55
-69422, 15600, 492, 18, 37, -57
-68622, 15600, 492, 19, 37, -60
-67822, 15600, 492, 21, 39, -63
-67022, 15600, 492, 22, 40, -66
-66222, 15600, 492, 24, 41, -70
-65422, 15600, 492, 26, 42, -73
-64622, 15600, 492, 28, 42, -76
-63822, 15600, 492, 31, 42, -79
-63022, 15600, 492, 33, 42, -83
-62222, 15600, 492, 36, 41, -86
-61422, 15600, 492, 39, 41, -90
-60622, 15600, 492, 42, 39, -93
-59822, 15600, 492, 46, 37, -96
-59022, 15600, 492, 49, 36, -98
-58222, 15600, 492, 51, 34, -101
-57422, 15600, 492, 53, 33, -104
-56622, 15600, 492, 55, 30, -104
-55822, 15600, 492, 56, 28, -107
-55022, 15600, 492, 56, 26, -108
-54222, 15600, 492, 56, 25, -110
-53422, 15600, 492, 56, 23, -110
-52622, 15600, 492, 56, 22, -111
-51822, 15600, 492, 55, 21, -112
-51022, 15600, 492, 55, 20, -112
-50222, 15600, 492, 55, 19, -112
-49422, 15600, 492, 56, 17, -112
-48622, 15600, 492, 55, 16, -113
-47822, 15600, 492, 55, 14, -113
-47022, 15600, 492, 56, 13, -112
-46222, 15600, 492, 56, 12, -112
-45422, 15600, 492, 55, 11, -111
-44622, 15600, 492, 55, 10, -110
-43822, 15600, 492, 55, 8, -110
-43022, 15600, 492, 53, 8, -109
-42222, 15600, 492, 52, 7, -108
-41422, 15600, 492, 50, 8, -107
-40622, 15600, 492, 51, 8, -105
-39822, 15600, 492, 48, 7, -105
-39022, 15600, 492, 47, 8, -104
-38222, 15600, 492, 46, 8, -103
-37422, 15600, 492, 45, 8, -102
-36622, 15600, 492, 45, 7, -101
-35822, 15600, 492, 44, 8, -100
-35022, 15600, 492, 44, 7, -99
-34222, 15600, 492, 45, 8, -99
-33422, 15600, 492, 44, 8, -99
-32622, 15600, 492, 44, 7, -98
-31822, 15600, 492, 44, 7, -97
-31022, 15600, 492, 45, 7, -97
-30222, 15600, 492, 44, 7, -96
-29422, 15600, 492, 46, 6, -95
-28622, 15600, 492, 44, 6, -95
-27822, 15600, 492, 44, 6, -95
-27022, 15600, 492, 44, 6, -95
-26222, 15600, 492, 44, 5, -94
-25422, 15600, 492, 44, 4, -93
-24622, 15600, 492, 44, 4, -92
-23822, 15600, 492, 44, 3, -92
-23022, 15600, 492, 44, 2, -92
-22222, 15600, 492, 44, 2, -91
-21422, 15600, 492, 44, 1, -91
-20622, 15600, 492, 44, 0, -90
-19822, 15600, 492, 44, -1, -89
-19022, 15600, 492, 44, -1, -89
-18222, 15600, 492, 43, -2, -88
-17422, 15600, 492, 44, -4, -87
-16622, 15600, 492, 43, -4, -86
-15822, 15600, 492, 43, -6, -85
-15022, 15600, 492, 43, -7, -84
-14222, 15600, 492, 42, -8, -83
-13422, 15600, 492, 43, -10, -82
-12622, 15600, 492, 43, -11, -81
-11822, 15600, 492, 41, -13, -79
-11022, 15600, 492, 40, -14, -78
-10222, 15600, 492, 39, -15, -76
-9422, 15600, 492, 39, -16, -75
-8622, 15600, 492, 37, -17, -73
-7822, 15600, 492, 37, -18, -71
-7022, 15600, 492, 35, -18, -69
-6222, 15600, 492, 34, -20, -67
-5422, 15600, 492, 33, -20, -65
-4622, 15600, 492, 31, -20, -63
-3822, 15600, 492, 30, -20, -61
-3022, 15600, 492, 29, -20, -59
-2222, 15600, 492, 28, -20, -57
-1422, 15600, 492, 26, -20, -55
-622, 15600, 492, 27, -20, -52
0, 15778, 492, 23, -19, -51
0, 16578, 492, 19, -15, -51
-578, 16800, 492, 19, -14, -51
-1378, 16800, 492, 19, -15, -54
-2178, 16800, 492, 21, -14, -56
-2978, 16800, 492, 21, -14, -57
-3778, 16800, 492, 22, -15, -59
-4578, 16800, 492, 23, -15, -61
-5378, 16800, 492, 24, -15, -64
-6178, 16800, 492, 25, -14, -65
-6978, 16800, 492, 25, -14, -66
-7778, 16800, 492, 26, -13, -69
-8578, 16800, 492, 27, -12, -71
-9378, 16800, 492, 28, -12, -72
-10178, 16800, 492, 28, -11, -74
-10978, 16800, 492, 29, -10, -76
-11778, 16800, 492, 29, -9, -77
-12578, 16800, 492, 29, -9, -78
-13378, 16800, 492, 30, -8, -80
-14178, 16800, 492, 30, -7, -80
-14978, 16800, 492, 30, -5, -82
-15778, 16800, 492, 31, -5, -83
-16578, 16800, 492, 31, -4, -84
-17378, 16800, 492, 31, -3, -85
-18178, 16800, 492, 31, -2, -86
-18978, 16800, 492, 32, -1, -87
-19778, 16800, 492, 32, -1, -87
-20578, 16800, 492, 32, 0, -88
-21378, 16800, 492, 32, 1, -89
-22178, 16800, 492, 32, 1, -89
-22978, 16800, 492, 32, 2, -90
-23778, 16800, 492, 31, 2, -91
-24578, 16800, 492, 32, 3, -91
-25378, 16800, 492, 31, 4, -92
-26178, 16800, 492, 32, 4, -92
-26978, 16800, 492, 32, 4, -93
-27778, 16800, 492, 32, 5, -93
-28578, 16800, 492, 31, 5, -94
-29378, 16800, 492, 32, 6, -94
-30178, 16800, 492, 31, 6, -95
-30978, 16800, 492, 32, 6, -95
-31778, 16800, 492, 31, 7, -95
-32578, 16800, 492, 31, 6, -96
-33378, 16800, 492, 31, 6, -97
-34178, 16800, 492, 31, 6, -97
-34978, 16800, 492, 31, 7, -98
-35778, 16800, 492, 31, 7, -98
-36578, 16800, 492, 31, 7, -99
-37378, 16800, 492, 30, 7, -100
-38178, 16800, 492, 30, 7, -100
-38978, 16800, 492, 30, 8, -101
-39778, 16800, 492, 31, 7, -101
-40578, 16800, 492, 31, 7, -102
-41378, 16800, 492, 31, 8, -103
-42178, 16800, 492, 31, 8, -104
-42978, 16800, 492, 31, 8, -104
-43778, 16800, 492, 31, 9, -106
-44578, 16800, 492, 31, 10, -106
-45378, 16800, 492, 31, 10, -106
-46178, 16800, 492, 30, 11, -106
-46978, 16800, 492, 29, 11, -107
-47778, 16800, 492, 29, 12, -107
-48578, 16800, 492, 28, 13, -107
-49378, 16800, 492, 27, 14, -106
-50178, 16800, 492, 27, 15, -106
-50978, 16800, 492, 27, 15, -106
-51778, 16800, 492, 27, 16, -105
-52578, 16800, 492, 27, 17, -104
-53378, 16800, 492, 27, 17, -105
-54178, 16800, 492, 27, 18, -104
-54978, 16800, 492, 28, 19, -102
-55778, 16800, 492, 27, 20, -102
-56578, 16800, 492, 27, 21, -100
-57378, 16800, 492, 27, 22, -99
-58178, 16800, 492, 26, 24, -96
-58978, 16800, 492, 25, 24, -95
-59778, 16800, 492, 23, 26, -92
-60578, 16800, 492, 22, 27, -90
-61378, 16800, 492, 20, 28, -87
-62178, 16800, 492, 19, 28, -85
-62978, 16800, 492, 18, 28, -80
-63778, 16800, 492, 18, 29, -78
-64578, 16800, 492, 15, 29, -76
-65378, 16800, 492, 14, 29, -72
-66178, 16800, 492, 14, 28, -69
-66978, 16800, 492, 13, 28, -67
-67778, 16800, 492, 12, 27, -63
-68578, 16800, 492, 12, 25, -61
-69378, 16800, 492, 11, 25, -58
-70178, 16800, 492, 11, 24, -56
-70978, 16800, 492, 11, 24, -53
-71778, 16800, 492, 10, 23, -51
-72000, 17378, 492, 7, 18, -50
-71822, 18000, 492, 5, 13, -49
-71022, 18000, 492, 5, 13, -52
-70222, 18000, 492, 5, 14, -54
-69422, 18000, 492, 5, 14, -56
-68622, 18000, 492, 5, 14, -59
-67822, 18000, 492, 5, 15, -61
-67022, 18000, 492, 4, 15, -64
-66222, 18000, 492, 4, 15, -66
-65422, 18000, 492, 4, 16, -69
-64622, 18000, 492, 4, 16, -72
-63822, 18000, 492, 4, 16, -74
-63022, 18000, 492, 4, 17, -77
-62222, 18000, 492, 3, 16, -79
-61422, 18000, 492, 2, 16, -82
-60622, 18000, 492, 3, 16, -83
-59822, 18000, 492, 2, 16, -86
-59022, 18000, 492, 2, 16, -88
-58222, 18000, 492, 2, 15, -91
-57422, 18000, 492, 3, 15, -91
-56622, 18000, 492, 3, 14, -93
-55822, 18000, 492, 4, 14, -94
-55022, 18000, 492, 4, 13, -95
-54222, 18000, 492, 6, 13, -95
-53422, 18000, 492, 4, 13, -97
-52622, 18000, 492, 4, 13, -98
-51822, 18000, 492, 5, 12, -99
-51022, 18000, 492, 6, 12, -99
-50222, 18000, 492, 6, 11, -100
-49422, 18000, 492, 6, 11, -100
-48622, 18000, 492, 7, 11, -100
-47822, 18000, 492, 8, 11, -100
-47022, 18000, 492, 9, 11, -101
-46222, 18000, 492, 9, 11, -101
-45422, 18000, 492, 10, 10, -101
-44622, 18000, 492, 11, 9, -101
-43822, 18000, 492, 11, 9, -101
-43022, 18000, 492, 13, 9, -101
-42222, 18000, 492, 14, 8, -100
-41422, 18000, 492, 15, 8, -100
-40622, 18000, 492, 16, 8, -99
-39822, 18000, 492, 17, 7, -100
-39022, 18000, 492, 16, 7, -99
-38222, 18000, 492, 17, 6, -99
-37422, 18000, 492, 18, 7, -98
-36622, 18000, 492, 18, 7, -97
-35822, 18000, 492, 19, 6, -97
-35022, 18000, 492, 19, 6, -97
-34222, 18000, 492, 19, 5, -96
-33422, 18000, 492, 19, 6, -95
-32622, 18000, 492, 20, 6, -95
-31822, 18000, 492, 20, 5, -95
-31022, 18000, 492, 20, 5, -94
-30222, 18000, 492, 20, 5, -94
-29422, 18000, 492, 20, 4, -93
-28622, 18000, 492, 20, 4, -93
-27822, 18000, 492, 20, 4, -92
-27022, 18000, 492, 20, 4, -92
-26222, 18000, 492, 21, 3, -91
-25422, 18000, 492, 21, 3, -91
-24622, 18000, 492, 21, 3, -90
-23822, 18000, 492, 21, 3, -90
-23022, 18000, 492, 22, 2, -89
-22222, 18000, 492, 21, 1, -88
-21422, 18000, 492, 21, 1, -88
-20622, 18000, 492, 21, 0, -87
-19822, 18000, 492, 21, 0, -86
-19022, 18000, 492, 21, -1, -86
-18222, 18000, 492, 21, -1, -85
-17422, 18000, 492, 21, -2, -84
-16622, 18000, 492, 20, -3, -83
-15822, 18000, 492, 20, -3, -82
-15022, 18000, 492, 20, -4, -82
-14222, 18000, 492, 20, -5, -80
-13422, 18000, 492, 20, -5, -79
-12622, 18000, 492, 20, -6, -77
-11822, 18000, 492, 19, -6, -76
-11022, 18000, 492, 19, -7, -75
-10222, 18000, 492, 19, -7, -73
-9422, 18000, 492, 19, -8, -71
-8622, 18000, 492, 18, -9, -70
-7822, 18000, 492, 17, -9, -69
-7022, 18000, 492, 17, -9, -67
-6222, 18000, 492, 17, -9, -65
-5422, 18000, 492, 17, -10, -63
-4622, 18000, 492, 16, -10, -62
-3822, 18000, 492, 15, -10, -60
-3022, 18000, 492, 15, -10, -58
-2222, 18000, 492, 14, -10, -56
-1422, 18000, 492, 14, -10, -55
-622, 18000, 492, 13, -10, -53
0, 18178, 492, 13, -10, -51
0, 18978, 492, 10, -5, -51
-578, 19200, 492, 8, -5, -52
-1378, 19200, 492, 9, -5, -53
-2178, 19200, 492, 9, -6, -55
-2978, 19200, 492, 10, -5, -57
-3778, 19200, 492, 10, -5, -58
-4578, 19200, 492, 11, -5, -60
-5378, 19200, 492, 10, -5, -62
-6178, 19200, 492, 10, -5, -64
-6978, 19200, 492, 10, -5, -66
-7778, 19200, 492, 11, -5, -68
-8578, 19200, 492, 10, -4, -69
-9378, 19200, 492, 11, -4, -70
-10178, 19200, 492, 11, -4, -72
-10978, 19200, 492, 11, -3, -73
-11778, 19200, 492, 11, -3, -75
-12578, 19200, 492, 12, -3, -75
-13378, 19200, 492, 12, -3, -77
-14178, 19200, 492, 12, -2, -78
-14978, 19200, 492, 12, -2, -80
-15778, 19200, 492, 12, -2, -80
-16578, 19200, 492, 12, -1, -82
-17378, 19200, 492, 12, 0, -83
-18178, 19200, 492, 12, 0, -84
-18978, 19200, 492, 12, 0, -84
-19778, 19200, 492, 12, 1, -85
-20578, 19200, 492, 12, 1, -85
-21378, 19200, 492, 12, 2, -87
-22178, 19200, 492, 12, 2, -88
-22978, 19200, 492, 12, 2, -88
-23778, 19200, 492, 12, 3, -89
-24578, 19200, 492, 12, 2, -89
-25378, 19200, 492, 12, 3, -89
-26178, 19200, 492, 12, 3, -90
-26978, 19200, 492, 12, 3, -91
-27778, 19200, 492, 11, 4, -91
-28578, 19200, 492, 11, 4, -91
-29378, 19200, 492, 11, 4, -92
-30178, 19200, 492, 11, 4, -92
-30978, 19200, 492, 11, 5, -93
-31778, 19200, 492, 10, 5, -93
-32578, 19200, 492, 10, 5, -93
-33378, 19200, 492, 10, 5, -94
-34178, 19200, 492, 9, 6, -94
-34978, 19200, 492, 9, 6, -95
-35778, 19200, 492, 9, 6, -95
-36578, 19200, 492, 10, 7, -95
-37378, 19200, 492, 8, 7, -96
-38178, 19200, 492, 7, 7, -96
-38978, 19200, 492, 7, 7, -96
-39778, 19200, 492, 6, 7, -97
-40578, 19200, 492, 5, 8, -97
-41378, 19200, 492, 4, 8, -97
-42178, 19200, 492, 3, 9, -98
-42978, 19200, 492, 2, 8, -98
-43778, 19200, 492, 0, 9, -98
-44578, 19200, 492, -1, 9, -98
-45378, 19200, 492, -2, 9, -98
-46178, 19200, 492, -2, 9, -97
-46978, 19200, 492, -3, 9, -97
-47778, 19200, 492, -4, 9, -97
-48578, 19200, 492, -5, 9, -96
-49378, 19200, 492, -5, 9, -96
-50178, 19200, 492, -6, 9, -95
-50978, 19200, 492, -7, 10, -94
-51778, 19200, 492, -8, 9, -94
-52578, 19200, 492, -8, 9, -93
-53378, 19200, 492, -9, 9, -92
-54178, 19200, 492, -9, 9, -91
-54978, 19200, 492, -10, 9, -90
-55778, 19200, 492, -11, 9, -89
-56578, 19200, 492, -12, 9, -88
-57378, 19200, 492, -12, 9, -86
-58178, 19200, 492, -13, 9, -86
-58978, 19200, 492, -13, 8, -84
-59778, 19200, 492, -11, 8, -81
-60578, 19200, 492, -11, 8, -80
-61378, 19200, 492, -10, 7, -78
-62178, 19200, 492, -9, 7, -76
-62978, 19200, 492, -7, 6, -74
-63778, 19200, 492, -6, 6, -72
-64578, 19200, 492, -5, 6, -69
-65378, 19200, 492, -4, 5, -67
-66178, 19200, 492, -3, 6, -65
-66978, 19200, 492, -3, 5, -63
-67778, 19200, 492, -1, 5, -60
-68578, 19200, 492, -1, 6, -58
-69378, 19200, 492, 0, 5, -56
-70178, 19200, 492, 0, 5, -52
-70978, 19200, 492, 1, 5, -51
-71778, 19200, 492, 1, 5, -49
-72000, 19778, 492, -1, 1, -48
-71822, 20400, 492, -3, -4, -48
-71022, 20400, 492, -3, -3, -49
-70222, 20400, 492, -4, -3, -51
-69422, 20400, 492, -5, -4, -54
-68622, 20400, 492, -6, -4, -56
-67822, 20400, 492, -6, -4, -58
-67022, 20400, 492, -8, -4, -60
-66222, 20400, 492, -9, -4, -63
-65422, 20400, 492, -10, -4, -65
-64622, 20400, 492, -12, -3, -67
-63822, 20400, 492, -13, -3, -70
-63022, 20400, 492, -14, -3, -72
-62222, 20400, 492, -16, -1, -74
-61422, 20400, 492, -17, 0, -76
-60622, 20400, 492, -19, 1, -78
-59822, 20400, 492, -19, 1, -80
-59022, 20400, 492, -19, 2, -82
-58222, 20400, 492, -20, 3, -84
-57422, 20400, 492, -19, 4, -86
-56622, 20400, 492, -19, 4, -87
-55822, 20400, 492, -17, 5, -88
-55022, 20400, 492, -15, 5, -89
-54222, 20400, 492, -15, 4, -91
-53422, 20400, 492, -14, 5, -92
-52622, 20400, 492, -14, 6, -93
-51822, 20400, 492, -13, 6, -94
-51022, 20400, 492, -12, 6, -94
-50222, 20400, 492, -12, 6, -95
-49422, 20400, 492, -12, 6, -96
-48622, 20400, 492, -10, 6, -96
-47822, 20400, 492, -10, 7, -97
-47022, 20400, 492, -10, 7, -96
-46222, 20400, 492, -9, 7, -97
-45422, 20400, 492, -9, 7, -98
-44622, 20400, 492, -8, 7, -98
-43822, 20400, 492, -8, 8, -98
-43022, 20400, 492, -7, 7, -97
-42222, 20400, 492, -5, 8, -96
-41422, 20400, 492, -5, 7, -97
-40622, 20400, 492, -4, 7, -96
-39822, 20400, 492, -3, 7, -96
-39022, 20400, 492, -3, 6, -95
-38222, 20400, 492, -2, 7, -95
-37422, 20400, 492, -1, 6, -95
-36622, 20400, 492, -1, 6, -95
-35822, 20400, 492, -1, 6, -94
-35022, 20400, 492, 0, 5, -94
-34222, 20400, 492, 0, 5, -94
-33422, 20400, 492, 0, 5, -93
-32622, 20400, 492, 1, 5, -93
-31822, 20400, 492, 2, 5, -92
-31022, 20400, 492, 2, 4, -92
-30222, 20400, 492, 2, 4, -91
-29422, 20400, 492, 2, 4, -91
-28622, 20400, 492, 2, 4, -91
-27822, 20400, 492, 3, 3, -90
-27022, 20400, 492, 2, 3, -90
-26222, 20400, 492, 2, 3, -89
-25422, 20400, 492, 3, 2, -89
-24622, 20400, 492, 3, 3, -88
-23822, 20400, 492, 3, 2, -88
-23022, 20400, 492, 3, 2, -87
-22222, 20400, 492, 3, 2, -87
-21422, 20400, 492, 3, 2, -86
-20622, 20400, 492, 3, 2, -86
-19822, 20400, 492, 3, 1, -85
-19022, 20400, 492, 3, 1, -84
-18222, 20400, 492, 3, 1, -84
-17422, 20400, 492, 3, 1, -83
-16622, 20400, 492, 3, 1, -82
-15822, 20400, 492, 5, 0, -80
-15022, 20400, 492, 3, 1, -80
-14222, 20400, 492, 3, 1, -79
-13422, 20400, 492, 4, 0, -78
-12622, 20400, 492, 4, 0, -77
-11822, 20400, 492, 4, 0, -75
-11022, 20400, 492, 4, 0, -74
-10222, 20400, 492, 3, 0, -73
-9422, 20400, 492, 3, -1, -71
-8622, 20400, 492, 3, -2, -69
-7822, 20400, 492, 4, 0, -68
-7022, 20400, 492, 4, -1, -66
-6222, 20400, 492, 5, -1, -65
-5422, 20400, 492, 4, -1, -63
-4622, 20400, 492, 3, -1, -61
-3822, 20400, 492, 4, -1, -59
-3022, 20400, 492, 4, -1, -58
-2222, 20400, 492, 5, -1, -56
-1422, 20400, 492, 4, -1, -54
-622, 20400, 492, 4, -1, -51
0, 20578, 492, 3, -1, -51
0, 21378, 492, 0, 2, -51
-578, 21600, 492, 0, 3, -51
-1378, 21600, 492, 0, 3, -52
-2178, 21600, 492, -1, 3, -55
-2978, 21600, 492, -1, 3, -56
-3778, 21600, 492, -1, 3, -58
-4578, 21600, 492, -2, 3, -60
-5378, 21600, 492, -1, 3, -62
-6178, 21600, 492, -2, 3, -63
-6978, 21600, 492, -2, 3, -65
-7778, 21600, 492, -3, 3, -67
-8578, 21600, 492, -3, 3, -68
-9378, 21600, 492, -3, 3, -70
-10178, 21600, 492, -3, 3, -72
-10978, 21600, 492, -4, 3, -73
-11778, 21600, 492, -3, 3, -75
-12578, 21600, 492, -4, 3, -76
-13378, 21600, 492, -4, 3, -77
-14178, 21600, 492, -4, 3, -79
-14978, 21600, 492, -3, 2, -79
-15778, 21600, 492, -4, 3, -80
-16578, 21600, 492, -4, 3, -81
-17378, 21600, 492, -4, 2, -82
-18178, 21600, 492, -3, 3, -82
-18978, 21600, 492, -4, 2, -83
-19778, 21600, 492, -4, 2, -85
-20578, 21600, 492, -5, 2, -85
-21378, 21600, 492, -4, 2, -86
-22178, 21600, 492, -5, 2, -86
-22978, 21600, 492, -5, 3, -87
-23778, 21600, 492, -5, 3, -87
-24578, 21600, 492, -5, 3, -87
-25378, 21600, 492, -5, 3, -88
-26178, 21600, 492, -6, 3, -88
-26978, 21600, 492, -5, 3, -89
-27778, 21600, 492, -6, 4, -89
-28578, 21600, 492, -5, 4, -90
-29378, 21600, 492, -6, 4, -90
-30178, 21600, 492, -7, 4, -90
-30978, 21600, 492, -6, 4, -91
-31778, 21600, 492, -6, 4, -91
-32578, 21600, 492, -7, 5, -91
-33378, 21600, 492, -7, 4, -92
-34178, 21600, 492, -7, 5, -92
-34978, 21600, 492, -7, 6, -93
-35778, 21600, 492, -8, 6, -93
-36578, 21600, 492, -8, 5, -94
-37378, 21600, 492, -9, 6, -94
-38178, 21600, 492, -10, 6, -94
-38978, 21600, 492, -10, 6, -95
-39778, 21600, 492, -11, 7, -96
-40578, 21600, 492, -11, 7, -96
-41378, 21600, 492, -11, 7, -97
-42178, 21600, 492, -12, 7, -97
-42978, 21600, 492, -12, 6, -98
-43778, 21600, 492, -13, 6, -99
-44578, 21600, 492, -13, 6, -99
-45378, 21600, 492, -13, 6, -99
-46178, 21600, 492, -13, 6, -99
-46978, 21600, 492, -13, 5, -99
-47778, 21600, 492, -13, 5, -99
-48578, 21600, 492, -13, 4, -99
-49378, 21600, 492, -13, 4, -98
-50178, 21600, 492, -14, 4, -98
-50978, 21600, 492, -14, 3, -97
-51778, 21600, 492, -15, 3, -97
-52578, 21600, 492, -16, 3, -96
-53378, 21600, 492, -16, 3, -96
-54178, 21600, 492, -17, 2, -94
-54978, 21600, 492, -18, 2, -93
-55778, 21600, 492, -19, 2, -91
-56578, 21600, 492, -20, 0, -90
-57378, 21600, 492, -22, 0, -88
-58178, 21600, 492, -21, -1, -86
-58978, 21600, 492, -23, -2, -84
-59778, 21600, 492, -22, -3, -82
-60578, 21600, 492, -22, -5, -80
-61378, 21600, 492, -21, -6, -77
-62178, 21600, 492, -21, -7, -75
-62978, 21600, 492, -19, -8, -72
-63778, 21600, 492, -18, -10, -69
-64578, 21600, 492, -17, -10, -67
-65378, 21600, 492, -15, -10, -65
-66178, 21600, 492, -14, -11, -62
-66978, 21600, 492, -13, -11, -60
-67778, 21600, 492, -11, -11, -57
-68578, 21600, 492, -10, -11, -55
-69378, 21600, 492, -9, -11, -53
-70178, 21600, 492, -8, -11, -50
-70978, 21600, 492, -8, -10, -48
-71778, 21600, 492, -6, -10, -46
-72000, 22178, 492, -8, -14, -44
-71822, 22800, 492, -9, -17, -44
-71022, 22800, 492, -11, -18, -45
-70222, 22800, 492, -11, -18, -47
-69422, 22800, 492, -13, -19, -50
-68622, 22800, 492, -14, -19, -52
-67822, 22800, 492, -16, -19, -54
-67022, 22800, 492, -17, -20, -57
-66222, 22800, 492, -18, -19, -60
-65422, 22800, 492, -20, -20, -63
-64622, 22800, 492, -22, -19, -65
-63822, 22800, 492, -23, -18, -68
-63022, 22800, 492, -25, -17, -71
-62222, 22800, 492, -25, -15, -74
-61422, 22800, 492, -28, -14, -77
-60622, 22800, 492, -29, -13, -80
-59822, 22800, 492, -29, -11, -83
-59022, 22800, 492, -30, -9, -84
-58222, 22800, 492, -30, -7, -87
-57422, 22800, 492, -30, -6, -89
-56622, 22800, 492, -29, -5, -92
-55822, 22800, 492, -28, -4, -93
-55022, 22800, 492, -27, -3, -95
-54222, 22800, 492, -27, -2, -96
-53422, 22800, 492, -26, -2, -97
-52622, 22800, 492, -25, -1, -99
-51822, 22800, 492, -24, 0, -100
-51022, 22800, 492, -22, 0, -101
-50222, 22800, 492, -23, 1, -101
-49422, 22800, 492, -23, 2, -101
-48622, 22800, 492, -23, 2, -101
-47822, 22800, 492, -22, 3, -101
-47022, 22800, 492, -22, 3, -101
-46222, 22800, 492, -22, 4, -101
-45422, 22800, 492, -23, 4, -101
-44622, 22800, 492, -23, 5, -100
-43822, 22800, 492, -23, 5, -99
-43022, 22800, 492, -22, 6, -99
-42222, 22800, 492, -22, 6, -98
-41422, 22800, 492, -21, 6, -97
-40622, 22800, 492, -21, 6, -96
-39822, 22800, 492, -21, 6, -95
-39022, 22800, 492, -20, 6, -95
-38222, 22800, 492, -19, 6, -94
-37422, 22800, 492, -19, 6, -93
-36622, 22800, 492, -18, 5, -92
-35822, 22800, 492, -18, 5, -92
-35022, 22800, 492, -17, 5, -92
-34222, 22800, 492, -17, 4, -91
-33422, 22800, 492, -16, 5, -91
-32622, 22800, 492, -16, 4, -90
-31822, 22800, 492, -16, 4, -90
-31022, 22800, 492, -16, 4, -90
-30222, 22800, 492, -15, 4, -89
-29422, 22800, 492, -15, 3, -89
-28622, 22800, 492, -15, 3, -89
-27822, 22800, 492, -15, 4, -88
-27022, 22800, 492, -15, 3, -88
-26222, 22800, 492, -14, 3, -88
-25422, 22800, 492, -14, 3, -87
-24622, 22800, 492, -14, 2, -87
-23822, 22800, 492, -14, 3, -87
-23022, 22800, 492, -14, 3, -86
-22222, 22800, 492, -13, 3, -85
-21422, 22800, 492, -13, 3, -85
-20622, 22800, 492, -13, 3, -85
-19822, 22800, 492, -13, 3, -84
-19022, 22800, 492, -14, 4, -84
-18222, 22800, 492, -13, 5, -83
-17422, 22800, 492, -13, 4, -82
-16622, 22800, 492, -13, 4, -82
-15822, 22800, 492, -12, 4, -81
-15022, 22800, 492, -12, 4, -80
-14222, 22800, 492, -12, 5, -79
-13422, 22800, 492, -12, 5, -78
-12622, 22800, 492, -12, 6, -77
-11822, 22800, 492, -11, 6, -76
-11022, 22800, 492, -11, 6, -74
-10222, 22800, 492, -11, 6, -73
-9422, 22800, 492, -10, 7, -71
-8622, 22800, 492, -10, 7, -69
-7822, 22800, 492, -9, 7, -68
-7022, 22800, 492, -9, 7, -67
-6222, 22800, 492, -9, 7, -64
-5422, 22800, 492, -8, 8, -63
-4622, 22800, 492, -8, 8, -61
-3822, 22800, 492, -7, 8, -59
-3022, 22800, 492, -7, 8, -57
-2222, 22800, 492, -6, 8, -55
-1422, 22800, 492, -6, 7, -53
-622, 22800, 492, -5, 8, -51
0, 22978, 492, -5, 9, -50
0, 23778, 492, -8, 11, -49
-578, 24000, 492, -9, 12, -49
-1378, 24000, 492, -10, 12, -51
-2178, 24000, 492, -11, 13, -53
-2978, 24000, 492, -12, 12, -55
-3778, 24000, 492, -12, 12, -57
-4578, 24000, 492, -13, 12, -60
-5378, 24000, 492, -14, 12, -61
-6178, 24000, 492, -14, 12, -64
-6978, 24000, 492, -16, 12, -66
-7778, 24000, 492, -16, 11, -67
-8578, 24000, 492, -17, 11, -69
-9378, 24000, 492, -18, 10, -70
-10178, 24000, 492, -17, 10, -72
-10978, 24000, 492, -19, 10, -74
-11778, 24000, 492, -20, 9, -75
-12578, 24000, 492, -20, 8, -76
-13378, 24000, 492, -20, 8, -77
-14178, 24000, 492, -21, 8, -79
-14978, 24000, 492, -21, 7, -80
-15778, 24000, 492, -21, 7, -80
-16578, 24000, 492, -21, 6, -81
-17378, 24000, 492, -21, 5, -82
-18178, 24000, 492, -22, 5, -83
-18978, 24000, 492, -22, 5, -83
-19778, 24000, 492, -22, 5, -84
-20578, 24000, 492, -22, 4, -85
-21378, 24000, 492, -23, 4, -85
-22178, 24000, 492, -22, 3, -85
-22978, 24000, 492, -23, 3, -85
-23778, 24000, 492, -22, 3, -86
-24578, 24000, 492, -23, 3, -86
-25378, 24000, 492, -23, 3, -86
-26178, 24000, 492, -23, 3, -87
-26978, 24000, 492, -23, 2, -87
-27778, 24000, 492, -23, 3, -87
-28578, 24000, 492, -23, 3, -88
-29378, 24000, 492, -24, 3, -87
-30178, 24000, 492, -24, 3, -88
-30978, 24000, 492, -24, 4, -88
-31778, 24000, 492, -24, 3, -89
-32578, 24000, 492, -25, 4, -88
-33378, 24000, 492, -25, 4, -89
-34178, 24000, 492, -25, 4, -89
-34978, 24000, 492, -25, 4, -90
-35778, 24000, 492, -26, 5, -90
-36578, 24000, 492, -27, 5, -91
-37378, 24000, 492, -28, 6, -92
-38178, 24000, 492, -29, 6, -92
-38978, 24000, 492, -30, 6, -92
-39778, 24000, 492, -31, 6, -93
-40578, 24000, 492, -33, 7, -94
-41378, 24000, 492, -34, 6, -94
-42178, 24000, 492, -35, 6, -95
-42978, 24000, 492, -35, 6, -96
-43778, 24000, 492, -37, 6, -97
-44578, 24000, 492, -38, 5, -98
-45378, 24000, 492, -39, 4, -98
-46178, 24000, 492, -39, 3, -100
-46978, 24000, 492, -40, 2, -99
-47778, 24000, 492, -39, 2, -100
-48578, 24000, 492, -40, 1, -100
-49378, 24000, 492, -40, -1, -101
-50178, 24000, 492, -40, -2, -100
-50978, 24000, 492, -41, -2, -99
-51778, 24000, 492, -40, -3, -99
-52578, 24000, 492, -41, -4, -98
-53378, 24000, 492, -43, -6, -97
-54178, 24000, 492, -43, -6, -96
-54978, 24000, 492, -44, -8, -95
-55778, 24000, 492, -44, -9, -93
-56578, 24000, 492, -45, -11, -91
-57378, 24000, 492, -45, -12, -89
-58178, 24000, 492, -45, -14, -87
-58978, 24000, 492, -43, -16, -84
-59778, 24000, 492, -44, -18, -82
-60578, 24000, 492, -42, -19, -79
-61378, 24000, 492, -40, -23, -76
-62178, 24000, 492, -37, -24, -73
-62978, 24000, 492, -35, -25, -69
-63778, 24000, 492, -32, -26, -67
-64578, 24000, 492, -30, -27, -64
-65378, 24000, 492, -28, -27, -61
-66178, 24000, 492, -25, -28, -58
-66978, 24000, 492, -23, -28, -55
-67778, 24000, 492, -21, -28, -52
-68578, 24000, 492, -18, -27, -50
-69378, 24000, 492, -18, -27, -47
-70178, 24000, 492, -16, -26, -45
-70978, 24000, 492, -14, -26, -43
-71778, 24000, 492, -13, -24, -41
-72000, 24578, 492, -14, -28, -39
-71822, 25200, 492, -16, -32, -37
-71022, 25200, 492, -18, -33, -37
-70222, 25200, 492, -19, -35, -41
-69422, 25200, 492, -22, -36, -42
-68622, 25200, 492, -24, -37, -45
-67822, 25200, 492, -27, -37, -47
-67022, 25200, 492, -29, -38, -50
-66222, 25200, 492, -32, -39, -52
-65422, 25200, 492, -35, -39, -55
-64622, 25200, 492, -39, -39, -57
-63822, 25200, 492, -43, -39, -60
-63022, 25200, 492, -47, -37, -63
-62222, 25200, 492, -51, -36, -66
-61422, 25200, 492, -55, -33, -69
-60622, 25200, 492, -60, -31, -72
-59822, 25200, 492, -62, -29, -75
-59022, 25200, 492, -66, -26, -77
-58222, 25200, 492, -69, -23, -80
-57422, 25200, 492, -70, -22, -82
-56622, 25200, 492, -70, -19, -84
-55822, 25200, 492, -70, -17, -85
-55022, 25200, 492, -70, -15, -87
-54222, 25200, 492, -69, -14, -88
-53422, 25200, 492, -69, -12, -90
-52622, 25200, 492, -69, -10, -90
-51822, 25200, 492, -68, -8, -92
-51022, 25200, 492, -68, -7, -92
-50222, 25200, 492, -67, -6, -93
-49422, 25200, 492, -67, -4, -93
-48622, 25200, 492, -66, -2, -93
-47822, 25200, 492, -66, -1, -93
-47022, 25200, 492, -65, 1, -93
-46222, 25200, 492, -64, 2, -93
-45422, 25200, 492, -62, 3, -92
-44622, 25200, 492, -61, 5, -92
-43822, 25200, 492, -59, 5, -91
-43022, 25200, 492, -57, 6, -91
-42222, 25200, 492, -54, 6, -89
-41422, 25200, 492, -52, 6, -89
-40622, 25200, 492, -49, 6, -89
-39822, 25200, 492, -47, 6, -88
-39022, 25200, 492, -44, 6, -88
-38222, 25200, 492, -43, 6, -87
-37422, 25200, 492, -41, 5, -87
-36622, 25200, 492, -40, 4, -87
-35822, 25200, 492, -39, 4, -87
-35022, 25200, 492, -38, 3, -86
-34222, 25200, 492, -37, 3, -87
-33422, 25200, 492, -36, 3, -86
-32622, 25200, 492, -36, 2, -86
-31822, 25200, 492, -36, 2, -86
-31022, 25200, 492, -35, 2, -85
-30222, 25200, 492, -35, 2, -86
-29422, 25200, 492, -35, 2, -85
-28622, 25200, 492, -34, 2, -85
-27822, 25200, 492, -35, 1, -85
-27022, 25200, 492, -34, 1, -86
-26222, 25200, 492, -34, 2, -85
-25422, 25200, 492, -34, 2, -85
-24622, 25200, 492, -34, 2, -85
-23822, 25200, 492, -34, 2, -84
-23022, 25200, 492, -34, 2, -85
-22222, 25200, 492, -34, 3, -84
-21422, 25200, 492, -34, 3, -84
-20622, 25200, 492, -34, 4, -84
-19822, 25200, 492, -33, 4, -83
-19022, 25200, 492, -33, 5, -83
-18222, 25200, 492, -33, 5, -83
-17422, 25200, 492, -33, 6, -82
-16622, 25200, 492, -32, 7, -81
-15822, 25200, 492, -32, 8, -81
-15022, 25200, 492, -32, 8, -80
-14222, 25200, 492, -32, 9, -80
-13422, 25200, 492, -31, 10, -79
-12622, 25200, 492, -31, 11, -77
-11822, 25200, 492, -30, 12, -76
-11022, 25200, 492, -29, 12, -75
-10222, 25200, 492, -29, 13, -73
-9422, 25200, 492, -28, 14, -72
-8622, 25200, 492, -27, 15, -70
-7822, 25200, 492, -26, 15, -68
-7022, 25200, 492, -25, 16, -67
-6222, 25200, 492, -24, 16, -64
-5422, 25200, 492, -23, 17, -62
-4622, 25200, 492, -22, 17, -60
-3822, 25200, 492, -20, 17, -58
-3022, 25200, 492, -19, 17, -55
-2222, 25200, 492, -18, 17, -53
-1422, 25200, 492, -17, 17, -51
-622, 25200, 492, -15, 17, -49
0, 25378, 492, -15, 17, -47
0, 26178, 492, -19, 22, -45
-578, 26400, 492, -21, 22, -45
-1378, 26400, 492, -22, 22, -47
-2178, 26400, 492, -24, 23, -50
-2978, 26400, 492, -25, 22, -52
-3778, 26400, 492, -28, 22, -54
-4578, 26400, 492, -30, 22, -57
-5378, 26400, 492, -31, 22, -60
-6178, 26400, 492, -33, 22, -62
-6978, 26400, 492, -35, 21, -64
-7778, 26400, 492, -36, 20, -66
-8578, 26400, 492, -38, 19, -68
-9378, 26400, 492, -39, 19, -69
-10178, 26400, 492, -41, 17, -72
-10978, 26400, 492, -41, 16, -74
-11778, 26400, 492, -42, 15, -75
-12578, 26400, 492, -43, 14, -76
-13378, 26400, 492, -44, 12, -77
-14178, 26400, 492, -44, 11, -78
-14978, 26400, 492, -44, 10, -79
-15778, 26400, 492, -45, 9, -79
-16578, 26400, 492, -45, 7, -80
-17378, 26400, 492, -45, 6, -80
-18178, 26400, 492, -46, 5, -81
-18978, 26400, 492, -46, 5, -80
-19778, 26400, 492, -46, 4, -81
-20578, 26400, 492, -46, 3, -81
-21378, 26400, 492, -46, 3, -81
-22178, 26400, 492, -46, 2, -82
-22978, 26400, 492, -46, 2, -82
-23778, 26400, 492, -46, 2, -81
-24578, 26400, 492, -46, 1, -82
-25378, 26400, 492, -46, 0, -82
-26178, 26400, 492, -46, 1, -82
-26978, 26400, 492, -47, 1, -82
-27778, 26400, 492, -46, 0, -82
-28578, 26400, 492, -46, 0, -82
-29378, 26400, 492, -47, 0, -82
-30178, 26400, 492, -47, 1, -82
-30978, 26400, 492, -47, 1, -82
-31778, 26400, 492, -47, 1, -81
-32578, 26400, 492, -48, 1, -82
-33378, 26400, 492, -48, 2, -82
-34178, 26400, 492, -49, 2, -82
-34978, 26400, 492, -50, 2, -82
-35778, 26400, 492, -51, 3, -81
-36578, 26400, 492, -52, 3, -81
-37378, 26400, 492, -54, 4, -81
-38178, 26400, 492, -56, 4, -81
-38978, 26400, 492, -58, 5, -81
-39778, 26400, 492, -60, 5, -81
-40578, 26400, 492, -64, 6, -81
-41378, 26400, 492, -67, 6, -81
-42178, 26400, 492, -71, 7, -81
-42978, 26400, 492, -75, 7, -81
-43778, 26400, 492, -80, 6, -81
-44578, 26400, 492, -83, 5, -81
-45378, 26400, 492, -87, 4, -81
-46178, 26400, 492, -89, 2, -81
-46978, 26400, 492, -90, 1, -81
-47778, 26400, 492, -92, -1, -81
-48578, 26400, 492, -94, -4, -80
-49378, 26400, 492, -94, -6, -80
-50178, 26400, 492, -95, -8, -79
-50978, 26400, 492, -96, -10, -79
-51778, 26400, 492, -96, -13, -79
-52578, 26400, 492, -96, -14, -78
-53378, 26400, 492, -97, -17, -77
-54178, 26400, 492, -97, -19, -77
-54978, 26400, 492, -98, -21, -75
-55778, 26400, 492, -98, -23, -74
-56578, 26400, 492, -97, -26, -72
-57378, 26400, 492, -94, -29, -71
-58178, 26400, 492, -93, -32, -69
-58978, 26400, 492, -91, -34, -67
-59778, 26400, 492, -86, -38, -65
-60578, 26400, 492, -81, -40, -63
-61378, 26400, 492, -75, -44, -61
-62178, 26400, 492, -69, -46, -59
-62978, 26400, 492, -62, -47, -56
-63778, 26400, 492, -56, -50, -53
-64578, 26400, 492, -50, -50, -51
-65378, 26400, 492, -46, -50, -49
-66178, 26400, 492, -41, -49, -46
-66978, 26400, 492, -37, -50, -44
-67778, 26400, 492, -33, -47, -41
-68578, 26400, 492, -30, -46, -40
-69378, 26400, 492, -27, -45, -38
-70178, 26400, 492, -24, -43, -36
-70978, 26400, 492, -22, -41, -34
-71778, 26400, 492, -20, -40, -33
-72000, 26978, 492, -21, -43, -30
-71822, 27600, 492, -22, -46, -27
-71022, 27600, 492, -25, -48, -28
-70222, 27600, 492, -27, -50, -29
-69422, 27600, 492, -30, -52, -31
-68622, 27600, 492, -34, -55, -32
-67822, 27600, 492, -37, -56, -33
-67022, 27600, 492, -42, -57, -35
-66222, 27600, 492, -46, -60, -37
-65422, 27600, 492, -52, -60, -38
-64622, 27600, 492, -58, -62, -40
-63822, 27600, 492, -65, -61, -42
-63022, 27600, 492, -72, -60, -44
-62222, 27600, 492, -80, -58, -46
-61422, 27600, 492, -88, -56, -48
-60622, 27600, 492, -97, -52, -49
-59822, 27600, 492, -104, -49, -51
-59022, 27600, 492, -110, -45, -52
-58222, 27600, 492, -115, -42, -54
-57422, 27600, 492, -118, -38, -55
-56622, 27600, 492, -120, -35, -57
-55822, 27600, 492, -121, -32, -57
-55022, 27600, 492, -122, -29, -58
-54222, 27600, 492, -122, -25, -59
-53422, 27600, 492, -122, -23, -60
-52622, 27600, 492, -122, -21, -60
-51822, 27600, 492, -121, -18, -61
-51022, 27600, 492, -121, -15, -61
-50222, 27600, 492, -121, -13, -62
-49422, 27600, 492, -119, -10, -63
-48622, 27600, 492, -119, -7, -64
-47822, 27600, 492, -117, -5, -64
-47022, 27600, 492, -115, -2, -65
-46222, 27600, 492, -113, 1, -65
-45422, 27600, 492, -110, 2, -66
-44622, 27600, 492, -105, 4, -66
-43822, 27600, 492, -101, 4, -67
-43022, 27600, 492, -97, 5, -67
-42222, 27600, 492, -91, 5, -68
-41422, 27600, 492, -86, 5, -69
-40622, 27600, 492, -82, 4, -70
-39822, 27600, 492, -78, 4, -70
-39022, 27600, 492, -74, 3, -71
-38222, 27600, 492, -71, 2, -71
-37422, 27600, 492, -69, 2, -72
-36622, 27600, 492, -67, 1, -73
-35822, 27600, 492, -66, 0, -73
-35022, 27600, 492, -65, 0, -73
-34222, 27600, 492, -65, 0, -74
-33422, 27600, 492, -63, -1, -74
-32622, 27600, 492, -62, -1, -74
-31822, 27600, 492, -62, -2, -74
-31022, 27600, 492, -62, -2, -75
-30222, 27600, 492, -61, -2, -75
-29422, 27600, 492, -62, -2, -75
-28622, 27600, 492, -61, -2, -75
-27822, 27600, 492, -62, -2, -75
-27022, 27600, 492, -61, -1, -75
-26222, 27600, 492, -62, -2, -75
-25422, 27600, 492, -61, -2, -75
-24622, 27600, 492, -61, -1, -75
-23822, 27600, 492, -61, -1, -75
-23022, 27600, 492, -61, 0, -76
-22222, 27600, 492, -61, 0, -76
-21422, 27600, 492, -61, 1, -76
-20622, 27600, 492, -61, 1, -75
-19822, 27600, 492, -61, 3, -76
-19022, 27600, 492, -62, 3, -76
-18222, 27600, 492, -61, 4, -75
-17422, 27600, 492, -61, 5, -75
-16622, 27600, 492, -61, 7, -75
-15822, 27600, 492, -61, 8, -74
-15022, 27600, 492, -61, 10, -74
-14222, 27600, 492, -61, 11, -73
-13422, 27600, 492, -60, 13, -73
-12622, 27600, 492, -59, 14, -72
-11822, 27600, 492, -59, 16, -71
-11022, 27600, 492, -58, 18, -70
-10222, 27600, 492, -57, 20, -69
-9422, 27600, 492, -56, 22, -67
-8622, 27600, 492, -53, 23, -65
-7822, 27600, 492, -51, 24, -63
-7022, 27600, 492, -49, 25, -61
-6222, 27600, 492, -47, 26, -59
-5422, 27600, 492, -44, 27, -56
-4622, 27600, 492, -42, 27, -54
-3822, 27600, 492, -39, 27, -52
-3022, 27600, 492, -36, 27, -49
-2222, 27600, 492, -33, 27, -47
-1422, 27600, 492, -30, 28, -43
-622, 27600, 492, -29, 27, -43
0, 27778, 492, -27, 27, -39
0, 28578, 492, -32, 30, -36
-578, 28800, 492, -34, 32, -35
-1378, 28800, 492, -36, 32, -37
-2178, 28800, 492, -41, 33, -39
-2978, 28800, 492, -44, 33, -41
-3778, 28800, 492, -49, 34, -44
-4578, 28800, 492, -53, 33, -45
-5378, 28800, 492, -57, 33, -48
-6178, 28800, 492, -61, 33, -51
-6978, 28800, 492, -65, 32, -52
-7778, 28800, 492, -69, 30, -55
-8578, 28800, 492, -71, 28, -57
-9378, 28800, 492, -74, 27, -58
-10178, 28800, 492, -76, 24, -59
-10978, 28800, 492, -78, 22, -61
-11778, 28800, 492, -79, 19, -61
-12578, 28800, 492, -80, 17, -62
-13378, 28800, 492, -80, 14, -63
-14178, 28800, 492, -81, 12, -63
-14978, 28800, 492, -81, 10, -63
-15778, 28800, 492, -81, 8, -64
-16578, 28800, 492, -81, 7, -64
-17378, 28800, 492, -81, 5, -64
-18178, 28800, 492, -80, 3, -64
-18978, 28800, 492, -80, 2, -65
-19778, 28800, 492, -81, 1, -64
-20578, 28800, 492, -81, 0, -65
-21378, 28800, 492, -80, -1, -64
-22178, 28800, 492, -80, -2, -64
-22978, 28800, 492, -80, -2, -65
-23778, 28800, 492, -80, -2, -64
-24578, 28800, 492, -80, -4, -65
-25378, 28800, 492, -80, -4, -64
-26178, 28800, 492, -79, -5, -65
-26978, 28800, 492, -79, -3, -64
-27778, 28800, 492, -79, -5, -63
-28578, 28800, 492, -79, -4, -64
-29378, 28800, 492, -79, -4, -64
-30178, 28800, 492, -79, -4, -64
-30978, 28800, 492, -79, -5, -63
-31778, 28800, 492, -79, -4, -63
-32578, 28800, 492, -79, -4, -63
-33378, 28800, 492, -80, -4, -63
-34178, 28800, 492, -81, -3, -62
-34978, 28800, 492, -81, -3, -62
-35778, 28800, 492, -82, -2, -61
-36578, 28800, 492, -83, -2, -60
-37378, 28800, 492, -85, -1, -60
-38178, 28800, 492, -86, 0, -58
-38978, 28800, 492, -90, 0, -58
-39778, 28800, 492, -92, 0, -57
-40578, 28800, 492, -96, 2, -56
-41378, 28800, 492, -101, 1, -54
-42178, 28800, 492, -105, 3, -53
-42978, 28800, 492, -111, 2, -52
-43778, 28800, 492, -116, 2, -51
-44578, 28800, 492, -121, 1, -49
-45378, 28800, 492, -126, 0, -48
-46178, 28800, 492, -129, -2, -47
-46978, 28800, 492, -133, -4, -46
-47778, 28800, 492, -135, -7, -45
-48578, 28800, 492, -137, -9, -44
-49378, 28800, 492, -138, -12, -43
-50178, 28800, 492, -139, -15, -42
-50978, 28800, 492, -140, -18, -41
-51778, 28800, 492, -141, -21, -41
-52578, 28800, 492, -141, -22, -41
-53378, 28800, 492, -142, -27, -41
-54178, 28800, 492, -142, -29, -40
-54978, 28800, 492, -142, -33, -39
-55778, 28800, 492, -141, -36, -39
-56578, 28800, 492, -139, -40, -38
-57378, 28800, 492, -138, -43, -37
-58178, 28800, 492, -135, -47, -36
-58978, 28800, 492, -130, -51, -36
-59778, 28800, 492, -122, -55, -35
-60578, 28800, 492, -115, -59, -34
-61378, 28800, 492, -105, -63, -34
-62178, 28800, 492, -96, -66, -32
-62978, 28800, 492, -86, -68, -32
-63778, 28800, 492, -77, -69, -31
-64578, 28800, 492, -69, -70, -30
-65378, 28800, 492, -62, -70, -29
-66178, 28800, 492, -55, -69, -28
-66978, 28800, 492, -49, -67, -27
-67778, 28800, 492, -43, -65, -26
-68578, 28800, 492, -39, -63, -24
-69378, 28800, 492, -35, -60, -24
-70178, 28800, 492, -31, -58, -22
-70978, 28800, 492, -28, -55, -22
-71778, 28800, 492, -25, -53, -21
-72000, 29378, 492, -25, -53, -18
-71822, 30000, 492, -27, -57, -15
-71022, 30000, 492, -29, -59, -15
-70222, 30000, 492, -33, -62, -15
-69422, 30000, 492, -36, -65, -16
-68622, 30000, 492, -41, -67, -16
-67822, 30000, 492, -45, -70, -16
-67022, 30000, 492, -51, -72, -17
-66222, 30000, 492, -56, -75, -17
-65422, 30000, 492, -64, -76, -17
-64622, 30000, 492, -71, -77, -18
-63822, 30000, 492, -79, -76, -18
-63022, 30000, 492, -89, -75, -18
-62222, 30000, 492, -99, -73, -18
-61422, 30000, 492, -108, -70, -18
-60622, 30000, 492, -120, -66, -19
-59822, 30000, 492, -129, -62, -19
-59022, 30000, 492, -137, -58, -19
-58222, 30000, 492, -143, -53, -19
-57422, 30000, 492, -147, -49, -19
-56622, 30000, 492, -149, -45, -20
-55822, 30000, 492, -151, -41, -20
-55022, 30000, 492, -151, -38, -20
-54222, 30000, 492, -150, -34, -20
-53422, 30000, 492, -151, -31, -21
-52622, 30000, 492, -150, -28, -21
-51822, 30000, 492, -150, -25, -22
-51022, 30000, 492, -149, -22, -22
-50222, 30000, 492, -147, -19, -23
-49422, 30000, 492, -147, -17, -24
-48622, 30000, 492, -146, -15, -25
-47822, 30000, 492, -144, -12, -26
-47022, 30000, 492, -142, -9, -26
-46222, 30000, 492, -140, -8, -28
-45422, 30000, 492, -137, -5, -29
-44622, 30000, 492, -133, -4, -30
-43822, 30000, 492, -130, -3, -31
-43022, 30000, 492, -126, -3, -33
-42222, 30000, 492, -121, -3, -34
-41422, 30000, 492, -117, -3, -36
-40622, 30000, 492, -113, -3, -37
-39822, 30000, 492, -110, -4, -38
-39022, 30000, 492, -108, -4, -39
-38222, 30000, 492, -106, -5, -40
-37422, 30000, 492, -104, -5, -41
-36622, 30000, 492, -102, -6, -42
-35822, 30000, 492, -101, -7, -43
-35022, 30000, 492, -101, -7, -43
-34222, 30000, 492, -100, -7, -44
-33422, 30000, 492, -100, -8, -45
-32622, 30000, 492, -100, -8, -45
-31822, 30000, 492, -99, -8, -46
-31022, 30000, 492, -99, -8, -46
-30222, 30000, 492, -100, -8, -45
-29422, 30000, 492, -99, -8, -46
-28622, 30000, 492, -100, -8, -46
-27822, 30000, 492, -100, -8, -47
-27022, 30000, 492, -100, -8, -47
-26222, 30000, 492, -101, -7, -47
-25422, 30000, 492, -101, -7, -47
-24622, 30000, 492, -101, -7, -47
-23822, 30000, 492, -101, -7, -47
-23022, 30000, 492, -102, -5, -47
-22222, 30000, 492, -102, -5, -47
-21422, 30000, 492, -102, -4, -47
-20622, 30000, 492, -103, -4, -47
-19822, 30000, 492, -103, -3, -47
-19022, 30000, 492, -103, -1, -47
-18222, 30000, 492, -104, 0, -47
-17422, 30000, 492, -104, 1, -47
-16622, 30000, 492, -105, 3, -47
-15822, 30000, 492, -105, 5, -47
-15022, 30000, 492, -105, 8, -47
-14222, 30000, 492, -106, 10, -47
-13422, 30000, 492, -106, 13, -46
-12622, 30000, 492, -106, 16, -46
-11822, 30000, 492, -105, 19, -45
-11022, 30000, 492, -104, 23, -45
-10222, 30000, 492, -102, 25, -44
-9422, 30000, 492, -100, 29, -43
-8622, 30000, 492, -97, 31, -42
-7822, 30000, 492, -93, 34, -41
-7022, 30000, 492, -88, 36, -40
-6222, 30000, 492, -83, 37, -39
-5422, 30000, 492, -77, 39, -37
-4622, 30000, 492, -70, 38, -35
-3822, 30000, 492, -64, 39, -34
-3022, 30000, 492, -58, 38, -33
-2222, 30000, 492, -52, 38, -31
-1422, 30000, 492, -47, 37, -29
-622, 30000, 492, -43, 36, -27
0, 30178, 492, -40, 36, -26
0, 30978, 492, -44, 39, -20
-578, 31200, 492, -46, 40, -18
-1378, 31200, 492, -52, 41, -18
-2178, 31200, 492, -58, 43, -18
-2978, 31200, 492, -65, 44, -19
-3778, 31200, 492, -73, 44, -19
-4578, 31200, 492, -81, 45, -20
-5378, 31200, 492, -90, 44, -21
-6178, 31200, 492, -98, 43, -20
-6978, 31200, 492, -106, 42, -22
-7778, 31200, 492, -113, 40, -22
-8578, 31200, 492, -120, 37, -23
-9378, 31200, 492, -123, 34, -23
-10178, 31200, 492, -126, 30, -23
-10978, 31200, 492, -128, 26, -24
-11778, 31200, 492, -129, 22, -24
-12578, 31200, 492, -130, 17, -24
-13378, 31200, 492, -129, 14, -24
-14178, 31200, 492, -129, 10, -25
-14978, 31200, 492, -128, 7, -24
-15778, 31200, 492, -128, 4, -24
-16578, 31200, 492, -127, 2, -25
-17378, 31200, 492, -126, 0, -25
-18178, 31200, 492, -125, -2, -24
-18978, 31200, 492, -125, -3, -25
-19778, 31200, 492, -124, -5, -25
-20578, 31200, 492, -124, -6, -25
-21378, 31200, 492, -123, -7, -25
-22178, 31200, 492, -122, -8, -25
-22978, 31200, 492, -122, -8, -25
-23778, 31200, 492, -122, -9, -25
-24578, 31200, 492, -120, -9, -25
-25378, 31200, 492, -120, -10, -25
-26178, 31200, 492, -120, -10, -25
-26978, 31200, 492, -120, -10, -25
-27778, 31200, 492, -119, -11, -25
-28578, 31200, 492, -119, -11, -25
-29378, 31200, 492, -119, -11, -25
-30178, 31200, 492, -118, -11, -25
-30978, 31200, 492, -119, -11, -24
-31778, 31200, 492, -119, -11, -24
-32578, 31200, 492, -119, -11, -24
-33378, 31200, 492, -118, -11, -23
-34178, 31200, 492, -119, -11, -23
-34978, 31200, 492, -119, -10, -23
-35778, 31200, 492, -119, -10, -22
-36578, 31200, 492, -119, -10, -21
-37378, 31200, 492, -120, -10, -21
-38178, 31200, 492, -121, -9, -20
-38978, 31200, 492, -122, -9, -19
-39778, 31200, 492, -123, -9, -18
-40578, 31200, 492, -125, -8, -17
-41378, 31200, 492, -127, -8, -16
-42178, 31200, 492, -129, -8, -15
-42978, 31200, 492, -132, -8, -14
-43778, 31200, 492, -134, -8, -12
-44578, 31200, 492, -137, -8, -11
-45378, 31200, 492, -140, -10, -10
-46178, 31200, 492, -141, -11, -9
-46978, 31200, 492, -143, -13, -8
-47778, 31200, 492, -143, -15, -7
-48578, 31200, 492, -145, -17, -5
-49378, 31200, 492, -146, -19, -6
-50178, 31200, 492, -147, -22, -4
-50978, 31200, 492, -149, -24, -4
-51778, 31200, 492, -150, -27, -4
-52578, 31200, 492, -151, -29, -3
-53378, 31200, 492, -152, -32, -3
-54178, 31200, 492, -152, -35, -3
-54978, 31200, 492, -152, -38, -3
-55778, 31200, 492, -153, -42, -3
-56578, 31200, 492, -152, -45, -2
-57378, 31200, 492, -150, -49, -3
-58178, 31200, 492, -147, -54, -2
-58978, 31200, 492, -142, -57, -3
-59778, 31200, 492, -135, -63, -3
-60578, 31200, 492, -127, -67, -3
-61378, 31200, 492, -116, -72, -4
-62178, 31200, 492, -107, -75, -4
-62978, 31200, 492, -96, -78, -5
-63778, 31200, 492, -87, -80, -5
-64578, 31200, 492, -77, -79, -6
-65378, 31200, 492, -69, -80, -6
-66178, 31200, 492, -61, -79, -6
-66978, 31200, 492, -55, -77, -7
-67778, 31200, 492, -49, -75, -7
-68578, 31200, 492, -44, -72, -8
-69378, 31200, 492, -39, -69, -8
-70178, 31200, 492, -35, -66, -8
-70978, 31200, 492, -31, -63, -8
-71778, 31200, 492, -28, -60, -8
-72000, 31778, 492, -28, -60, -5
-71822, 32400, 492, -28, -60, -2
-71022, 32400, 492, -31, -63, -2
-70222, 32400, 492, -34, -66, -1
-69422, 32400, 492, -38, -69, 0
-68622, 32400, 492, -42, -71, 1
-67822, 32400, 492, -46, -73, 1
-67022, 32400, 492, -52, -77, 2
-66222, 32400, 492, -59, -79, 3
-65422, 32400, 492, -66, -80, 4
-64622, 32400, 492, -74, -81, 5
-63822, 32400, 492, -82, -80, 6
-63022, 32400, 492, -92, -79, 8
-62222, 32400, 492, -101, -77, 9
-61422, 32400, 492, -112, -73, 10
-60622, 32400, 492, -121, -69, 11
-59822, 32400, 492, -131, -65, 12
-59022, 32400, 492, -137, -61, 12
-58222, 32400, 492, -142, -56, 13
-57422, 32400, 492, -146, -51, 14
-56622, 32400, 492, -147, -47, 14
-55822, 32400, 492, -146, -44, 14
-55022, 32400, 492, -148, -39, 14
-54222, 32400, 492, -148, -37, 14
-53422, 32400, 492, -147, -35, 14
-52622, 32400, 492, -146, -32, 14
-51822, 32400, 492, -145, -28, 13
-51022, 32400, 492, -144, -27, 13
-50222, 32400, 492, -143, -25, 12
-49422, 32400, 492, -141, -23, 12
-48622, 32400, 492, -142, -21, 11
-47822, 32400, 492, -140, -20, 11
-47022, 32400, 492, -139, -18, 10
-46222, 32400, 492, -139, -17, 9
-45422, 32400, 492, -138, -16, 8
-44622, 32400, 492, -136, -14, 8
-43822, 32400, 492, -135, -14, 7
-43022, 32400, 492, -134, -14, 6
-42222, 32400, 492, -133, -13, 5
-41422, 32400, 492, -132, -13, 4
-40622, 32400, 492, -132, -13, 3
-39822, 32400, 492, -130, -13, 3
-39022, 32400, 492, -130, -13, 2
-38222, 32400, 492, -130, -13, 1
-37422, 32400, 492, -128, -13, 1
-36622, 32400, 492, -129, -13, 0
-35822, 32400, 492, -128, -13, -1
-35022, 32400, 492, -128, -13, -1
-34222, 32400, 492, -128, -13, -1
-33422, 32400, 492, -128, -13, -2
-32622, 32400, 492, -128, -14, -2
-31822, 32400, 492, -128, -13, -2
-31022, 32400, 492, -128, -14, -2
-30222, 32400, 492, -128, -13, -3
-29422, 32400, 492, -129, -13, -2
-28622, 32400, 492, -128, -13, -3
-27822, 32400, 492, -129, -13, -3
-27022, 32400, 492, -130, -13, -3
-26222, 32400, 492, -130, -13, -3
-25422, 32400, 492, -130, -12, -3
-24622, 32400, 492, -131, -12, -3
-23822, 32400, 492, -130, -11, -3
-23022, 32400, 492, -132, -11, -3
-22222, 32400, 492, -132, -10, -3
-21422, 32400, 492, -133, -9, -3
-20622, 32400, 492, -133, -7, -3
-19822, 32400, 492, -134, -7, -2
-19022, 32400, 492, -135, -5, -1
-18222, 32400, 492, -136, -4, -2
-17422, 32400, 492, -136, -3, -2
-16622, 32400, 492, -137, 0, -2
-15822, 32400, 492, -138, 2, -2
-15022, 32400, 492, -139, 5, -2
-14222, 32400, 492, -140, 8, -1
-13422, 32400, 492, -141, 12, -2
-12622, 32400, 492, -140, 15, -1
-11822, 32400, 492, -141, 20, -1
-11022, 32400, 492, -141, 24, -2
-10222, 32400, 492, -140, 29, 0
-9422, 32400, 492, -137, 33, -2
-8622, 32400, 492, -134, 38, -2
-7822, 32400, 492, -128, 41, -2
-7022, 32400, 492, -121, 43, -2
-6222, 32400, 492, -113, 46, -3
-5422, 32400, 492, -103, 47, -4
-4622, 32400, 492, -93, 47, -4
-3822, 32400, 492, -84, 48, -5
-3022, 32400, 492, -75, 46, -6
-2222, 32400, 492, -67, 46, -6
-1422, 32400, 492, -59, 45, -6
-622, 32400, 492, -52, 43, -7
0, 32578, 492, -48, 42, -6
0, 33378, 492, -48, 43, 0
-578, 33600, 492, -50, 44, 2
-1378, 33600, 492, -56, 45, 3
-2178, 33600, 492, -63, 47, 5
-2978, 33600, 492, -71, 48, 6
-3778, 33600, 492, -80, 48, 7
-4578, 33600, 492, -89, 49, 9
-5378, 33600, 492, -100, 49, 11
-6178, 33600, 492, -109, 48, 12
-6978, 33600, 492, -118, 46, 13
-7778, 33600, 492, -126, 44, 14
-8578, 33600, 492, -133, 40, 16
-9378, 33600, 492, -136, 37, 17
-10178, 33600, 492, -139, 32, 17
-10978, 33600, 492, -141, 27, 18
-11778, 33600, 492, -141, 23, 18
-12578, 33600, 492, -141, 17, 19
-13378, 33600, 492, -141, 13, 19
-14178, 33600, 492, -140, 9, 19
-14978, 33600, 492, -139, 6, 19
-15778, 33600, 492, -138, 3, 18
-16578, 33600, 492, -137, 1, 19
-17378, 33600, 492, -137, -2, 18
-18178, 33600, 492, -136, -2, 18
-18978, 33600, 492, -135, -5, 18
-19778, 33600, 492, -134, -7, 18
-20578, 33600, 492, -133, -8, 18
-21378, 33600, 492, -133, -9, 18
-22178, 33600, 492, -132, -10, 17
-22978, 33600, 492, -132, -11, 17
-23778, 33600, 492, -130, -11, 17
-24578, 33600, 492, -131, -12, 17
-25378, 33600, 492, -130, -12, 17
-26178, 33600, 492, -130, -13, 17
-26978, 33600, 492, -129, -13, 17
-27778, 33600, 492, -129, -13, 17
-28578, 33600, 492, -129, -14, 17
-29378, 33600, 492, -128, -14, 17
-30178, 33600, 492, -128, -14, 17
-30978, 33600, 492, -128, -14, 17
-31778, 33600, 492, -128, -15, 17
-32578, 33600, 492, -128, -14, 17
-33378, 33600, 492, -128, -15, 18
-34178, 33600, 492, -127, -14, 18
-34978, 33600, 492, -128, -15, 19
-35778, 33600, 492, -128, -14, 19
-36578, 33600, 492, -128, -15, 19
-37378, 33600, 492, -128, -14, 19
-38178, 33600, 492, -128, -15, 20
-38978, 33600, 492, -129, -15, 20
-39778, 33600, 492, -129, -15, 20
-40578, 33600, 492, -129, -15, 22
-41378, 33600, 492, -130, -15, 22
-42178, 33600, 492, -130, -15, 23
-42978, 33600, 492, -130, -16, 23
-43778, 33600, 492, -132, -17, 24
-44578, 33600, 492, -132, -17, 25
-45378, 33600, 492, -133, -18, 26
-46178, 33600, 492, -133, -18, 26
-46978, 33600, 492, -134, -20, 27
-47778, 33600, 492, -135, -21, 27
-48578, 33600, 492, -136, -22, 28
-49378, 33600, 492, -137, -23, 28
-50178, 33600, 492, -138, -25, 28
-50978, 33600, 492, -138, -27, 29
-51778, 33600, 492, -138, -29, 30
-52578, 33600, 492, -140, -31, 30
-53378, 33600, 492, -141, -34, 30
-54178, 33600, 492, -142, -36, 30
-54978, 33600, 492, -143, -39, 30
-55778, 33600, 492, -143, -42, 30
-56578, 33600, 492, -143, -46, 29
-57378, 33600, 492, -141, -49, 29
-58178, 33600, 492, -139, -53, 28
-58978, 33600, 492, -134, -56, 28
-59778, 33600, 492, -128, -62, 26
-60578, 33600, 492, -121, -66, 25
-61378, 33600, 492, -111, -71, 23
-62178, 33600, 492, -102, -74, 22
-62978, 33600, 492, -91, -77, 20
-63778, 33600, 492, -83, -78, 18
-64578, 33600, 492, -74, -79, 17
-65378, 33600, 492, -65, -79, 14
-66178, 33600, 492, -59, -78, 13
-66978, 33600, 492, -53, -76, 11
-67778, 33600, 492, -47, -74, 9
-68578, 33600, 492, -42, -72, 8
-69378, 33600, 492, -38, -68, 7
-70178, 33600, 492, -35, -66, 6
-70978, 33600, 492, -31, -63, 5
-71778, 33600, 492, -28, -60, 4
-72000, 34178, 492, -27, -59, 6
-71822, 34800, 492, -26, -57, 8
-71022, 34800, 492, -28, -59, 9
-70222, 34800, 492, -31, -62, 10
-69422, 34800, 492, -35, -64, 12
-68622, 34800, 492, -38, -67, 13
-67822, 34800, 492, -41, -69, 15
-67022, 34800, 492, -47, -72, 16
-66222, 34800, 492, -53, -73, 18
-65422, 34800, 492, -59, -74, 21
-64622, 34800, 492, -66, -75, 23
-63822, 34800, 492, -72, -75, 25
-63022, 34800, 492, -81, -73, 27
-62222, 34800, 492, -89, -71, 30
-61422, 34800, 492, -98, -68, 32
-60622, 34800, 492, -107, -64, 34
-59822, 34800, 492, -115, -61, 36
-59022, 34800, 492, -121, -58, 38
-58222, 34800, 492, -126, -53, 39
-57422, 34800, 492, -129, -49, 40
-56622, 34800, 492, -131, -46, 41
-55822, 34800, 492, -132, -42, 42
-55022, 34800, 492, -132, -39, 42
-54222, 34800, 492, -132, -37, 43
-53422, 34800, 492, -131, -34, 43
-52622, 34800, 492, -130, -32, 42
-51822, 34800, 492, -130, -29, 42
-51022, 34800, 492, -129, -28, 42
-50222, 34800, 492, -128, -26, 42
-49422, 34800, 492, -127, -25, 42
-48622, 34800, 492, -126, -24, 41
-47822, 34800, 492, -126, -22, 41
-47022, 34800, 492, -125, -21, 40
-46222, 34800, 492, -122, -20, 40
-45422, 34800, 492, -123, -20, 39
-44622, 34800, 492, -123, -19, 39
-43822, 34800, 492, -122, -18, 38
-43022, 34800, 492, -122, -18, 38
-42222, 34800, 492, -121, -17, 37
-41422, 34800, 492, -121, -16, 37
-40622, 34800, 492, -120, -16, 36
-39822, 34800, 492, -120, -16, 36
-39022, 34800, 492, -119, -15, 35
-38222, 34800, 492, -120, -15, 35
-37422, 34800, 492, -119, -15, 35
-36622, 34800, 492, -119, -15, 34
-35822, 34800, 492, -119, -15, 34
-35022, 34800, 492, -120, -14, 34
-34222, 34800, 492, -119, -14, 34
-33422, 34800, 492, -119, -14, 33
-32622, 34800, 492, -119, -14, 33
-31822, 34800, 492, -119, -14, 33
-31022, 34800, 492, -119, -14, 33
-30222, 34800, 492, -119, -13, 33
-29422, 34800, 492, -119, -13, 32
-28622, 34800, 492, -119, -13, 33
-27822, 34800, 492, -119, -11, 32
-27022, 34800, 492, -120, -12, 33
-26222, 34800, 492, -120, -12, 33
-25422, 34800, 492, -120, -11, 32
-24622, 34800, 492, -120, -11, 33
-23822, 34800, 492, -121, -10, 33
-23022, 34800, 492, -122, -9, 33
-22222, 34800, 492, -122, -9, 33
-21422, 34800, 492, -123, -8, 33
-20622, 34800, 492, -123, -6, 33
-19822, 34800, 492, -124, -6, 33
-19022, 34800, 492, -124, -4, 34
-18222, 34800, 492, -125, -3, 34
-17422, 34800, 492, -126, -1, 34
-16622, 34800, 492, -126, 1, 34
-15822, 34800, 492, -127, 3, 34
-15022, 34800, 492, -128, 6, 34
-14222, 34800, 492, -128, 9, 34
-13422, 34800, 492, -129, 13, 33
-12622, 34800, 492, -131, 17, 33
-11822, 34800, 492, -130, 21, 33
-11022, 34800, 492, -129, 25, 32
-10222, 34800, 492, -128, 30, 32
-9422, 34800, 492, -126, 34, 31
-8622, 34800, 492, -122, 38, 29
-7822, 34800, 492, -116, 41, 28
-7022, 34800, 492, -111, 43, 26
-6222, 34800, 492, -103, 46, 24
-5422, 34800, 492, -95, 47, 22
-4622, 34800, 492, -86, 47, 20
-3822, 34800, 492, -78, 47, 18
-3022, 34800, 492, -70, 47, 16
-2222, 34800, 492, -62, 46, 14
-1422, 34800, 492, -56, 45, 12
-622, 34800, 492, -50, 44, 10
0, 34978, 492, -45, 42, 10
0, 35778, 492, -40, 41, 13
-578, 36000, 492, -42, 42, 15
-1378, 36000, 492, -46, 42, 17
-2178, 36000, 492, -52, 44, 19
-2978, 36000, 492, -57, 44, 21
-3778, 36000, 492, -64, 45, 23
-4578, 36000, 492, -68, 45, 26
-5378, 36000, 492, -77, 45, 28
-6178, 36000, 492, -83, 44, 30
-6978, 36000, 492, -90, 43, 32
-7778, 36000, 492, -96, 41, 34
-8578, 36000, 492, -100, 38, 36
-9378, 36000, 492, -104, 35, 38
-10178, 36000, 492, -105, 31, 39
-10978, 36000, 492, -108, 27, 40
-11778, 36000, 492, -109, 24, 41
-12578, 36000, 492, -109, 19, 42
-13378, 36000, 492, -109, 16, 42
-14178, 36000, 492, -110, 13, 42
-14978, 36000, 492, -109, 10, 43
-15778, 36000, 492, -109, 7, 43
-16578, 36000, 492, -108, 4, 43
-17378, 36000, 492, -108, 2, 43
-18178, 36000, 492, -107, 1, 43
-18978, 36000, 492, -107, -1, 44
-19778, 36000, 492, -106, -2, 43
-20578, 36000, 492, -106, -4, 43
-21378, 36000, 492, -105, -5, 43
-22178, 36000, 492, -105, -5, 43
-22978, 36000, 492, -105, -7, 43
-23778, 36000, 492, -105, -7, 43
-24578, 36000, 492, -104, -8, 42
-25378, 36000, 492, -104, -8, 42
-26178, 36000, 492, -104, -9, 42
-26978, 36000, 492, -102, -10, 42
-27778, 36000, 492, -103, -10, 43
-28578, 36000, 492, -103, -10, 42
-29378, 36000, 492, -103, -11, 42
-30178, 36000, 492, -103, -11, 42
-30978, 36000, 492, -103, -11, 43
-31778, 36000, 492, -102, -11, 42
-32578, 36000, 492, -103, -12, 43
-33378, 36000, 492, -103, -13, 43
-34178, 36000, 492, -103, -13, 43
-34978, 36000, 492, -103, -13, 43
-35778, 36000, 492, -103, -13, 44
-36578, 36000, 492, -103, -13, 44
-37378, 36000, 492, -104, -13, 44
-38178, 36000, 492, -104, -14, 44
-38978, 36000, 492, -104, -14, 44
-39778, 36000, 492, -104, -15, 46
-40578, 36000, 492, -105, -15, 45
-41378, 36000, 492, -103, -15, 46
-42178, 36000, 492, -105, -16, 46
-42978, 36000, 492, -105, -16, 46
-43778, 36000, 492, -106, -17, 46
-44578, 36000, 492, -106, -18, 47
-45378, 36000, 492, -107, -18, 48
-46178, 36000, 492, -107, -19, 48
-46978, 36000, 492, -108, -19, 48
-47778, 36000, 492, -109, -21, 48
-48578, 36000, 492, -109, -22, 49
-49378, 36000, 492, -110, -23, 49
-50178, 36000, 492, -110, -25, 50
-50978, 36000, 492, -111, -26, 50
-51778, 36000, 492, -111, -28, 50
-52578, 36000, 492, -111, -29, 50
-53378, 36000, 492, -113, -32, 50
-54178, 36000, 492, -113, -34, 50
-54978, 36000, 492, -113, -36, 49
-55778, 36000, 492, -113, -39, 49
-56578, 36000, 492, -111, -41, 48
-57378, 36000, 492, -110, -45, 47
-58178, 36000, 492, -108, -48, 46
-58978, 36000, 492, -104, -51, 45
-59778, 36000, 492, -99, -54, 43
-60578, 36000, 492, -94, -58, 41
-61378, 36000, 492, -86, -60, 39
-62178, 36000, 492, -80, -64, 36
-62978, 36000, 492, -72, -66, 34
-63778, 36000, 492, -66, -67, 33
-64578, 36000, 492, -59, -68, 30
-65378, 36000, 492, -54, -68, 27
-66178, 36000, 492, -48, -67, 24
-66978, 36000, 492, -43, -66, 23
-67778, 36000, 492, -39, -64, 20
-68578, 36000, 492, -35, -63, 19
-69378, 36000, 492, -32, -61, 18
-70178, 36000, 492, -29, -59, 15
-70978, 36000, 492, -26, -56, 13
-71778, 36000, 492, -24, -54, 12
-71545, 36000, 615, -24, -52, 11
-70745, 36000, 615, -27, -53, 12
-69945, 36000, 615, -29, -55, 14
-69145, 36000, 615, -33, -57, 14
-68345, 36000, 615, -35, -59, 17
-67545, 36000, 615, -39, -60, 18
-66745, 36000, 615, -43, -61, 20
-65945, 36000, 615, -48, -62, 22
-65145, 36000, 615, -52, -63, 24
-64345, 36000, 615, -58, -63, 26
-63545, 36000, 615, -63, -62, 28
-62745, 36000, 615, -69, -61, 30
-61945, 36000, 615, -75, -60, 33
-61145, 36000, 615, -81, -57, 34
-60345, 36000, 615, -87, -54, 36
-59545, 36000, 615, -92, -52, 37
-58745, 36000, 615, -95, -48, 39
-57945, 36000, 615, -99, -46, 41
-57145, 36000, 615, -102, -43, 42
-56345, 36000, 615, -104, -40, 43
-55545, 36000, 615, -105, -37, 43
-54745, 36000, 615, -106, -35, 44
-53945, 36000, 615, -106, -33, 44
-53145, 36000, 615, -106, -31, 44
-52345, 36000, 615, -106, -29, 44
-51545, 36000, 615, -105, -27, 44
-50745, 36000, 615, -105, -26, 44
-49945, 36000, 615, -104, -24, 44
-49145, 36000, 615, -104, -23, 44
-48345, 36000, 615, -104, -22, 44
-47545, 36000, 615, -103, -21, 44
-46745, 36000, 615, -103, -20, 43
-45945, 36000, 615, -102, -18, 43
-45145, 36000, 615, -102, -18, 42
-44345, 36000, 615, -101, -18, 42
-43545, 36000, 615, -102, -17, 42
-42745, 36000, 615, -100, -16, 41
-41945, 36000, 615, -100, -15, 41
-41145, 36000, 615, -100, -15, 40
-40345, 36000, 615, -99, -14, 41
-39545, 36000, 615, -99, -14, 40
-38745, 36000, 615, -99, -14, 39
-37945, 36000, 615, -99, -13, 39
-37145, 36000, 615, -98, -13, 39
-36345, 36000, 615, -98, -13, 39
-35545, 36000, 615, -98, -12, 38
-34745, 36000, 615, -99, -12, 39
-33945, 36000, 615, -98, -11, 38
-33145, 36000, 615, -97, -12, 38
-32345, 36000, 615, -98, -12, 38
-31545, 36000, 615, -96, -11, 38
-30745, 36000, 615, -98, -11, 38
-29945, 36000, 615, -98, -11, 38
-29145, 36000, 615, -98, -10, 37
-28345, 36000, 615, -98, -9, 37
-27545, 36000, 615, -99, -9, 37
-26745, 36000, 615, -98, -9, 37
-25945, 36000, 615, -99, -8, 38
-25145, 36000, 615, -99, -8, 37
-24345, 36000, 615, -98, -7, 37
-23545, 36000, 615, -99, -6, 37
-22745, 36000, 615, -100, -5, 38
-21945, 36000, 615, -100, -5, 37
-21145, 36000, 615, -100, -3, 37
-20345, 36000, 615, -100, -2, 38
-19545, 36000, 615, -101, -1, 38
-18745, 36000, 615, -101, 0, 38
-17945, 36000, 615, -101, 1, 38
-17145, 36000, 615, -102, 3, 37
-16345, 36000, 615, -103, 5, 38
-15545, 36000, 615, -102, 7, 37
-14745, 36000, 615, -102, 10, 38
-13945, 36000, 615, -102, 12, 37
-13145, 36000, 615, -103, 15, 37
-12345, 36000, 615, -102, 18, 36
-11545, 36000, 615, -102, 22, 36
-10745, 36000, 615, -100, 25, 34
-9945, 36000, 615, -98, 29, 34
-9145, 36000, 615, -96, 32, 33
-8345, 36000, 615, -93, 34, 32
-7545, 36000, 615, -89, 36, 30
-6745, 36000, 615, -84, 39, 28
-5945, 36000, 615, -79, 39, 26
-5145, 36000, 615, -73, 40, 25
-4345, 36000, 615, -67, 41, 23
-3545, 36000, 615, -62, 41, 20
-2745, 36000, 615, -56, 41, 19
-1945, 36000, 615, -51, 40, 17
-1145, 36000, 615, -47, 40, 15
-345, 36000, 615, -42, 38, 14
0, 35545, 615, -41, 39, 13
-55, 34800, 615, -43, 41, 10
-855, 34800, 615, -47, 41, 12
-1655, 34800, 615, -52, 42, 13
-2455, 34800, 615, -58, 42, 14
-3255, 34800, 615, -64, 43, 16
-4055, 34800, 615, -71, 43, 18
-4855, 34800, 615, -78, 43, 21
-5655, 34800, 615, -85, 43, 22
-6455, 34800, 615, -91, 41, 23
-7255, 34800, 615, -97, 39, 26
-8055, 34800, 615, -102, 37, 27
-8855, 34800, 615, -107, 34, 28
-9655, 34800, 615, -109, 31, 30
-10455, 34800, 615, -112, 28, 31
-11255, 34800, 615, -113, 24, 32
-12055, 34800, 615, -114, 20, 32
-12855, 34800, 615, -114, 17, 33
-13655, 34800, 615, -115, 13, 33
-14455, 34800, 615, -114, 11, 33
-15255, 34800, 615, -114, 8, 33
-16055, 34800, 615, -114, 6, 33
-16855, 34800, 615, -113, 3, 34
-17655, 34800, 615, -112, 1, 33
-18455, 34800, 615, -112, -1, 33
-19255, 34800, 615, -112, -2, 33
-20055, 34800, 615, -111, -4, 32
-20855, 34800, 615, -111, -4, 33
-21655, 34800, 615, -110, -5, 33
-22455, 34800, 615, -110, -6, 33
-23255, 34800, 615, -110, -7, 33
-24055, 34800, 615, -109, -6, 33
-24855, 34800, 615, -109, -9, 33
-25655, 34800, 615, -108, -9, 33
-26455, 34800, 615, -108, -10, 33
-27255, 34800, 615, -108, -10, 34
-28055, 34800, 615, -108, -11, 33
-28855, 34800, 615, -108, -11, 33
-29655, 34800, 615, -108, -11, 33
-30455, 34800, 615, -106, -12, 33
-31255, 34800, 615, -107, -11, 33
-32055, 34800, 615, -108, -12, 33
-32855, 34800, 615, -108, -12, 33
-33655, 34800, 615, -108, -12, 33
-34455, 34800, 615, -108, -12, 33
-35255, 34800, 615, -107, -13, 34
-36055, 34800, 615, -108, -13, 35
-36855, 34800, 615, -108, -13, 35
-37655, 34800, 615, -108, -13, 34
-38455, 34800, 615, -109, -14, 35
-39255, 34800, 615, -109, -14, 35
-40055, 34800, 615, -109, -15, 36
-40855, 34800, 615, -110, -15, 36
-41655, 34800, 615, -110, -15, 37
-42455, 34800, 615, -110, -16, 37
-43255, 34800, 615, -110, -16, 38
-44055, 34800, 615, -111, -16, 38
-44855, 34800, 615, -111, -17, 38
-45655, 34800, 615, -112, -18, 39
-46455, 34800, 615, -112, -19, 41
-47255, 34800, 615, -113, -20, 40
-48055, 34800, 615, -114, -21, 40
-48855, 34800, 615, -114, -23, 40
-49655, 34800, 615, -115, -24, 41
-50455, 34800, 615, -115, -26, 41
-51255, 34800, 615, -116, -27, 41
-52055, 34800, 615, -117, -28, 41
-52855, 34800, 615, -117, -31, 41
-53655, 34800, 615, -117, -33, 41
-54455, 34800, 615, -117, -35, 41
-55255, 34800, 615, -117, -37, 41
-56055, 34800, 615, -116, -40, 40
-56855, 34800, 615, -115, -43, 40
-57655, 34800, 615, -113, -46, 39
-58455, 34800, 615, -109, -49, 38
-59255, 34800, 615, -105, -52, 36
-60055, 34800, 615, -100, -56, 35
-60855, 34800, 615, -94, -59, 33
-61655, 34800, 615, -87, -61, 31
-62455, 34800, 615, -80, -64, 29
-63255, 34800, 615, -73, -65, 27
-64055, 34800, 615, -66, -66, 25
-64855, 34800, 615, -60, -67, 23
-65655, 34800, 615, -54, -67, 21
-66455, 34800, 615, -49, -66, 19
-67255, 34800, 615, -44, -65, 17
-68055, 34800, 615, -40, -63, 16
-68855, 34800, 615, -36, -61, 14
-69655, 34800, 615, -32, -59, 12
-70455, 34800, 615, -30, -57, 11
-71255, 34800, 615, -25, -54, 10
-72000, 34745, 615, -24, -53, 8
-72000, 33945, 615, -24, -54, 6
-71545, 33600, 615, -26, -56, 5
-70745, 33600, 615, -30, -59, 6
-69945, 33600, 615, -33, -61, 7
-69145, 33600, 615, -36, -63, 8
-68345, 33600, 615, -40, -66, 9
-67545, 33600, 615, -46, -68, 10
-66745, 33600, 615, -50, -69, 12
-65945, 33600, 615, -55, -71, 14
-65145, 33600, 615, -61, -70, 16
-64345, 33600, 615, -68, -71, 17
-63545, 33600, 615, -75, -71, 19
-62745, 33600, 615, -83, -69, 21
-61945, 33600, 615, -90, -67, 23
-61145, 33600, 615, -99, -65, 24
-60345, 33600, 615, -107, -63, 26
-59545, 33600, 615, -113, -58, 28
-58745, 33600, 615, -118, -54, 28
-57945, 33600, 615, -124, -51, 29
-57145, 33600, 615, -127, -47, 30
-56345, 33600, 615, -129, -44, 32
-55545, 33600, 615, -129, -41, 32
-54745, 33600, 615, -130, -38, 32
-53945, 33600, 615, -130, -36, 32
-53145, 33600, 615, -129, -33, 32
-52345, 33600, 615, -129, -31, 32
-51545, 33600, 615, -128, -29, 32
-50745, 33600, 615, -128, -27, 31
-49945, 33600, 615, -127, -26, 31
-49145, 33600, 615, -126, -24, 31
-48345, 33600, 615, -125, -22, 30
-47545, 33600, 615, -125, -21, 30
-46745, 33600, 615, -124, -20, 29
-45945, 33600, 615, -123, -19, 29
-45145, 33600, 615, -123, -18, 28
-44345, 33600, 615, -122, -17, 28
-43545, 33600, 615, -121, -17, 27
-42745, 33600, 615, -121, -16, 26
-41945, 33600, 615, -120, -15, 26
-41145, 33600, 615, -120, -15, 25
-40345, 33600, 615, -119, -15, 25
-39545, 33600, 615, -119, -15, 24
-38745, 33600, 615, -119, -15, 24
-37945, 33600, 615, -119, -14, 23
-37145, 33600, 615, -118, -14, 23
-36345, 33600, 615, -117, -14, 23
-35545, 33600, 615, -118, -14, 22
-34745, 33600, 615, -117, -14, 22
-33945, 33600, 615, -118, -14, 22
-33145, 33600, 615, -118, -13, 21
-32345, 33600, 615, -118, -13, 21
-31545, 33600, 615, -117, -14, 21
-30745, 33600, 615, -118, -13, 21
-29945, 33600, 615, -118, -13, 20
-29145, 33600, 615, -118, -12, 20
-28345, 33600, 615, -118, -13, 21
-27545, 33600, 615, -119, -12, 21
-26745, 33600, 615, -118, -12, 21
-25945, 33600, 615, -119, -11, 20
-25145, 33600, 615, -119, -11, 21
-24345, 33600, 615, -120, -10, 21
-23545, 33600, 615, -120, -10, 20
-22745, 33600, 615, -121, -9, 21
-21945, 33600, 615, -121, -8, 21
-21145, 33600, 615, -122, -7, 21
-20345, 33600, 615, -122, -6, 21
-19545, 33600, 615, -123, -5, 20
-18745, 33600, 615, -123, -3, 21
-17945, 33600, 615, -124, -2, 21
-17145, 33600, 615, -124, 0, 21
-16345, 33600, 615, -125, 2, 21
-15545, 33600, 615, -126, 4, 21
-14745, 33600, 615, -125, 7, 21
-13945, 33600, 615, -127, 10, 22
-13145, 33600, 615, -126, 13, 22
-12345, 33600, 615, -127, 16, 21
-11545, 33600, 615, -127, 22, 21
-10745, 33600, 615, -126, 25, 20
-9945, 33600, 615, -124, 29, 20
-9145, 33600, 615, -120, 33, 19
-8345, 33600, 615, -118, 36, 18
-7545, 33600, 615, -113, 39, 17
-6745, 33600, 615, -107, 41, 15
-5945, 33600, 615, -100, 43, 14
-5145, 33600, 615, -91, 44, 13
-4345, 33600, 615, -84, 44, 11
-3545, 33600, 615, -76, 44, 10
-2745, 33600, 615, -69, 44, 8
-1945, 33600, 615, -61, 43, 7
-1145, 33600, 615, -55, 42, 7
-345, 33600, 615, -49, 41, 5
0, 33145, 615, -47, 41, 1
-55, 32400, 615, -47, 40, -3
-855, 32400, 615, -52, 41, -3
-1655, 32400, 615, -58, 42, -1
-2455, 32400, 615, -63, 43, -2
-3255, 32400, 615, -72, 44, -1
-4055, 32400, 615, -81, 44, 0
-4855, 32400, 615, -89, 44, 1
-5655, 32400, 615, -97, 43, 2
-6455, 32400, 615, -104, 43, 3
-7255, 32400, 615, -112, 40, 3
-8055, 32400, 615, -118, 38, 4
-8855, 32400, 615, -122, 34, 4
-9655, 32400, 615, -126, 31, 5
-10455, 32400, 615, -129, 27, 6
-11255, 32400, 615, -130, 23, 6
-12055, 32400, 615, -131, 19, 6
-12855, 32400, 615, -132, 15, 6
-13655, 32400, 615, -131, 12, 6
-14455, 32400, 615, -130, 10, 7
-15255, 32400, 615, -130, 5, 6
-16055, 32400, 615, -129, 3, 6
-16855, 32400, 615, -129, 1, 7
-17655, 32400, 615, -128, -1, 6
-18455, 32400, 615, -127, -2, 6
-19255, 32400, 615, -127, -4, 6
-20055, 32400, 615, -126, -6, 6
-20855, 32400, 615, -126, -7, 5
-21655, 32400, 615, -125, -8, 6
-22455, 32400, 615, -125, -9, 6
-23255, 32400, 615, -123, -10, 6
-24055, 32400, 615, -123, -9, 5
-24855, 32400, 615, -123, -11, 6
-25655, 32400, 615, -123, -11, 5
-26455, 32400, 615, -122, -12, 5
-27255, 32400, 615, -122, -11, 6
-28055, 32400, 615, -122, -12, 6
-28855, 32400, 615, -121, -12, 6
-29655, 32400, 615, -121, -13, 5
-30455, 32400, 615, -121, -13, 5
-31255, 32400, 615, -121, -13, 6
-32055, 32400, 615, -121, -13, 6
-32855, 32400, 615, -120, -13, 6
-33655, 32400, 615, -121, -13, 6
-34455, 32400, 615, -121, -13, 7
-35255, 32400, 615, -121, -13, 7
-36055, 32400, 615, -121, -13, 7
-36855, 32400, 615, -121, -13, 9
-37655, 32400, 615, -122, -13, 8
-38455, 32400, 615, -122, -13, 9
-39255, 32400, 615, -123, -13, 9
-40055, 32400, 615, -124, -13, 10
-40855, 32400, 615, -123, -13, 11
-41655, 32400, 615, -124, -14, 11
-42455, 32400, 615, -125, -14, 12
-43255, 32400, 615, -126, -15, 13
-44055, 32400, 615, -127, -15, 13
-44855, 32400, 615, -127, -16, 14
-45655, 32400, 615, -128, -17, 15
-46455, 32400, 615, -129, -18, 16
-47255, 32400, 615, -130, -19, 16
-48055, 32400, 615, -131, -20, 17
-48855, 32400, 615, -132, -22, 17
-49655, 32400, 615, -132, -23, 18
-50455, 32400, 615, -133, -26, 18
-51255, 32400, 615, -134, -27, 18
-52055, 32400, 615, -135, -29, 19
-52855, 32400, 615, -135, -31, 19
-53655, 32400, 615, -136, -34, 20
-54455, 32400, 615, -136, -36, 19
-55255, 32400, 615, -136, -39, 19
-56055, 32400, 615, -136, -42, 19
-56855, 32400, 615, -134, -44, 19
-57655, 32400, 615, -132, -50, 18
-58455, 32400, 615, -129, -53, 18
-59255, 32400, 615, -123, -57, 17
-60055, 32400, 615, -116, -60, 16
-60855, 32400, 615, -110, -64, 16
-61655, 32400, 615, -101, -67, 14
-62455, 32400, 615, -93, -70, 13
-63255, 32400, 615, -85, -72, 12
-64055, 32400, 615, -77, -73, 10
-64855, 32400, 615, -69, -74, 10
-65655, 32400, 615, -62, -73, 8
-66455, 32400, 615, -56, -72, 7
-67255, 32400, 615, -51, -71, 6
-68055, 32400, 615, -45, -69, 5
-68855, 32400, 615, -40, -66, 3
-69655, 32400, 615, -36, -64, 2
-70455, 32400, 615, -33, -61, 2
-71255, 32400, 615, -30, -59, 1
-72000, 32345, 615, -27, -56, 1
-72000, 31545, 615, -27, -56, -2
-71545, 31200, 615, -28, -57, -5
-70745, 31200, 615, -32, -60, -4
-69945, 31200, 615, -35, -63, -4
-69145, 31200, 615, -38, -64, -4
-68345, 31200, 615, -43, -68, -4
-67545, 31200, 615, -48, -70, -3
-66745, 31200, 615, -54, -72, -2
-65945, 31200, 615, -59, -73, -1
-65145, 31200, 615, -66, -74, 0
-64345, 31200, 615, -73, -75, 1
-63545, 31200, 615, -82, -74, 0
-62745, 31200, 615, -90, -72, 2
-61945, 31200, 615, -98, -70, 3
-61145, 31200, 615, -107, -67, 3
-60345, 31200, 615, -115, -64, 4
-59545, 31200, 615, -122, -60, 4
-58745, 31200, 615, -128, -57, 5
-57945, 31200, 615, -133, -52, 5
-57145, 31200, 615, -137, -49, 6
-56345, 31200, 615, -139, -45, 5
-55545, 31200, 615, -140, -42, 6
-54745, 31200, 615, -141, -38, 6
-53945, 31200, 615, -140, -36, 5
-53145, 31200, 615, -140, -33, 5
-52345, 31200, 615, -140, -30, 5
-51545, 31200, 615, -139, -28, 4
-50745, 31200, 615, -138, -25, 4
-49945, 31200, 615, -137, -23, 4
-49145, 31200, 615, -136, -21, 4
-48345, 31200, 615, -135, -20, 2
-47545, 31200, 615, -134, -18, 2
-46745, 31200, 615, -133, -16, 1
-45945, 31200, 615, -132, -15, 0
-45145, 31200, 615, -131, -14, 0
-44345, 31200, 615, -130, -13, -1
-43545, 31200, 615, -128, -12, -2
-42745, 31200, 615, -127, -12, -3
-41945, 31200, 615, -125, -12, -3
-41145, 31200, 615, -124, -11, -5
-40345, 31200, 615, -122, -11, -6
-39545, 31200, 615, -120, -11, -7
-38745, 31200, 615, -120, -11, -7
-37945, 31200, 615, -119, -11, -8
-37145, 31200, 615, -120, -11, -9
-36345, 31200, 615, -119, -11, -8
-35545, 31200, 615, -118, -12, -10
-34745, 31200, 615, -118, -12, -11
-33945, 31200, 615, -118, -12, -11
-33145, 31200, 615, -118, -12, -11
-32345, 31200, 615, -118, -12, -12
-31545, 31200, 615, -118, -13, -12
-30745, 31200, 615, -118, -12, -12
-29945, 31200, 615, -118, -12, -12
-29145, 31200, 615, -118, -12, -12
-28345, 31200, 615, -118, -12, -12
-27545, 31200, 615, -119, -12, -13
-26745, 31200, 615, -119, -11, -12
-25945, 31200, 615, -119, -11, -13
-25145, 31200, 615, -119, -10, -13
-24345, 31200, 615, -120, -11, -12
-23545, 31200, 615, -120, -9, -13
-22745, 31200, 615, -121, -9, -12
-21945, 31200, 615, -121, -8, -13
-21145, 31200, 615, -122, -7, -12
-20345, 31200, 615, -122, -6, -12
-19545, 31200, 615, -123, -5, -12
-18745, 31200, 615, -123, -4, -12
-17945, 31200, 615, -124, -2, -12
-17145, 31200, 615, -125, -1, -12
-16345, 31200, 615, -125, 2, -12
-15545, 31200, 615, -126, 3, -12
-14745, 31200, 615, -125, 7, -12
-13945, 31200, 615, -125, 9, -12
-13145, 31200, 615, -127, 12, -12
-12345, 31200, 615, -127, 15, -12
-11545, 31200, 615, -126, 20, -12
-10745, 31200, 615, -125, 23, -12
-9945, 31200, 615, -123, 27, -12
-9145, 31200, 615, -121, 31, -11
-8345, 31200, 615, -117, 34, -11
-7545, 31200, 615, -113, 37, -12
-6745, 31200, 615, -106, 39, -11
-5945, 31200, 615, -99, 41, -12
-5145, 31200, 615, -91, 42, -12
-4345, 31200, 615, -83, 42, -12
-3545, 31200, 615, -75, 42, -12
-2745, 31200, 615, -68, 42, -12
-1945, 31200, 615, -61, 41, -12
-1145, 31200, 615, -55, 40, -12
-345, 31200, 615, -49, 39, -12
0, 30745, 615, -45, 38, -13
-55, 30000, 615, -43, 36, -19
-855, 30000, 615, -46, 37, -20
-1655, 30000, 615, -51, 37, -21
-2455, 30000, 615, -57, 38, -21
-3255, 30000, 615, -63, 39, -23
-4055, 30000, 615, -70, 39, -23
-4855, 30000, 615, -77, 39, -24
-5655, 30000, 615, -84, 38, -24
-6455, 30000, 615, -90, 37, -25
-7255, 30000, 615, -96, 36, -26
-8055, 30000, 615, -101, 33, -26
-8855, 30000, 615, -105, 31, -27
-9655, 30000, 615, -109, 28, -28
-10455, 30000, 615, -111, 25, -28
-11255, 30000, 615, -113, 21, -28
-12055, 30000, 615, -114, 18, -29
-12855, 30000, 615, -114, 15, -29
-13655, 30000, 615, -114, 12, -29
-14455, 30000, 615, -114, 9, -29
-15255, 30000, 615, -114, 6, -28
-16055, 30000, 615, -113, 4, -30
-16855, 30000, 615, -114, 2, -29
-17655, 30000, 615, -112, 0, -30
-18455, 30000, 615, -112, -1, -30
-19255, 30000, 615, -112, -3, -30
-20055, 30000, 615, -111, -4, -30
-20855, 30000, 615, -111, -5, -30
-21655, 30000, 615, -111, -6, -30
-22455, 30000, 615, -110, -7, -30
-23255, 30000, 615, -110, -8, -29
-24055, 30000, 615, -109, -8, -30
-24855, 30000, 615, -109, -8, -30
-25655, 30000, 615, -109, -9, -30
-26455, 30000, 615, -108, -10, -30
-27255, 30000, 615, -108, -9, -30
-28055, 30000, 615, -108, -10, -30
-28855, 30000, 615, -108, -10, -30
-29655, 30000, 615, -108, -10, -29
-30455, 30000, 615, -107, -10, -29
-31255, 30000, 615, -107, -10, -29
-32055, 30000, 615, -107, -10, -28
-32855, 30000, 615, -107, -10, -28
-33655, 30000, 615, -108, -10, -28
-34455, 30000, 615, -109, -10, -28
-35255, 30000, 615, -107, -9, -27
-36055, 30000, 615, -109, -9, -26
-36855, 30000, 615, -109, -9, -26
-37655, 30000, 615, -110, -9, -25
-38455, 30000, 615, -111, -8, -25
-39255, 30000, 615, -113, -8, -22
-40055, 30000, 615, -115, -8, -22
-40855, 30000, 615, -117, -7, -22
-41655, 30000, 615, -119, -7, -21
-42455, 30000, 615, -122, -8, -19
-43255, 30000, 615, -124, -8, -18
-44055, 30000, 615, -127, -8, -16
-44855, 30000, 615, -129, -9, -16
-45655, 30000, 615, -131, -10, -16
-46455, 30000, 615, -133, -12, -14
-47255, 30000, 615, -135, -14, -13
-48055, 30000, 615, -136, -15, -12
-48855, 30000, 615, -137, -16, -12
-49655, 30000, 615, -138, -20, -11
-50455, 30000, 615, -140, -22, -10
-51255, 30000, 615, -140, -25, -9
-52055, 30000, 615, -141, -27, -9
-52855, 30000, 615, -142, -29, -9
-53655, 30000, 615, -142, -32, -8
-54455, 30000, 615, -142, -35, -8
-55255, 30000, 615, -142, -38, -8
-56055, 30000, 615, -141, -41, -8
-56855, 30000, 615, -139, -45, -8
-57655, 30000, 615, -137, -49, -8
-58455, 30000, 615, -132, -52, -8
-59255, 30000, 615, -127, -57, -8
-60055, 30000, 615, -120, -61, -8
-60855, 30000, 615, -112, -64, -8
-61655, 30000, 615, -103, -67, -8
-62455, 30000, 615, -95, -70, -9
-63255, 30000, 615, -85, -72, -8
-64055, 30000, 615, -78, -73, -9
-64855, 30000, 615, -70, -72, -8
-65655, 30000, 615, -63, -72, -9
-66455, 30000, 615, -56, -71, -9
-67255, 30000, 615, -50, -70, -9
-68055, 30000, 615, -46, -68, -9
-68855, 30000, 615, -40, -65, -10
-69655, 30000, 615, -37, -63, -9
-70455, 30000, 615, -33, -60, -10
-71255, 30000, 615, -30, -57, -10
-72000, 29945, 615, -27, -55, -10
-72000, 29145, 615, -25, -54, -13
-71545, 28800, 615, -27, -54, -16
-70745, 28800, 615, -30, -56, -15
-69945, 28800, 615, -33, -59, -16
-69145, 28800, 615, -37, -61, -16
-68345, 28800, 615, -41, -63, -17
-67545, 28800, 615, -46, -65, -17
-66745, 28800, 615, -51, -68, -17
-65945, 28800, 615, -57, -68, -18
-65145, 28800, 615, -63, -70, -18
-64345, 28800, 615, -70, -70, -18
-63545, 28800, 615, -78, -70, -18
-62745, 28800, 615, -86, -68, -19
-61945, 28800, 615, -94, -67, -19
-61145, 28800, 615, -104, -65, -20
-60345, 28800, 615, -112, -61, -20
-59545, 28800, 615, -120, -57, -20
-58745, 28800, 615, -126, -54, -20
-57945, 28800, 615, -131, -49, -21
-57145, 28800, 615, -135, -46, -21
-56345, 28800, 615, -137, -43, -21
-55545, 28800, 615, -139, -39, -22
-54745, 28800, 615, -140, -36, -22
-53945, 28800, 615, -140, -33, -23
-53145, 28800, 615, -140, -30, -23
-52345, 28800, 615, -140, -27, -24
-51545, 28800, 615, -139, -24, -24
-50745, 28800, 615, -139, -22, -25
-49945, 28800, 615, -138, -19, -25
-49145, 28800, 615, -137, -17, -26
-48345, 28800, 615, -136, -14, -27
-47545, 28800, 615, -134, -12, -28
-46745, 28800, 615, -132, -10, -28
-45945, 28800, 615, -130, -8, -29
-45145, 28800, 615, -127, -6, -30
-44345, 28800, 615, -124, -6, -31
-43545, 28800, 615, -120, -5, -33
-42745, 28800, 615, -116, -4, -34
-41945, 28800, 615, -113, -4, -35
-41145, 28800, 615, -110, -4, -37
-40345, 28800, 615, -106, -4, -38
-39545, 28800, 615, -104, -5, -39
-38745, 28800, 615, -102, -5, -40
-37945, 28800, 615, -99, -5, -41
-37145, 28800, 615, -98, -6, -42
-36345, 28800, 615, -97, -7, -42
-35545, 28800, 615, -96, -7, -42
-34745, 28800, 615, -95, -7, -43
-33945, 28800, 615, -94, -7, -43
-33145, 28800, 615, -94, -7, -44
-32345, 28800, 615, -94, -8, -44
-31545, 28800, 615, -94, -8, -45
-30745, 28800, 615, -94, -8, -45
-29945, 28800, 615, -93, -8, -44
-29145, 28800, 615, -94, -8, -46
-28345, 28800, 615, -93, -7, -46
-27545, 28800, 615, -94, -8, -46
-26745, 28800, 615, -94, -7, -46
-25945, 28800, 615, -94, -7, -46
-25145, 28800, 615, -94, -7, -46
-24345, 28800, 615, -95, -7, -46
-23545, 28800, 615, -95, -6, -46
-22745, 28800, 615, -95, -5, -46
-21945, 28800, 615, -95, -5, -46
-21145, 28800, 615, -96, -4, -47
-20345, 28800, 615, -95, -3, -46
-19545, 28800, 615, -95, -2, -46
-18745, 28800, 615, -96, -1, -46
-17945, 28800, 615, -97, 2, -46
-17145, 28800, 615, -97, 2, -46
-16345, 28800, 615, -97, 4, -46
-15545, 28800, 615, -97, 6, -46
-14745, 28800, 615, -98, 8, -46
-13945, 28800, 615, -97, 10, -45
-13145, 28800, 615, -97, 13, -45
-12345, 28800, 615, -97, 15, -45
-11545, 28800, 615, -96, 18, -44
-10745, 28800, 615, -95, 21, -43
-9945, 28800, 615, -94, 24, -43
-9145, 28800, 615, -91, 26, -42
-8345, 28800, 615, -87, 29, -41
-7545, 28800, 615, -84, 31, -40
-6745, 28800, 615, -80, 32, -39
-5945, 28800, 615, -75, 33, -38
-5145, 28800, 615, -70, 34, -36
-4345, 28800, 615, -65, 35, -35
-3545, 28800, 615, -59, 35, -33
-2745, 28800, 615, -54, 36, -32
-1945, 28800, 615, -48, 34, -30
-1145, 28800, 615, -45, 34, -29
-345, 28800, 615, -40, 33, -28
0, 28345, 615, -36, 32, -30
-55, 27600, 615, -33, 30, -33
-855, 27600, 615, -35, 30, -34
-1655, 27600, 615, -38, 30, -36
-2455, 27600, 615, -42, 31, -38
-3255, 27600, 615, -46, 30, -40
-4055, 27600, 615, -50, 31, -42
-4855, 27600, 615, -53, 31, -44
-5655, 27600, 615, -57, 30, -46
-6455, 27600, 615, -61, 29, -48
-7255, 27600, 615, -65, 28, -50
-8055, 27600, 615, -67, 26, -51
-8855, 27600, 615, -70, 25, -53
-9655, 27600, 615, -72, 23, -54
-10455, 27600, 615, -75, 21, -56
-11255, 27600, 615, -75, 19, -56
-12055, 27600, 615, -77, 16, -57
-12855, 27600, 615, -78, 14, -57
-13655, 27600, 615, -79, 12, -58
-14455, 27600, 615, -79, 10, -58
-15255, 27600, 615, -79, 8, -59
-16055, 27600, 615, -79, 6, -59
-16855, 27600, 615, -79, 4, -59
-17655, 27600, 615, -79, 3, -59
-18455, 27600, 615, -79, 2, -59
-19255, 27600, 615, -79, 1, -60
-20055, 27600, 615, -80, 0, -60
-20855, 27600, 615, -79, -1, -60
-21655, 27600, 615, -79, -2, -60
-22455, 27600, 615, -79, -2, -58
-23255, 27600, 615, -78, -3, -60
-24055, 27600, 615, -77, -4, -59
-24855, 27600, 615, -78, -4, -60
-25655, 27600, 615, -78, -4, -60
-26455, 27600, 615, -78, -3, -60
-27255, 27600, 615, -77, -4, -59
-28055, 27600, 615, -78, -5, -59
-28855, 27600, 615, -77, -5, -59
-29655, 27600, 615, -77, -5, -59
-30455, 27600, 615, -78, -5, -59
-31255, 27600, 615, -78, -5, -58
-32055, 27600, 615, -78, -5, -59
-32855, 27600, 615, -78, -5, -58
-33655, 27600, 615, -79, -5, -58
-34455, 27600, 615, -80, -4, -57
-35255, 27600, 615, -81, -4, -57
-36055, 27600, 615, -82, -2, -56
-36855, 27600, 615, -83, -3, -56
-37655, 27600, 615, -85, -2, -55
-38455, 27600, 615, -87, -2, -54
-39255, 27600, 615, -90, -1, -53
-40055, 27600, 615, -92, -1, -52
-40855, 27600, 615, -96, 0, -51
-41655, 27600, 615, -99, 0, -50
-42455, 27600, 615, -103, 0, -49
-43255, 27600, 615, -108, -1, -49
-44055, 27600, 615, -112, -1, -47
-44855, 27600, 615, -116, -2, -47
-45655, 27600, 615, -120, -3, -45
-46455, 27600, 615, -122, -5, -44
-47255, 27600, 615, -125, -8, -43
-48055, 27600, 615, -127, -10, -42
-48855, 27600, 615, -128, -12, -42
-49655, 27600, 615, -129, -14, -41
-50455, 27600, 615, -130, -17, -40
-51255, 27600, 615, -131, -19, -40
-52055, 27600, 615, -131, -22, -39
-52855, 27600, 615, -131, -25, -39
-53655, 27600, 615, -132, -28, -38
-54455, 27600, 615, -131, -31, -37
-55255, 27600, 615, -130, -33, -37
-56055, 27600, 615, -130, -37, -36
-56855, 27600, 615, -128, -40, -36
-57655, 27600, 615, -125, -43, -35
-58455, 27600, 615, -121, -47, -35
-59255, 27600, 615, -116, -50, -34
-60055, 27600, 615, -109, -54, -33
-60855, 27600, 615, -102, -57, -32
-61655, 27600, 615, -94, -60, -31
-62455, 27600, 615, -86, -62, -30
-63255, 27600, 615, -78, -64, -29
-64055, 27600, 615, -70, -64, -28
-64855, 27600, 615, -63, -65, -28
-65655, 27600, 615, -56, -64, -27
-66455, 27600, 615, -51, -63, -26
-67255, 27600, 615, -46, -62, -25
-68055, 27600, 615, -41, -60, -24
-68855, 27600, 615, -37, -57, -23
-69655, 27600, 615, -33, -56, -22
-70455, 27600, 615, -30, -54, -21
-71255, 27600, 615, -27, -50, -21
-72000, 27545, 615, -25, -49, -20
-72000, 26745, 615, -23, -46, -24
-71545, 26400, 615, -23, -45, -26
-70745, 26400, 615, -26, -47, -27
-69945, 26400, 615, -28, -49, -28
-69145, 26400, 615, -32, -51, -30
-68345, 26400, 615, -35, -53, -31
-67545, 26400, 615, -38, -54, -32
-66745, 26400, 615, -43, -55, -34
-65945, 26400, 615, -47, -57, -35
-65145, 26400, 615, -53, -58, -37
-64345, 26400, 615, -58, -58, -38
-63545, 26400, 615, -64, -57, -40
-62745, 26400, 615, -71, -56, -41
-61945, 26400, 615, -78, -55, -43
-61145, 26400, 615, -85, -52, -45
-60345, 26400, 615, -91, -49, -46
-59545, 26400, 615, -99, -47, -48
-58745, 26400, 615, -104, -43, -49
-57945, 26400, 615, -106, -40, -50
-57145, 26400, 615, -111, -37, -51
-56345, 26400, 615, -113, -34, -52
-55545, 26400, 615, -114, -31, -54
-54745, 26400, 615, -115, -28, -55
-53945, 26400, 615, -115, -26, -55
-53145, 26400, 615, -116, -23, -56
-52345, 26400, 615, -115, -21, -55
-51545, 26400, 615, -115, -18, -57
-50745, 26400, 615, -114, -16, -58
-49945, 26400, 615, -113, -14, -59
-49145, 26400, 615, -113, -11, -59
-48345, 26400, 615, -112, -9, -60
-47545, 26400, 615, -110, -7, -60
-46745, 26400, 615, -108, -4, -60
-45945, 26400, 615, -106, -2, -62
-45145, 26400, 615, -103, -1, -62
-44345, 26400, 615, -100, 0, -63
-43545, 26400, 615, -96, 1, -63
-42745, 26400, 615, -92, 2, -64
-41945, 26400, 615, -88, 2, -65
-41145, 26400, 615, -84, 2, -65
-40345, 26400, 615, -80, 2, -66
-39545, 26400, 615, -77, 1, -67
-38745, 26400, 615, -74, 1, -67
-37945, 26400, 615, -72, 0, -68
-37145, 26400, 615, -69, 0, -68
-36345, 26400, 615, -68, -1, -68
-35545, 26400, 615, -66, -1, -69
-34745, 26400, 615, -65, -2, -69
-33945, 26400, 615, -64, -2, -70
-33145, 26400, 615, -64, -2, -69
-32345, 26400, 615, -63, -3, -70
-31545, 26400, 615, -63, -3, -71
-30745, 26400, 615, -62, -3, -70
-29945, 26400, 615, -62, -3, -70
-29145, 26400, 615, -62, -3, -70
-28345, 26400, 615, -62, -3, -71
-27545, 26400, 615, -61, -3, -71
-26745, 26400, 615, -62, -3, -70
-25945, 26400, 615, -61, -3, -71
-25145, 26400, 615, -62, -2, -71
-24345, 26400, 615, -62, -2, -71
-23545, 26400, 615, -62, -2, -71
-22745, 26400, 615, -61, -1, -71
-21945, 26400, 615, -62, -1, -71
-21145, 26400, 615, -60, 0, -71
-20345, 26400, 615, -62, 1, -70
-19545, 26400, 615, -61, 2, -70
-18745, 26400, 615, -61, 2, -71
-17945, 26400, 615, -62, 4, -70
-17145, 26400, 615, -61, 5, -70
-16345, 26400, 615, -61, 6, -70
-15545, 26400, 615, -61, 7, -69
-14745, 26400, 615, -59, 9, -68
-13945, 26400, 615, -61, 11, -69
-13145, 26400, 615, -60, 12, -67
-12345, 26400, 615, -60, 13, -67
-11545, 26400, 615, -59, 15, -66
-10745, 26400, 615, -55, 16, -65
-9945, 26400, 615, -56, 18, -64
-9145, 26400, 615, -55, 20, -63
-8345, 26400, 615, -53, 21, -61
-7545, 26400, 615, -51, 23, -59
-6745, 26400, 615, -48, 24, -57
-5945, 26400, 615, -47, 24, -56
-5145, 26400, 615, -44, 25, -53
-4345, 26400, 615, -41, 25, -51
-3545, 26400, 615, -38, 26, -49
-2745, 26400, 615, -36, 26, -45
-1945, 26400, 615, -33, 25, -44
-1145, 26400, 615, -31, 25, -42
-345, 26400, 615, -28, 25, -40
0, 25945, 615, -24, 23, -41
-55, 25200, 615, -20, 20, -44
-855, 25200, 615, -21, 20, -45
-1655, 25200, 615, -23, 21, -47
-2455, 25200, 615, -25, 20, -49
-3255, 25200, 615, -26, 20, -51
-4055, 25200, 615, -29, 20, -53
-4855, 25200, 615, -30, 20, -56
-5655, 25200, 615, -32, 20, -58
-6455, 25200, 615, -34, 19, -60
-7255, 25200, 615, -36, 18, -62
-8055, 25200, 615, -37, 18, -64
-8855, 25200, 615, -38, 17, -66
-9655, 25200, 615, -39, 16, -67
-10455, 25200, 615, -40, 15, -69
-11255, 25200, 615, -42, 14, -70
-12055, 25200, 615, -41, 13, -71
-12855, 25200, 615, -43, 11, -72
-13655, 25200, 615, -43, 10, -73
-14455, 25200, 615, -44, 9, -74
-15255, 25200, 615, -44, 8, -75
-16055, 25200, 615, -45, 7, -75
-16855, 25200, 615, -45, 6, -75
-17655, 25200, 615, -46, 5, -76
-18455, 25200, 615, -45, 4, -76
-19255, 25200, 615, -46, 3, -77
-20055, 25200, 615, -46, 3, -77
-20855, 25200, 615, -45, 2, -77
-21655, 25200, 615, -46, 2, -77
-22455, 25200, 615, -46, 1, -78
-23255, 25200, 615, -46, 1, -77
-24055, 25200, 615, -45, 0, -78
-24855, 25200, 615, -46, 0, -78
-25655, 25200, 615, -47, 0, -78
-26455, 25200, 615, -47, 0, -78
-27255, 25200, 615, -47, -1, -78
-28055, 25200, 615, -47, -1, -78
-28855, 25200, 615, -47, 0, -78
-29655, 25200, 615, -47, -1, -78
-30455, 25200, 615, -48, 0, -78
-31255, 25200, 615, -47, 0, -78
-32055, 25200, 615, -48, 0, -78
-32855, 25200, 615, -48, 0, -78
-33655, 25200, 615, -49, 0, -78
-34455, 25200, 615, -50, 1, -78
-35255, 25200, 615, -50, 1, -77
-36055, 25200, 615, -52, 2, -77
-36855, 25200, 615, -53, 2, -77
-37655, 25200, 615, -55, 2, -77
-38455, 25200, 615, -57, 3, -77
-39255, 25200, 615, -59, 3, -78
-40055, 25200, 615, -61, 3, -77
-40855, 25200, 615, -64, 3, -77
-41655, 25200, 615, -68, 4, -77
-42455, 25200, 615, -72, 3, -77
-43255, 25200, 615, -74, 3, -77
-44055, 25200, 615, -77, 2, -77
-44855, 25200, 615, -80, 2, -77
-45655, 25200, 615, -83, 1, -76
-46455, 25200, 615, -85, -1, -77
-47255, 25200, 615, -86, -3, -76
-48055, 25200, 615, -88, -4, -76
-48855, 25200, 615, -88, -6, -76
-49655, 25200, 615, -89, -8, -75
-50455, 25200, 615, -90, -10, -75
-51255, 25200, 615, -91, -12, -74
-52055, 25200, 615, -90, -14, -74
-52855, 25200, 615, -91, -16, -73
-53655, 25200, 615, -92, -18, -71
-54455, 25200, 615, -92, -20, -71
-55255, 25200, 615, -92, -23, -70
-56055, 25200, 615, -91, -25, -69
-56855, 25200, 615, -90, -27, -67
-57655, 25200, 615, -88, -30, -66
-58455, 25200, 615, -86, -33, -64
-59255, 25200, 615, -82, -36, -62
-60055, 25200, 615, -78, -38, -60
-60855, 25200, 615, -73, -41, -58
-61655, 25200, 615, -68, -43, -56
-62455, 25200, 615, -62, -44, -54
-63255, 25200, 615, -57, -46, -51
-64055, 25200, 615, -52, -47, -50
-64855, 25200, 615, -47, -47, -47
-65655, 25200, 615, -43, -47, -45
-66455, 25200, 615, -39, -47, -43
-67255, 25200, 615, -36, -46, -41
-68055, 25200, 615, -32, -45, -39
-68855, 25200, 615, -29, -44, -37
-69655, 25200, 615, -26, -42, -36
-70455, 25200, 615, -23, -41, -34
-71255, 25200, 615, -21, -39, -33
-72000, 25145, 615, -19, -37, -31
-72000, 24345, 615, -17, -32, -35
-71545, 24000, 615, -17, -31, -36
-70745, 24000, 615, -19, -32, -38
-69945, 24000, 615, -20, -33, -40
-69145, 24000, 615, -23, -34, -42
-68345, 24000, 615, -25, -35, -44
-67545, 24000, 615, -26, -36, -46
-66745, 24000, 615, -29, -36, -48
-65945, 24000, 615, -32, -37, -50
-65145, 24000, 615, -36, -37, -53
-64345, 24000, 615, -39, -37, -56
-63545, 24000, 615, -42, -36, -59
-62745, 24000, 615, -46, -35, -61
-61945, 24000, 615, -50, -34, -63
-61145, 24000, 615, -53, -32, -66
-60345, 24000, 615, -57, -30, -69
-59545, 24000, 615, -59, -28, -72
-58745, 24000, 615, -63, -25, -74
-57945, 24000, 615, -64, -23, -76
-57145, 24000, 615, -65, -21, -78
-56345, 24000, 615, -66, -19, -80
-55545, 24000, 615, -66, -18, -81
-54745, 24000, 615, -66, -16, -83
-53945, 24000, 615, -66, -14, -84
-53145, 24000, 615, -65, -12, -85
-52345, 24000, 615, -65, -11, -86
-51545, 24000, 615, -65, -9, -87
-50745, 24000, 615, -65, -8, -88
-49945, 24000, 615, -64, -6, -87
-49145, 24000, 615, -64, -5, -88
-48345, 24000, 615, -63, -4, -88
-47545, 24000, 615, -62, -2, -89
-46745, 24000, 615, -61, 0, -89
-45945, 24000, 615, -60, 1, -88
-45145, 24000, 615, -59, 2, -88
-44345, 24000, 615, -58, 2, -88
-43545, 24000, 615, -56, 3, -88
-42745, 24000, 615, -54, 3, -87
-41945, 24000, 615, -51, 4, -87
-41145, 24000, 615, -50, 4, -86
-40345, 24000, 615, -47, 4, -85
-39545, 24000, 615, -45, 4, -85
-38745, 24000, 615, -44, 3, -85
-37945, 24000, 615, -41, 3, -85
-37145, 24000, 615, -41, 3, -84
-36345, 24000, 615, -39, 3, -84
-35545, 24000, 615, -39, 2, -84
-34745, 24000, 615, -38, 2, -84
-33945, 24000, 615, -37, 2, -83
-33145, 24000, 615, -37, 2, -84
-32345, 24000, 615, -36, 2, -83
-31545, 24000, 615, -35, 1, -83
-30745, 24000, 615, -35, 1, -83
-29945, 24000, 615, -35, 1, -83
-29145, 24000, 615, -34, 1, -83
-28345, 24000, 615, -34, 1, -83
-27545, 24000, 615, -34, 1, -82
-26745, 24000, 615, -34, 1, -83
-25945, 24000, 615, -34, 1, -82
-25145, 24000, 615, -34, 1, -82
-24345, 24000, 615, -33, 1, -82
-23545, 24000, 615, -34, 1, -82
-22745, 24000, 615, -33, 2, -81
-21945, 24000, 615, -33, 2, -80
-21145, 24000, 615, -33, 2, -81
-20345, 24000, 615, -32, 2, -80
-19545, 24000, 615, -33, 3, -79
-18745, 24000, 615, -32, 4, -80
-17945, 24000, 615, -33, 4, -79
-17145, 24000, 615, -32, 5, -79
-16345, 24000, 615, -32, 5, -79
-15545, 24000, 615, -32, 6, -78
-14745, 24000, 615, -31, 7, -77
-13945, 24000, 615, -31, 8, -76
-13145, 24000, 615, -31, 8, -75
-12345, 24000, 615, -30, 9, -73
-11545, 24000, 615, -30, 10, -73
-10745, 24000, 615, -29, 11, -72
-9945, 24000, 615, -28, 12, -70
-9145, 24000, 615, -27, 12, -69
-8345, 24000, 615, -27, 13, -67
-7545, 24000, 615, -26, 14, -66
-6745, 24000, 615, -24, 14, -63
-5945, 24000, 615, -24, 14, -61
-5145, 24000, 615, -22, 15, -60
-4345, 24000, 615, -21, 15, -58
-3545, 24000, 615, -20, 15, -56
-2745, 24000, 615, -19, 15, -53
-1945, 24000, 615, -18, 15, -52
-1145, 24000, 615, -16, 15, -49
-345, 24000, 615, -15, 15, -47
0, 23545, 615, -13, 14, -47
-55, 22800, 615, -9, 11, -48
-855, 22800, 615, -9, 11, -49
-1655, 22800, 615, -10, 11, -51
-2455, 22800, 615, -11, 11, -53
-3255, 22800, 615, -12, 11, -55
-4055, 22800, 615, -13, 10, -57
-4855, 22800, 615, -13, 10, -58
-5655, 22800, 615, -13, 10, -61
-6455, 22800, 615, -15, 10, -62
-7255, 22800, 615, -15, 10, -64
-8055, 22800, 615, -16, 9, -66
-8855, 22800, 615, -17, 9, -68
-9655, 22800, 615, -18, 9, -69
-10455, 22800, 615, -18, 8, -71
-11255, 22800, 615, -19, 8, -72
-12055, 22800, 615, -19, 7, -74
-12855, 22800, 615, -19, 7, -74
-13655, 22800, 615, -20, 6, -76
-14455, 22800, 615, -20, 6, -76
-15255, 22800, 615, -20, 5, -77
-16055, 22800, 615, -21, 5, -78
-16855, 22800, 615, -21, 4, -79
-17655, 22800, 615, -21, 4, -80
-18455, 22800, 615, -22, 4, -80
-19255, 22800, 615, -22, 3, -81
-20055, 22800, 615, -22, 3, -81
-20855, 22800, 615, -22, 2, -82
-21655, 22800, 615, -21, 2, -82
-22455, 22800, 615, -22, 2, -82
-23255, 22800, 615, -22, 2, -83
-24055, 22800, 615, -22, 2, -83
-24855, 22800, 615, -23, 2, -82
-25655, 22800, 615, -22, 2, -84
-26455, 22800, 615, -23, 2, -84
-27255, 22800, 615, -23, 2, -84
-28055, 22800, 615, -23, 2, -84
-28855, 22800, 615, -23, 3, -85
-29655, 22800, 615, -23, 1, -85
-30455, 22800, 615, -24, 2, -85
-31255, 22800, 615, -23, 2, -86
-32055, 22800, 615, -24, 2, -86
-32855, 22800, 615, -25, 2, -86
-33655, 22800, 615, -25, 3, -86
-34455, 22800, 615, -26, 3, -86
-35255, 22800, 615, -26, 4, -87
-36055, 22800, 615, -27, 4, -87
-36855, 22800, 615, -27, 4, -87
-37655, 22800, 615, -29, 4, -88
-38455, 22800, 615, -29, 4, -89
-39255, 22800, 615, -30, 4, -89
-40055, 22800, 615, -31, 4, -90
-40855, 22800, 615, -33, 5, -90
-41655, 22800, 615, -34, 4, -92
-42455, 22800, 615, -34, 4, -93
-43255, 22800, 615, -36, 4, -93
-44055, 22800, 615, -36, 3, -93
-44855, 22800, 615, -37, 3, -93
-45655, 22800, 615, -38, 2, -94
-46455, 22800, 615, -38, 2, -94
-47255, 22800, 615, -39, 1, -95
-48055, 22800, 615, -39, 0, -95
-48855, 22800, 615, -39, -1, -95
-49655, 22800, 615, -40, -3, -94
-50455, 22800, 615, -40, -3, -94
-51255, 22800, 615, -40, -4, -94
-52055, 22800, 615, -41, -5, -93
-52855, 22800, 615, -41, -6, -93
-53655, 22800, 615, -42, -7, -91
-54455, 22800, 615, -42, -8, -90
-55255, 22800, 615, -43, -9, -88
-56055, 22800, 615, -43, -11, -87
-56855, 22800, 615, -43, -12, -85
-57655, 22800, 615, -43, -14, -83
-58455, 22800, 615, -43, -15, -80
-59255, 22800, 615, -41, -17, -79
-60055, 22800, 615, -40, -19, -76
-60855, 22800, 615, -39, -20, -73
-61655, 22800, 615, -37, -21, -71
-62455, 22800, 615, -35, -23, -68
-63255, 22800, 615, -32, -24, -65
-64055, 22800, 615, -30, -25, -63
-64855, 22800, 615, -28, -26, -60
-65655, 22800, 615, -26, -27, -57
-66455, 22800, 615, -24, -26, -54
-67255, 22800, 615, -22, -26, -52
-68055, 22800, 615, -20, -26, -50
-68855, 22800, 615, -18, -26, -48
-69655, 22800, 615, -16, -26, -45
-70455, 22800, 615, -15, -24, -43
-71255, 22800, 615, -14, -23, -41
-72000, 22745, 615, -13, -23, -39
-72000, 21945, 615, -9, -18, -42
-71545, 21600, 615, -9, -16, -43
-70745, 21600, 615, -10, -17, -45
-69945, 21600, 615, -11, -17, -47
-69145, 21600, 615, -13, -18, -49
-68345, 21600, 615, -14, -18, -51
-67545, 21600, 615, -16, -18, -54
-66745, 21600, 615, -17, -18, -56
-65945, 21600, 615, -18, -18, -59
-65145, 21600, 615, -20, -17, -61
-64345, 21600, 615, -21, -17, -63
-63545, 21600, 615, -22, -16, -66
-62745, 21600, 615, -24, -16, -69
-61945, 21600, 615, -24, -14, -71
-61145, 21600, 615, -26, -13, -74
-60345, 21600, 615, -27, -11, -77
-59545, 21600, 615, -28, -10, -79
-58745, 21600, 615, -28, -9, -81
-57945, 21600, 615, -28, -8, -83
-57145, 21600, 615, -28, -7, -85
-56345, 21600, 615, -27, -5, -88
-55545, 21600, 615, -28, -5, -89
-54745, 21600, 615, -27, -3, -91
-53945, 21600, 615, -25, -3, -92
-53145, 21600, 615, -25, -2, -93
-52345, 21600, 615, -24, -1, -94
-51545, 21600, 615, -24, -1, -95
-50745, 21600, 615, -23, 0, -96
-49945, 21600, 615, -22, 0, -96
-49145, 21600, 615, -23, 0, -97
-48345, 21600, 615, -22, 1, -96
-47545, 21600, 615, -22, 2, -97
-46745, 21600, 615, -22, 2, -97
-45945, 21600, 615, -21, 3, -96
-45145, 21600, 615, -22, 3, -96
-44345, 21600, 615, -22, 4, -96
-43545, 21600, 615, -21, 4, -95
-42745, 21600, 615, -22, 4, -96
-41945, 21600, 615, -21, 5, -94
-41145, 21600, 615, -20, 5, -93
-40345, 21600, 615, -20, 4, -93
-39545, 21600, 615, -19, 5, -92
-38745, 21600, 615, -19, 5, -91
-37945, 21600, 615, -18, 4, -91
-37145, 21600, 615, -18, 4, -90
-36345, 21600, 615, -17, 4, -90
-35545, 21600, 615, -17, 3, -89
-34745, 21600, 615, -15, 4, -89
-33945, 21600, 615, -15, 4, -89
-33145, 21600, 615, -15, 3, -88
-32345, 21600, 615, -14, 3, -88
-31545, 21600, 615, -15, 3, -88
-30745, 21600, 615, -13, 2, -87
-29945, 21600, 615, -14, 2, -87
-29145, 21600, 615, -14, 2, -87
-28345, 21600, 615, -14, 2, -86
-27545, 21600, 615, -14, 2, -86
-26745, 21600, 615, -13, 2, -86
-25945, 21600, 615, -13, 2, -86
-25145, 21600, 615, -13, 2, -85
-24345, 21600, 615, -13, 2, -85
-23545, 21600, 615, -13, 2, -84
-22745, 21600, 615, -12, 2, -84
-21945, 21600, 615, -13, 2, -83
-21145, 21600, 615, -12, 2, -83
-20345, 21600, 615, -12, 2, -82
-19545, 21600, 615, -12, 2, -82
-18745, 21600, 615, -11, 2, -81
-17945, 21600, 615, -12, 3, -80
-17145, 21600, 615, -12, 3, -79
-16345, 21600, 615, -11, 3, -79
-15545, 21600, 615, -11, 3, -78
-14745, 21600, 615, -11, 3, -78
-13945, 21600, 615, -11, 3, -76
-13145, 21600, 615, -11, 4, -75
-12345, 21600, 615, -10, 4, -74
-11545, 21600, 615, -10, 5, -73
-10745, 21600, 615, -10, 4, -72
-9945, 21600, 615, -10, 5, -70
-9145, 21600, 615, -9, 5, -69
-8345, 21600, 615, -9, 5, -67
-7545, 21600, 615, -7, 5, -65
-6745, 21600, 615, -6, 5, -64
-5945, 21600, 615, -7, 5, -62
-5145, 21600, 615, -7, 5, -60
-4345, 21600, 615, -7, 7, -59
-3545, 21600, 615, -6, 6, -57
-2745, 21600, 615, -6, 6, -55
-1945, 21600, 615, -5, 6, -53
-1145, 21600, 615, -4, 6, -51
-345, 21600, 615, -5, 6, -50
0, 21145, 615, -2, 5, -49
-55, 20400, 615, 1, 2, -50
-855, 20400, 615, 1, 2, -50
-1655, 20400, 615, 1, 3, -52
-2455, 20400, 615, 0, 2, -54
-3255, 20400, 615, 0, 2, -56
-4055, 20400, 615, 0, 2, -57
-4855, 20400, 615, -1, 2, -59
-5655, 20400, 615, 0, 2, -61
-6455, 20400, 615, -1, 2, -62
-7255, 20400, 615, -1, 2, -64
-8055, 20400, 615, -2, 2, -66
-8855, 20400, 615, -2, 2, -67
-9655, 20400, 615, -1, 2, -69
-10455, 20400, 615, -1, 2, -70
-11255, 20400, 615, -2, 3, -71
-12055, 20400, 615, -2, 2, -73
-12855, 20400, 615, 0, 2, -74
-13655, 20400, 615, -2, 2, -75
-14455, 20400, 615, -2, 2, -76
-15255, 20400, 615, -1, 2, -77
-16055, 20400, 615, -2, 2, -78
-16855, 20400, 615, -2, 1, -79
-17655, 20400, 615, -2, 2, -80
-18455, 20400, 615, -3, 2, -80
-19255, 20400, 615, -3, 2, -81
-20055, 20400, 615, -3, 2, -82
-20855, 20400, 615, -3, 1, -83
-21655, 20400, 615, -3, 2, -83
-22455, 20400, 615, -3, 2, -84
-23255, 20400, 615, -3, 2, -84
-24055, 20400, 615, -3, 2, -84
-24855, 20400, 615, -3, 2, -86
-25655, 20400, 615, -4, 2, -86
-26455, 20400, 615, -3, 2, -86
-27255, 20400, 615, -3, 2, -86
-28055, 20400, 615, -4, 3, -86
-28855, 20400, 615, -4, 3, -87
-29655, 20400, 615, -4, 3, -87
-30455, 20400, 615, -5, 3, -88
-31255, 20400, 615, -5, 3, -88
-32055, 20400, 615, -5, 3, -89
-32855, 20400, 615, -5, 4, -89
-33655, 20400, 615, -6, 4, -89
-34455, 20400, 615, -6, 4, -90
-35255, 20400, 615, -6, 4, -90
-36055, 20400, 615, -7, 4, -91
-36855, 20400, 615, -7, 5, -91
-37655, 20400, 615, -7, 5, -92
-38455, 20400, 615, -8, 5, -92
-39255, 20400, 615, -9, 5, -93
-40055, 20400, 615, -9, 5, -93
-40855, 20400, 615, -10, 6, -94
-41655, 20400, 615, -10, 5, -94
-42455, 20400, 615, -11, 6, -94
-43255, 20400, 615, -11, 6, -95
-44055, 20400, 615, -11, 5, -95
-44855, 20400, 615, -12, 5, -95
-45655, 20400, 615, -12, 6, -95
-46455, 20400, 615, -12, 5, -96
-47255, 20400, 615, -12, 5, -95
-48055, 20400, 615, -12, 4, -95
-48855, 20400, 615, -13, 4, -94
-49655, 20400, 615, -12, 3, -95
-50455, 20400, 615, -14, 3, -94
-51255, 20400, 615, -14, 3, -93
-52055, 20400, 615, -15, 3, -92
-52855, 20400, 615, -15, 2, -92
-53655, 20400, 615, -16, 2, -90
-54455, 20400, 615, -17, 1, -89
-55255, 20400, 615, -18, 1, -88
-56055, 20400, 615, -18, 0, -87
-56855, 20400, 615, -20, 0, -85
-57655, 20400, 615, -20, -1, -83
-58455, 20400, 615, -20, -2, -81
-59255, 20400, 615, -20, -3, -80
-60055, 20400, 615, -20, -4, -77
-60855, 20400, 615, -19, -5, -75
-61655, 20400, 615, -18, -5, -73
-62455, 20400, 615, -18, -7, -71
-63255, 20400, 615, -16, -8, -68
-64055, 20400, 615, -15, -8, -66
-64855, 20400, 615, -14, -9, -64
-65655, 20400, 615, -13, -9, -61
-66455, 20400, 615, -11, -9, -59
-67255, 20400, 615, -11, -9, -57
-68055, 20400, 615, -9, -9, -54
-68855, 20400, 615, -9, -9, -52
-69655, 20400, 615, -7, -9, -51
-70455, 20400, 615, -7, -9, -48
-71255, 20400, 615, -6, -9, -45
-72000, 20345, 615, -5, -8, -45
-72000, 19545, 615, -3, -3, -45
-71545, 19200, 615, -2, -1, -47
-70745, 19200, 615, -2, -2, -49
-69945, 19200, 615, -3, -2, -51
-69145, 19200, 615, -4, -2, -53
-68345, 19200, 615, -4, -2, -55
-67545, 19200, 615, -5, -1, -57
-66745, 19200, 615, -6, -1, -59
-65945, 19200, 615, -7, -2, -61
-65145, 19200, 615, -8, -2, -64
-64345, 19200, 615, -9, -1, -66
-63545, 19200, 615, -10, -1, -68
-62745, 19200, 615, -10, 0, -70
-61945, 19200, 615, -12, 1, -73
-61145, 19200, 615, -14, 2, -74
-60345, 19200, 615, -14, 1, -77
-59545, 19200, 615, -15, 2, -79
-58745, 19200, 615, -16, 3, -80
-57945, 19200, 615, -16, 3, -82
-57145, 19200, 615, -15, 4, -84
-56345, 19200, 615, -14, 4, -85
-55545, 19200, 615, -14, 5, -86
-54745, 19200, 615, -13, 5, -87
-53945, 19200, 615, -12, 5, -89
-53145, 19200, 615, -12, 5, -89
-52345, 19200, 615, -11, 5, -91
-51545, 19200, 615, -11, 5, -92
-50745, 19200, 615, -10, 5, -93
-49945, 19200, 615, -9, 5, -93
-49145, 19200, 615, -9, 6, -93
-48345, 19200, 615, -8, 6, -94
-47545, 19200, 615, -8, 6, -94
-46745, 19200, 615, -7, 6, -94
-45945, 19200, 615, -7, 6, -94
-45145, 19200, 615, -6, 6, -95
-44345, 19200, 615, -5, 7, -94
-43545, 19200, 615, -5, 6, -95
-42745, 19200, 615, -4, 6, -95
-41945, 19200, 615, -3, 6, -94
-41145, 19200, 615, -2, 6, -94
-40345, 19200, 615, -1, 6, -94
-39545, 19200, 615, -1, 6, -94
-38745, 19200, 615, 0, 6, -94
-37945, 19200, 615, 0, 5, -93
-37145, 19200, 615, 1, 5, -93
-36345, 19200, 615, 1, 5, -92
-35545, 19200, 615, 2, 5, -92
-34745, 19200, 615, 3, 4, -92
-33945, 19200, 615, 3, 4, -92
-33145, 19200, 615, 3, 4, -91
-32345, 19200, 615, 4, 4, -90
-31545, 19200, 615, 3, 3, -90
-30745, 19200, 615, 4, 3, -89
-29945, 19200, 615, 5, 3, -89
-29145, 19200, 615, 4, 3, -89
-28345, 19200, 615, 5, 3, -88
-27545, 19200, 615, 5, 2, -88
-26745, 19200, 615, 5, 2, -88
-25945, 19200, 615, 4, 2, -87
-25145, 19200, 615, 5, 2, -87
-24345, 19200, 615, 5, 2, -87
-23545, 19200, 615, 5, 1, -86
-22745, 19200, 615, 5, 1, -84
-21945, 19200, 615, 5, 1, -84
-21145, 19200, 615, 5, 1, -83
-20345, 19200, 615, 5, 0, -83
-19545, 19200, 615, 5, 0, -82
-18745, 19200, 615, 6, 1, -82
-17945, 19200, 615, 5, 0, -81
-17145, 19200, 615, 6, 0, -80
-16345, 19200, 615, 5, 0, -79
-15545, 19200, 615, 7, -1, -78
-14745, 19200, 615, 7, -1, -77
-13945, 19200, 615, 6, 0, -76
-13145, 19200, 615, 6, -1, -75
-12345, 19200, 615, 6, -1, -73
-11545, 19200, 615, 6, -1, -73
-10745, 19200, 615, 5, -2, -71
-9945, 19200, 615, 6, -2, -70
-9145, 19200, 615, 6, -3, -68
-8345, 19200, 615, 6, -2, -68
-7545, 19200, 615, 6, -3, -66
-6745, 19200, 615, 5, -3, -64
-5945, 19200, 615, 5, -3, -63
-5145, 19200, 615, 5, -3, -61
-4345, 19200, 615, 5, -3, -60
-3545, 19200, 615, 5, -3, -57
-2745, 19200, 615, 5, -3, -56
-1945, 19200, 615, 5, -3, -54
-1145, 19200, 615, 5, -3, -53
-345, 19200, 615, 5, -3, -52
0, 18745, 615, 7, -4, -50
-55, 18000, 615, 10, -7, -50
-855, 18000, 615, 10, -7, -51
-1655, 18000, 615, 10, -6, -53
-2455, 18000, 615, 11, -7, -54
-3255, 18000, 615, 11, -7, -56
-4055, 18000, 615, 12, -7, -58
-4855, 18000, 615, 12, -7, -60
-5655, 18000, 615, 12, -6, -61
-6455, 18000, 615, 13, -6, -63
-7255, 18000, 615, 13, -6, -65
-8055, 18000, 615, 13, -5, -66
-8855, 18000, 615, 13, -5, -68
-9655, 18000, 615, 14, -5, -69
-10455, 18000, 615, 13, -5, -70
-11255, 18000, 615, 14, -5, -72
-12055, 18000, 615, 15, -4, -74
-12855, 18000, 615, 14, -4, -75
-13655, 18000, 615, 14, -4, -76
-14455, 18000, 615, 14, -3, -77
-15255, 18000, 615, 15, -3, -78
-16055, 18000, 615, 15, -2, -79
-16855, 18000, 615, 14, -2, -80
-17655, 18000, 615, 15, -1, -81
-18455, 18000, 615, 15, -1, -82
-19255, 18000, 615, 15, -1, -82
-20055, 18000, 615, 15, 0, -83
-20855, 18000, 615, 14, 0, -84
-21655, 18000, 615, 15, 1, -85
-22455, 18000, 615, 14, 1, -86
-23255, 18000, 615, 15, 1, -86
-24055, 18000, 615, 14, 2, -87
-24855, 18000, 615, 14, 2, -87
-25655, 18000, 615, 14, 2, -87
-26455, 18000, 615, 14, 3, -88
-27255, 18000, 615, 14, 3, -88
-28055, 18000, 615, 14, 3, -88
-28855, 18000, 615, 14, 3, -89
-29655, 18000, 615, 14, 5, -90
-30455, 18000, 615, 14, 4, -90
-31255, 18000, 615, 13, 4, -91
-32055, 18000, 615, 13, 4, -91
-32855, 18000, 615, 13, 5, -91
-33655, 18000, 615, 13, 4, -92
-34455, 18000, 615, 13, 6, -92
-35255, 18000, 615, 12, 5, -93
-36055, 18000, 615, 12, 5, -93
-36855, 18000, 615, 11, 6, -94
-37655, 18000, 615, 11, 6, -95
-38455, 18000, 615, 11, 6, -94
-39255, 18000, 615, 10, 6, -95
-40055, 18000, 615, 9, 7, -95
-40855, 18000, 615, 9, 7, -95
-41655, 18000, 615, 8, 7, -95
-42455, 18000, 615, 7, 7, -96
-43255, 18000, 615, 6, 8, -95
-44055, 18000, 615, 4, 8, -96
-44855, 18000, 615, 4, 8, -96
-45655, 18000, 615, 4, 8, -96
-46455, 18000, 615, 2, 8, -95
-47255, 18000, 615, 1, 8, -94
-48055, 18000, 615, 1, 9, -95
-48855, 18000, 615, 0, 9, -94
-49655, 18000, 615, 1, 9, -94
-50455, 18000, 615, -1, 8, -94
-51255, 18000, 615, -1, 9, -93
-52055, 18000, 615, -2, 9, -92
-52855, 18000, 615, -3, 9, -92
-53655, 18000, 615, -3, 9, -91
-54455, 18000, 615, -3, 9, -90
-55255, 18000, 615, -3, 9, -88
-56055, 18000, 615, -4, 9, -87
-56855, 18000, 615, -5, 10, -86
-57655, 18000, 615, -6, 10, -85
-58455, 18000, 615, -5, 9, -83
-59255, 18000, 615, -6, 10, -82
-60055, 18000, 615, -5, 10, -80
-60855, 18000, 615, -5, 9, -77
-61655, 18000, 615, -4, 9, -75
-62455, 18000, 615, -3, 9, -74
-63255, 18000, 615, -2, 9, -71
-64055, 18000, 615, -1, 8, -69
-64855, 18000, 615, -1, 8, -67
-65655, 18000, 615, 0, 8, -65
-66455, 18000, 615, 0, 7, -62
-67255, 18000, 615, 1, 7, -60
-68055, 18000, 615, 1, 7, -58
-68855, 18000, 615, 2, 7, -56
-69655, 18000, 615, 2, 7, -54
-70455, 18000, 615, 3, 7, -51
-71255, 18000, 615, 3, 7, -49
-72000, 17945, 615, 3, 8, -47
-72000, 17145, 615, 6, 13, -48
-71545, 16800, 615, 9, 15, -49
-70745, 16800, 615, 7, 16, -51
-69945, 16800, 615, 8, 16, -53
-69145, 16800, 615, 7, 17, -56
-68345, 16800, 615, 8, 18, -58
-67545, 16800, 615, 7, 17, -60
-66745, 16800, 615, 8, 18, -63
-65945, 16800, 615, 8, 18, -65
-65145, 16800, 615, 8, 19, -68
-64345, 16800, 615, 8, 19, -71
-63545, 16800, 615, 9, 19, -73
-62745, 16800, 615, 9, 19, -76
-61945, 16800, 615, 9, 19, -78
-61145, 16800, 615, 10, 18, -81
-60345, 16800, 615, 10, 18, -83
-59545, 16800, 615, 10, 18, -85
-58745, 16800, 615, 11, 18, -87
-57945, 16800, 615, 12, 17, -89
-57145, 16800, 615, 12, 16, -90
-56345, 16800, 615, 13, 15, -92
-55545, 16800, 615, 13, 15, -93
-54745, 16800, 615, 13, 14, -94
-53945, 16800, 615, 13, 14, -96
-53145, 16800, 615, 14, 13, -96
-52345, 16800, 615, 14, 13, -97
-51545, 16800, 615, 14, 12, -99
-50745, 16800, 615, 14, 11, -98
-49945, 16800, 615, 15, 13, -98
-49145, 16800, 615, 15, 11, -99
-48345, 16800, 615, 17, 11, -99
-47545, 16800, 615, 16, 10, -100
-46745, 16800, 615, 17, 10, -100
-45945, 16800, 615, 18, 10, -100
-45145, 16800, 615, 18, 9, -99
-44345, 16800, 615, 19, 8, -99
-43545, 16800, 615, 19, 8, -100
-42745, 16800, 615, 20, 8, -99
-41945, 16800, 615, 21, 7, -98
-41145, 16800, 615, 21, 7, -98
-40345, 16800, 615, 22, 7, -97
-39545, 16800, 615, 22, 8, -97
-38745, 16800, 615, 22, 6, -97
-37945, 16800, 615, 23, 6, -96
-37145, 16800, 615, 23, 6, -96
-36345, 16800, 615, 23, 6, -95
-35545, 16800, 615, 23, 5, -95
-34745, 16800, 615, 23, 7, -94
-33945, 16800, 615, 23, 5, -94
-33145, 16800, 615, 23, 5, -93
-32345, 16800, 615, 24, 5, -93
-31545, 16800, 615, 24, 5, -93
-30745, 16800, 615, 24, 4, -92
-29945, 16800, 615, 24, 5, -91
-29145, 16800, 615, 24, 4, -91
-28345, 16800, 615, 24, 3, -91
-27545, 16800, 615, 24, 3, -90
-26745, 16800, 615, 24, 3, -90
-25945, 16800, 615, 25, 3, -89
-25145, 16800, 615, 25, 2, -88
-24345, 16800, 615, 25, 2, -88
-23545, 16800, 615, 25, 1, -87
-22745, 16800, 615, 25, 1, -87
-21945, 16800, 615, 25, 0, -86
-21145, 16800, 615, 25, 0, -86
-20345, 16800, 615, 24, 0, -85
-19545, 16800, 615, 24, -1, -85
-18745, 16800, 615, 25, -2, -83
-17945, 16800, 615, 24, -2, -83
-17145, 16800, 615, 24, -3, -82
-16345, 16800, 615, 24, -3, -81
-15545, 16800, 615, 24, -3, -79
-14745, 16800, 615, 24, -5, -79
-13945, 16800, 615, 24, -6, -78
-13145, 16800, 615, 25, -6, -77
-12345, 16800, 615, 23, -7, -76
-11545, 16800, 615, 23, -7, -74
-10745, 16800, 615, 23, -8, -73
-9945, 16800, 615, 22, -9, -71
-9145, 16800, 615, 21, -9, -70
-8345, 16800, 615, 21, -10, -68
-7545, 16800, 615, 21, -10, -67
-6745, 16800, 615, 20, -11, -65
-5945, 16800, 615, 19, -11, -64
-5145, 16800, 615, 19, -11, -62
-4345, 16800, 615, 19, -12, -60
-3545, 16800, 615, 17, -12, -58
-2745, 16800, 615, 17, -11, -56
-1945, 16800, 615, 17, -12, -55
-1145, 16800, 615, 16, -12, -53
-345, 16800, 615, 15, -11, -51
0, 16345, 615, 17, -13, -50
-55, 15600, 615, 21, -15, -50
-855, 15600, 615, 22, -16, -51
-1655, 15600, 615, 22, -16, -53
-2455, 15600, 615, 23, -16, -55
-3255, 15600, 615, 24, -16, -57
-4055, 15600, 615, 25, -16, -59
-4855, 15600, 615, 27, -16, -61
-5655, 15600, 615, 28, -16, -63
-6455, 15600, 615, 28, -15, -64
-7255, 15600, 615, 30, -15, -66
-8055, 15600, 615, 30, -14, -68
-8855, 15600, 615, 31, -14, -70
-9655, 15600, 615, 32, -13, -71
-10455, 15600, 615, 33, -12, -73
-11255, 15600, 615, 33, -11, -74
-12055, 15600, 615, 33, -10, -76
-12855, 15600, 615, 34, -9, -77
-13655, 15600, 615, 35, -8, -78
-14455, 15600, 615, 35, -7, -79
-15255, 15600, 615, 36, -6, -81
-16055, 15600, 615, 36, -5, -81
-16855, 15600, 615, 36, -4, -83
-17655, 15600, 615, 35, -4, -83
-18455, 15600, 615, 36, -3, -84
-19255, 15600, 615, 36, -2, -85
-20055, 15600, 615, 36, -1, -85
-20855, 15600, 615, 36, 0, -86
-21655, 15600, 615, 36, 1, -87
-22455, 15600, 615, 36, 1, -88
-23255, 15600, 615, 37, 2, -88
-24055, 15600, 615, 36, 2, -88
-24855, 15600, 615, 37, 3, -89
-25655, 15600, 615, 37, 3, -89
-26455, 15600, 615, 36, 4, -90
-27255, 15600, 615, 37, 4, -90
-28055, 15600, 615, 36, 4, -91
-28855, 15600, 615, 36, 5, -92
-29655, 15600, 615, 37, 5, -92
-30455, 15600, 615, 36, 5, -93
-31255, 15600, 615, 36, 6, -93
-32055, 15600, 615, 36, 6, -94
-32855, 15600, 615, 37, 6, -94
-33655, 15600, 615, 36, 7, -95
-34455, 15600, 615, 36, 6, -94
-35255, 15600, 615, 36, 7, -96
-36055, 15600, 615, 38, 7, -96
-36855, 15600, 615, 37, 7, -97
-37655, 15600, 615, 37, 7, -98
-38455, 15600, 615, 37, 7, -98
-39255, 15600, 615, 37, 7, -99
-40055, 15600, 615, 38, 7, -100
-40855, 15600, 615, 39, 7, -100
-41655, 15600, 615, 40, 7, -101
-42455, 15600, 615, 39, 8, -102
-43255, 15600, 615, 40, 8, -102
-44055, 15600, 615, 40, 9, -103
-44855, 15600, 615, 40, 9, -104
-45655, 15600, 615, 40, 10, -104
-46455, 15600, 615, 40, 11, -104
-47255, 15600, 615, 39, 12, -105
-48055, 15600, 615, 39, 12, -104
-48855, 15600, 615, 39, 13, -104
-49655, 15600, 615, 39, 14, -105
-50455, 15600, 615, 38, 16, -104
-51255, 15600, 615, 38, 16, -104
-52055, 15600, 615, 38, 17, -103
-52855, 15600, 615, 38, 18, -103
-53655, 15600, 615, 38, 19, -102
-54455, 15600, 615, 38, 20, -101
-55255, 15600, 615, 38, 21, -99
-56055, 15600, 615, 38, 22, -99
-56855, 15600, 615, 36, 25, -97
-57655, 15600, 615, 36, 24, -95
-58455, 15600, 615, 35, 26, -93
-59255, 15600, 615, 33, 27, -91
-60055, 15600, 615, 31, 29, -88
-60855, 15600, 615, 28, 30, -86
-61655, 15600, 615, 27, 30, -83
-62455, 15600, 615, 25, 31, -80
-63255, 15600, 615, 23, 31, -77
-64055, 15600, 615, 23, 32, -74
-64855, 15600, 615, 20, 31, -72
-65655, 15600, 615, 19, 31, -69
-66455, 15600, 615, 18, 31, -66
-67255, 15600, 615, 17, 30, -63
-68055, 15600, 615, 16, 29, -60
-68855, 15600, 615, 15, 28, -58
-69655, 15600, 615, 14, 27, -55
-70455, 15600, 615, 13, 26, -52
-71255, 15600, 615, 13, 25, -51
-72000, 15545, 615, 12, 24, -48
-72000, 14745, 615, 15, 30, -48
-71545, 14400, 615, 17, 34, -48
-70745, 14400, 615, 18, 35, -51
-69945, 14400, 615, 20, 36, -53
-69145, 14400, 615, 21, 38, -56
-68345, 14400, 615, 23, 40, -59
-67545, 14400, 615, 25, 41, -62
-66745, 14400, 615, 27, 42, -65
-65945, 14400, 615, 29, 43, -67
-65145, 14400, 615, 32, 45, -71
-64345, 14400, 615, 35, 45, -74
-63545, 14400, 615, 38, 44, -77
-62745, 14400, 615, 40, 44, -81
-61945, 14400, 615, 45, 43, -84
-61145, 14400, 615, 48, 42, -87
-60345, 14400, 615, 52, 40, -90
-59545, 14400, 615, 55, 39, -93
-58745, 14400, 615, 58, 37, -95
-57945, 14400, 615, 61, 35, -97
-57145, 14400, 615, 63, 33, -99
-56345, 14400, 615, 65, 31, -101
-55545, 14400, 615, 66, 29, -103
-54745, 14400, 615, 67, 27, -104
-53945, 14400, 615, 67, 25, -105
-53145, 14400, 615, 67, 24, -106
-52345, 14400, 615, 67, 23, -107
-51545, 14400, 615, 67, 22, -108
-50745, 14400, 615, 66, 20, -108
-49945, 14400, 615, 66, 18, -108
-49145, 14400, 615, 66, 18, -108
-48345, 14400, 615, 66, 16, -108
-47545, 14400, 615, 66, 14, -108
-46745, 14400, 615, 66, 12, -108
-45945, 14400, 615, 66, 12, -108
-45145, 14400, 615, 65, 10, -107
-44345, 14400, 615, 64, 9, -106
-43545, 14400, 615, 64, 9, -105
-42745, 14400, 615, 62, 8, -105
-41945, 14400, 615, 61, 8, -104
-41145, 14400, 615, 59, 7, -103
-40345, 14400, 615, 58, 7, -101
-39545, 14400, 615, 56, 7, -101
-38745, 14400, 615, 55, 7, -99
-37945, 14400, 615, 53, 7, -99
-37145, 14400, 615, 52, 7, -98
-36345, 14400, 615, 52, 7, -97
-35545, 14400, 615, 51, 8, -97
-34745, 14400, 615, 51, 7, -96
-33945, 14400, 615, 51, 7, -96
-33145, 14400, 615, 50, 7, -95
-32345, 14400, 615, 50, 7, -94
-31545, 14400, 615, 50, 7, -94
-30745, 14400, 615, 50, 6, -94
-29945, 14400, 615, 50, 7, -94
-29145, 14400, 615, 50, 6, -93
-28345, 14400, 615, 50, 6, -93
-27545, 14400, 615, 50, 6, -91
-26745, 14400, 615, 50, 5, -92
-25945, 14400, 615, 50, 5, -91
-25145, 14400, 615, 50, 4, -90
-24345, 14400, 615, 50, 3, -90
-23545, 14400, 615, 50, 4, -90
-22745, 14400, 615, 51, 2, -89
-21945, 14400, 615, 50, 2, -89
-21145, 14400, 615, 50, 1, -88
-20345, 14400, 615, 50, 0, -88
-19545, 14400, 615, 50, -1, -86
-18745, 14400, 615, 50, -2, -86
-17945, 14400, 615, 50, -3, -86
-17145, 14400, 615, 49, -4, -84
-16345, 14400, 615, 49, -5, -84
-15545, 14400, 615, 49, -7, -83
-14745, 14400, 615, 49, -8, -82
-13945, 14400, 615, 49, -9, -81
-13145, 14400, 615, 48, -11, -80
-12345, 14400, 615, 47, -12, -79
-11545, 14400, 615, 46, -14, -77
-10745, 14400, 615, 45, -15, -76
-9945, 14400, 615, 44, -16, -73
-9145, 14400, 615, 44, -17, -72
-8345, 14400, 615, 42, -19, -70
-7545, 14400, 615, 41, -19, -69
-6745, 14400, 615, 40, -20, -67
-5945, 14400, 615, 38, -21, -65
-5145, 14400, 615, 37, -21, -63
-4345, 14400, 615, 35, -21, -61
-3545, 14400, 615, 34, -22, -59
-2745, 14400, 615, 32, -21, -57
-1945, 14400, 615, 31, -22, -55
-1145, 14400, 615, 29, -21, -53
-345, 14400, 615, 27, -21, -51
0, 13945, 615, 30, -23, -49
-55, 13200, 615, 34, -26, -48
-855, 13200, 615, 36, -26, -50
-1655, 13200, 615, 38, -27, -52
-2455, 13200, 615, 42, -27, -54
-3255, 13200, 615, 43, -27, -57
-4055, 13200, 615, 45, -27, -59
-4855, 13200, 615, 48, -26, -61
-5655, 13200, 615, 51, -26, -63
-6455, 13200, 615, 52, -26, -66
-7255, 13200, 615, 55, -25, -68
-8055, 13200, 615, 56, -24, -70
-8855, 13200, 615, 58, -22, -71
-9655, 13200, 615, 60, -21, -74
-10455, 13200, 615, 61, -19, -75
-11255, 13200, 615, 63, -18, -77
-12055, 13200, 615, 64, -15, -79
-12855, 13200, 615, 64, -13, -80
-13655, 13200, 615, 65, -11, -81
-14455, 13200, 615, 66, -10, -82
-15255, 13200, 615, 66, -8, -83
-16055, 13200, 615, 67, -6, -84
-16855, 13200, 615, 68, -4, -85
-17655, 13200, 615, 67, -3, -86
-18455, 13200, 615, 67, -2, -86
-19255, 13200, 615, 68, 0, -86
-20055, 13200, 615, 67, 1, -87
-20855, 13200, 615, 67, 2, -88
-21655, 13200, 615, 67, 3, -89
-22455, 13200, 615, 67, 4, -89
-23255, 13200, 615, 68, 5, -89
-24055, 13200, 615, 67, 5, -90
-24855, 13200, 615, 67, 6, -90
-25655, 13200, 615, 67, 7, -91
-26455, 13200, 615, 67, 8, -91
-27255, 13200, 615, 67, 7, -91
-28055, 13200, 615, 67, 8, -92
-28855, 13200, 615, 67, 10, -92
-29655, 13200, 615, 68, 9, -91
-30455, 13200, 615, 68, 9, -93
-31255, 13200, 615, 69, 9, -93
-32055, 13200, 615, 68, 9, -94
-32855, 13200, 615, 68, 9, -94
-33655, 13200, 615, 68, 10, -95
-34455, 13200, 615, 69, 9, -95
-35255, 13200, 615, 70, 10, -96
-36055, 13200, 615, 70, 9, -96
-36855, 13200, 615, 71, 10, -97
-37655, 13200, 615, 73, 9, -98
-38455, 13200, 615, 74, 10, -99
-39255, 13200, 615, 76, 9, -100
-40055, 13200, 615, 78, 9, -100
-40855, 13200, 615, 80, 9, -101
-41655, 13200, 615, 83, 10, -102
-42455, 13200, 615, 86, 9, -103
-43255, 13200, 615, 88, 9, -104
-44055, 13200, 615, 91, 11, -105
-44855, 13200, 615, 93, 11, -106
-45655, 13200, 615, 95, 13, -106
-46455, 13200, 615, 95, 14, -107
-47255, 13200, 615, 96, 16, -107
-48055, 13200, 615, 96, 18, -107
-48855, 13200, 615, 97, 20, -107
-49655, 13200, 615, 97, 21, -107
-50455, 13200, 615, 97, 24, -108
-51255, 13200, 615, 98, 25, -107
-52055, 13200, 615, 98, 27, -107
-52855, 13200, 615, 98, 29, -106
-53655, 13200, 615, 98, 31, -106
-54455, 13200, 615, 98, 33, -105
-55255, 13200, 615, 97, 35, -103
-56055, 13200, 615, 97, 37, -102
-56855, 13200, 615, 95, 40, -100
-57655, 13200, 615, 93, 42, -98
-58455, 13200, 615, 89, 45, -96
-59255, 13200, 615, 85, 48, -94
-60055, 13200, 615, 80, 50, -91
-60855, 13200, 615, 75, 54, -88
-61655, 13200, 615, 69, 55, -85
-62455, 13200, 615, 64, 56, -81
-63255, 13200, 615, 58, 57, -78
-64055, 13200, 615, 53, 58, -74
-64855, 13200, 615, 48, 58, -71
-65655, 13200, 615, 44, 57, -68
-66455, 13200, 615, 40, 56, -65
-67255, 13200, 615, 37, 55, -62
-68055, 13200, 615, 33, 53, -58
-68855, 13200, 615, 30, 51, -56
-69655, 13200, 615, 29, 49, -53
-70455, 13200, 615, 25, 47, -51
-71255, 13200, 615, 24, 45, -48
-72000, 13145, 615, 23, 44, -46
-72000, 12345, 615, 26, 48, -43
-71545, 12000, 615, 28, 51, -43
-70745, 12000, 615, 30, 54, -46
-69945, 12000, 615, 32, 56, -48
-69145, 12000, 615, 36, 59, -50
-68345, 12000, 615, 39, 61, -53
-67545, 12000, 615, 43, 64, -56
-66745, 12000, 615, 47, 66, -59
-65945, 12000, 615, 53, 68, -62
-65145, 12000, 615, 58, 69, -65
-64345, 12000, 615, 64, 70, -68
-63545, 12000, 615, 71, 70, -71
-62745, 12000, 615, 78, 69, -75
-61945, 12000, 615, 86, 67, -78
-61145, 12000, 615, 94, 65, -82
-60345, 12000, 615, 101, 62, -85
-59545, 12000, 615, 109, 59, -87
-58745, 12000, 615, 114, 56, -90
-57945, 12000, 615, 120, 52, -92
-57145, 12000, 615, 123, 49, -94
-56345, 12000, 615, 126, 46, -96
-55545, 12000, 615, 127, 43, -97
-54745, 12000, 615, 129, 40, -98
-53945, 12000, 615, 128, 38, -99
-53145, 12000, 615, 128, 35, -100
-52345, 12000, 615, 129, 33, -100
-51545, 12000, 615, 128, 31, -101
-50745, 12000, 615, 128, 29, -102
-49945, 12000, 615, 127, 27, -102
-49145, 12000, 615, 126, 24, -102
-48345, 12000, 615, 126, 23, -102
-47545, 12000, 615, 126, 21, -102
-46745, 12000, 615, 125, 18, -101
-45945, 12000, 615, 125, 17, -101
-45145, 12000, 615, 122, 14, -101
-44345, 12000, 615, 120, 14, -100
-43545, 12000, 615, 116, 12, -99
-42745, 12000, 615, 113, 12, -99
-41945, 12000, 615, 110, 12, -98
-41145, 12000, 615, 106, 11, -97
-40345, 12000, 615, 102, 11, -96
-39545, 12000, 615, 100, 11, -96
-38745, 12000, 615, 98, 11, -95
-37945, 12000, 615, 95, 12, -95
-37145, 12000, 615, 94, 12, -93
-36345, 12000, 615, 92, 12, -94
-35545, 12000, 615, 92, 12, -93
-34745, 12000, 615, 90, 12, -93
-33945, 12000, 615, 90, 12, -92
-33145, 12000, 615, 90, 12, -92
-32345, 12000, 615, 90, 12, -92
-31545, 12000, 615, 89, 12, -91
-30745, 12000, 615, 89, 12, -91
-29945, 12000, 615, 88, 12, -91
-29145, 12000, 615, 88, 11, -91
-28345, 12000, 615, 88, 11, -90
-27545, 12000, 615, 88, 11, -90
-26745, 12000, 615, 89, 10, -89
-25945, 12000, 615, 89, 9, -89
-25145, 12000, 615, 89, 9, -89
-24345, 12000, 615, 89, 8, -89
-23545, 12000, 615, 89, 9, -88
-22745, 12000, 615, 89, 7, -88
-21945, 12000, 615, 89, 6, -88
-21145, 12000, 615, 89, 5, -87
-20345, 12000, 615, 89, 3, -87
-19545, 12000, 615, 89, 2, -87
-18745, 12000, 615, 89, 1, -86
-17945, 12000, 615, 89, 0, -86
-17145, 12000, 615, 89, -2, -85
-16345, 12000, 615, 89, -4, -84
-15545, 12000, 615, 90, -6, -84
-14745, 12000, 615, 89, -8, -83
-13945, 12000, 615, 88, -11, -82
-13145, 12000, 615, 87, -13, -81
-12345, 12000, 615, 87, -16, -80
-11545, 12000, 615, 86, -18, -78
-10745, 12000, 615, 85, -20, -77
-9945, 12000, 615, 83, -23, -76
-9145, 12000, 615, 81, -25, -74
-8345, 12000, 615, 78, -28, -72
-7545, 12000, 615, 75, -29, -70
-6745, 12000, 615, 72, -31, -67
-5945, 12000, 615, 68, -32, -65
-5145, 12000, 615, 64, -33, -62
-4345, 12000, 615, 61, -33, -60
-3545, 12000, 615, 57, -33, -57
-2745, 12000, 615, 53, -33, -55
-1945, 12000, 615, 49, -33, -53
-1145, 12000, 615, 46, -31, -50
-345, 12000, 615, 43, -31, -48
0, 11545, 615, 46, -33, -45
-55, 10800, 615, 49, -35, -43
-855, 10800, 615, 53, -36, -44
-1655, 10800, 615, 57, -37, -47
-2455, 10800, 615, 63, -38, -49
-3255, 10800, 615, 67, -38, -52
-4055, 10800, 615, 73, -38, -55
-4855, 10800, 615, 79, -39, -56
-5655, 10800, 615, 85, -38, -60
-6455, 10800, 615, 91, -37, -63
-7255, 10800, 615, 96, -36, -66
-8055, 10800, 615, 101, -34, -68
-8855, 10800, 615, 107, -31, -70
-9655, 10800, 615, 108, -28, -72
-10455, 10800, 615, 110, -25, -74
-11255, 10800, 615, 112, -22, -75
-12055, 10800, 615, 114, -18, -77
-12855, 10800, 615, 114, -15, -78
-13655, 10800, 615, 116, -11, -78
-14455, 10800, 615, 115, -8, -79
-15255, 10800, 615, 115, -6, -80
-16055, 10800, 615, 115, -3, -80
-16855, 10800, 615, 115, -1, -81
-17655, 10800, 615, 115, 0, -82
-18455, 10800, 615, 116, 3, -82
-19255, 10800, 615, 116, 5, -82
-20055, 10800, 615, 115, 6, -83
-20855, 10800, 615, 114, 8, -83
-21655, 10800, 615, 114, 9, -83
-22455, 10800, 615, 114, 10, -83
-23255, 10800, 615, 113, 10, -83
-24055, 10800, 615, 113, 11, -84
-24855, 10800, 615, 113, 12, -84
-25655, 10800, 615, 113, 14, -84
-26455, 10800, 615, 113, 13, -85
-27255, 10800, 615, 113, 14, -84
-28055, 10800, 615, 113, 14, -85
-28855, 10800, 615, 113, 15, -85
-29655, 10800, 615, 112, 15, -86
-30455, 10800, 615, 113, 15, -85
-31255, 10800, 615, 113, 15, -85
-32055, 10800, 615, 114, 16, -85
-32855, 10800, 615, 113, 15, -86
-33655, 10800, 615, 114, 16, -85
-34455, 10800, 615, 115, 16, -86
-35255, 10800, 615, 115, 16, -86
-36055, 10800, 615, 116, 16, -86
-36855, 10800, 615, 117, 16, -87
-37655, 10800, 615, 118, 16, -86
-38455, 10800, 615, 120, 15, -87
-39255, 10800, 615, 121, 15, -87
-40055, 10800, 615, 123, 16, -87
-40855, 10800, 615, 127, 15, -88
-41655, 10800, 615, 129, 16, -88
-42455, 10800, 615, 133, 16, -88
-43255, 10800, 615, 136, 16, -88
-44055, 10800, 615, 140, 17, -88
-44855, 10800, 615, 142, 18, -88
-45655, 10800, 615, 144, 20, -88
-46455, 10800, 615, 146, 21, -89
-47255, 10800, 615, 148, 23, -89
-48055, 10800, 615, 148, 25, -89
-48855, 10800, 615, 149, 27, -89
-49655, 10800, 615, 150, 29, -89
-50455, 10800, 615, 150, 32, -89
-51255, 10800, 615, 151, 34, -89
-52055, 10800, 615, 151, 36, -88
-52855, 10800, 615, 151, 38, -88
-53655, 10800, 615, 152, 40, -87
-54455, 10800, 615, 152, 43, -87
-55255, 10800, 615, 151, 46, -85
-56055, 10800, 615, 150, 49, -84
-56855, 10800, 615, 148, 53, -83
-57655, 10800, 615, 146, 56, -82
-58455, 10800, 615, 141, 60, -80
-59255, 10800, 615, 135, 64, -78
-60055, 10800, 615, 128, 67, -76
-60855, 10800, 615, 120, 71, -74
-61655, 10800, 615, 110, 74, -70
-62455, 10800, 615, 100, 76, -67
-63255, 10800, 615, 90, 79, -65
-64055, 10800, 615, 82, 80, -62
-64855, 10800, 615, 73, 79, -59
-65655, 10800, 615, 66, 78, -56
-66455, 10800, 615, 60, 77, -54
-67255, 10800, 615, 54, 75, -51
-68055, 10800, 615, 49, 72, -48
-68855, 10800, 615, 45, 69, -46
-69655, 10800, 615, 40, 66, -43
-70455, 10800, 615, 37, 64, -41
-71255, 10800, 615, 34, 60, -39
-72000, 10745, 615, 31, 57, -38
-72000, 9945, 615, 33, 60, -34
-71545, 9600, 615, 35, 62, -32
-70745, 9600, 615, 38, 65, -34
-69945, 9600, 615, 41, 69, -35
-69145, 9600, 615, 45, 71, -37
-68345, 9600, 615, 50, 75, -39
-67545, 9600, 615, 55, 78, -41
-66745, 9600, 615, 63, 80, -42
-65945, 9600, 615, 68, 83, -45
-65145, 9600, 615, 76, 84, -47
-64345, 9600, 615, 85, 86, -49
-63545, 9600, 615, 93, 85, -51
-62745, 9600, 615, 104, 83, -53
-61945, 9600, 615, 114, 81, -56
-61145, 9600, 615, 125, 78, -58
-60345, 9600, 615, 134, 74, -60
-59545, 9600, 615, 144, 70, -61
-58745, 9600, 615, 151, 66, -63
-57945, 9600, 615, 156, 61, -64
-57145, 9600, 615, 160, 58, -65
-56345, 9600, 615, 163, 54, -66
-55545, 9600, 615, 164, 51, -67
-54745, 9600, 615, 164, 48, -68
-53945, 9600, 615, 164, 45, -68
-53145, 9600, 615, 164, 42, -67
-52345, 9600, 615, 163, 39, -69
-51545, 9600, 615, 163, 37, -69
-50745, 9600, 615, 162, 35, -69
-49945, 9600, 615, 161, 33, -69
-49145, 9600, 615, 162, 31, -69
-48345, 9600, 615, 159, 29, -70
-47545, 9600, 615, 159, 27, -70
-46745, 9600, 615, 157, 26, -70
-45945, 9600, 615, 156, 24, -70
-45145, 9600, 615, 155, 23, -70
-44345, 9600, 615, 153, 22, -71
-43545, 9600, 615, 151, 21, -71
-42745, 9600, 615, 150, 21, -71
-41945, 9600, 615, 148, 20, -72
-41145, 9600, 615, 145, 19, -72
-40345, 9600, 615, 143, 19, -72
-39545, 9600, 615, 141, 19, -73
-38745, 9600, 615, 140, 19, -73
-37945, 9600, 615, 139, 19, -73
-37145, 9600, 615, 138, 19, -74
-36345, 9600, 615, 137, 19, -73
-35545, 9600, 615, 136, 19, -74
-34745, 9600, 615, 136, 18, -74
-33945, 9600, 615, 136, 19, -74
-33145, 9600, 615, 136, 19, -74
-32345, 9600, 615, 135, 18, -74
-31545, 9600, 615, 135, 18, -75
-30745, 9600, 615, 137, 18, -74
-29945, 9600, 615, 135, 18, -74
-29145, 9600, 615, 135, 17, -74
-28345, 9600, 615, 135, 17, -74
-27545, 9600, 615, 135, 17, -74
-26745, 9600, 615, 135, 16, -74
-25945, 9600, 615, 135, 16, -74
-25145, 9600, 615, 135, 15, -74
-24345, 9600, 615, 136, 15, -74
-23545, 9600, 615, 136, 14, -74
-22745, 9600, 615, 136, 13, -74
-21945, 9600, 615, 136, 12, -73
-21145, 9600, 615, 137, 11, -73
-20345, 9600, 615, 137, 10, -73
-19545, 9600, 615, 137, 8, -73
-18745, 9600, 615, 139, 7, -73
-17945, 9600, 615, 139, 5, -73
-17145, 9600, 615, 139, 3, -72
-16345, 9600, 615, 139, 1, -72
-15545, 9600, 615, 140, -2, -72
-14745, 9600, 615, 140, -5, -71
-13945, 9600, 615, 141, -8, -71
-13145, 9600, 615, 141, -12, -71
-12345, 9600, 615, 141, -16, -68
-11545, 9600, 615, 140, -20, -68
-10745, 9600, 615, 139, -24, -67
-9945, 9600, 615, 137, -28, -66
-9145, 9600, 615, 134, -32, -64
-8345, 9600, 615, 129, -36, -62
-7545, 9600, 615, 124, -38, -61
-6745, 9600, 615, 117, -41, -58
-5945, 9600, 615, 109, -43, -56
-5145, 9600, 615, 101, -43, -53
-4345, 9600, 615, 93, -44, -51
-3545, 9600, 615, 85, -44, -48
-2745, 9600, 615, 78, -43, -45
-1945, 9600, 615, 70, -42, -43
-1145, 9600, 615, 64, -41, -41
-345, 9600, 615, 58, -40, -38
0, 9145, 615, 59, -41, -35
-55, 8400, 615, 61, -41, -30
-855, 8400, 615, 65, -42, -30
-1655, 8400, 615, 72, -44, -33
-2455, 8400, 615, 80, -45, -33
-3255, 8400, 615, 87, -45, -36
-4055, 8400, 615, 97, -46, -38
-4855, 8400, 615, 106, -46, -40
-5655, 8400, 615, 116, -45, -42
-6455, 8400, 615, 125, -45, -44
-7255, 8400, 615, 134, -42, -46
-8055, 8400, 615, 140, -39, -47
-8855, 8400, 615, 146, -36, -49
-9655, 8400, 615, 150, -32, -50
-10455, 8400, 615, 153, -28, -52
-11255, 8400, 615, 154, -23, -52
-12055, 8400, 615, 155, -18, -53
-12855, 8400, 615, 156, -13, -54
-13655, 8400, 615, 156, -10, -54
-14455, 8400, 615, 155, -6, -55
-15255, 8400, 615, 155, -3, -55
-16055, 8400, 615, 154, 1, -55
-16855, 8400, 615, 153, 3, -55
-17655, 8400, 615, 152, 5, -55
-18455, 8400, 615, 152, 7, -55
-19255, 8400, 615, 151, 9, -55
-20055, 8400, 615, 150, 11, -56
-20855, 8400, 615, 150, 12, -56
-21655, 8400, 615, 149, 13, -56
-22455, 8400, 615, 149, 15, -56
-23255, 8400, 615, 148, 16, -56
-24055, 8400, 615, 148, 16, -56
-24855, 8400, 615, 148, 17, -55
-25655, 8400, 615, 147, 18, -56
-26455, 8400, 615, 147, 18, -56
-27255, 8400, 615, 146, 19, -56
-28055, 8400, 615, 146, 19, -55
-28855, 8400, 615, 146, 19, -56
-29655, 8400, 615, 146, 19, -55
-30455, 8400, 615, 146, 20, -55
-31255, 8400, 615, 146, 21, -56
-32055, 8400, 615, 146, 21, -55
-32855, 8400, 615, 147, 21, -55
-33655, 8400, 615, 146, 21, -55
-34455, 8400, 615, 147, 22, -55
-35255, 8400, 615, 147, 21, -55
-36055, 8400, 615, 147, 21, -54
-36855, 8400, 615, 147, 22, -54
-37655, 8400, 615, 148, 22, -54
-38455, 8400, 615, 149, 22, -53
-39255, 8400, 615, 149, 23, -52
-40055, 8400, 615, 150, 22, -52
-40855, 8400, 615, 151, 23, -51
-41655, 8400, 615, 152, 23, -51
-42455, 8400, 615, 153, 23, -51
-43255, 8400, 615, 155, 24, -49
-44055, 8400, 615, 156, 25, -49
-44855, 8400, 615, 156, 26, -48
-45655, 8400, 615, 157, 27, -47
-46455, 8400, 615, 159, 28, -47
-47255, 8400, 615, 159, 30, -47
-48055, 8400, 615, 160, 31, -47
-48855, 8400, 615, 161, 32, -47
-49655, 8400, 615, 162, 34, -46
-50455, 8400, 615, 163, 36, -46
-51255, 8400, 615, 164, 37, -46
-52055, 8400, 615, 166, 39, -46
-52855, 8400, 615, 166, 42, -45
-53655, 8400, 615, 167, 45, -45
-54455, 8400, 615, 167, 47, -45
-55255, 8400, 615, 167, 50, -45
-56055, 8400, 615, 167, 53, -44
-56855, 8400, 615, 166, 57, -44
-57655, 8400, 615, 163, 60, -43
-58455, 8400, 615, 158, 65, -43
-59255, 8400, 615, 153, 68, -42
-60055, 8400, 615, 145, 73, -41
-60855, 8400, 615, 136, 76, -40
-61655, 8400, 615, 125, 81, -39
-62455, 8400, 615, 115, 83, -38
-63255, 8400, 615, 104, 85, -37
-64055, 8400, 615, 94, 86, -36
-64855, 8400, 615, 85, 86, -34
-65655, 8400, 615, 77, 85, -33
-66455, 8400, 615, 69, 84, -32
-67255, 8400, 615, 63, 82, -31
-68055, 8400, 615, 56, 79, -30
-68855, 8400, 615, 52, 76, -28
-69655, 8400, 615, 46, 73, -28
-70455, 8400, 615, 42, 69, -27
-71255, 8400, 615, 39, 66, -25
-72000, 8345, 615, 36, 63, -24
-72000, 7545, 615, 36, 62, -19
-71545, 7200, 615, 37, 63, -18
-70745, 7200, 615, 40, 66, -18
-69945, 7200, 615, 44, 69, -18
-69145, 7200, 615, 48, 72, -18
-68345, 7200, 615, 52, 76, -19
-67545, 7200, 615, 58, 77, -19
-66745, 7200, 615, 63, 80, -19
-65945, 7200, 615, 70, 81, -20
-65145, 7200, 615, 78, 83, -20
-64345, 7200, 615, 85, 83, -20
-63545, 7200, 615, 94, 83, -20
-62745, 7200, 615, 104, 82, -20
-61945, 7200, 615, 114, 80, -21
-61145, 7200, 615, 125, 77, -21
-60345, 7200, 615, 134, 73, -21
-59545, 7200, 615, 142, 69, -21
-58745, 7200, 615, 149, 65, -21
-57945, 7200, 615, 154, 61, -21
-57145, 7200, 615, 158, 57, -21
-56345, 7200, 615, 160, 54, -21
-55545, 7200, 615, 161, 51, -21
-54745, 7200, 615, 161, 48, -21
-53945, 7200, 615, 162, 46, -21
-53145, 7200, 615, 160, 43, -21
-52345, 7200, 615, 160, 41, -21
-51545, 7200, 615, 159, 39, -22
-50745, 7200, 615, 158, 37, -22
-49945, 7200, 615, 157, 35, -22
-49145, 7200, 615, 156, 34, -22
-48345, 7200, 615, 155, 32, -23
-47545, 7200, 615, 155, 31, -23
-46745, 7200, 615, 154, 30, -23
-45945, 7200, 615, 154, 29, -24
-45145, 7200, 615, 152, 28, -24
-44345, 7200, 615, 151, 27, -25
-43545, 7200, 615, 151, 26, -25
-42745, 7200, 615, 150, 25, -26
-41945, 7200, 615, 149, 25, -27
-41145, 7200, 615, 148, 24, -28
-40345, 7200, 615, 149, 24, -28
-39545, 7200, 615, 148, 23, -29
-38745, 7200, 615, 147, 23, -29
-37945, 7200, 615, 147, 23, -30
-37145, 7200, 615, 146, 22, -31
-36345, 7200, 615, 146, 22, -31
-35545, 7200, 615, 146, 22, -31
-34745, 7200, 615, 145, 22, -32
-33945, 7200, 615, 145, 21, -32
-33145, 7200, 615, 146, 21, -32
-32345, 7200, 615, 145, 21, -32
-31545, 7200, 615, 145, 20, -32
-30745, 7200, 615, 146, 20, -33
-29945, 7200, 615, 146, 19, -33
-29145, 7200, 615, 145, 19, -33
-28345, 7200, 615, 146, 20, -32
-27545, 7200, 615, 146, 19, -33
-26745, 7200, 615, 146, 19, -33
-25945, 7200, 615, 147, 18, -33
-25145, 7200, 615, 147, 18, -33
-24345, 7200, 615, 147, 16, -33
-23545, 7200, 615, 148, 16, -33
-22745, 7200, 615, 148, 14, -33
-21945, 7200, 615, 148, 13, -33
-21145, 7200, 615, 151, 13, -33
-20345, 7200, 615, 150, 11, -33
-19545, 7200, 615, 150, 10, -33
-18745, 7200, 615, 151, 8, -33
-17945, 7200, 615, 152, 6, -33
-17145, 7200, 615, 153, 4, -33
-16345, 7200, 615, 154, 2, -33
-15545, 7200, 615, 155, 0, -33
-14745, 7200, 615, 155, -3, -33
-13945, 7200, 615, 156, -7, -33
-13145, 7200, 615, 156, -12, -32
-12345, 7200, 615, 156, -15, -32
-11545, 7200, 615, 156, -20, -31
-10745, 7200, 615, 155, -24, -30
-9945, 7200, 615, 154, -29, -31
-9145, 7200, 615, 151, -34, -30
-8345, 7200, 615, 146, -37, -29
-7545, 7200, 615, 141, -40, -29
-6745, 7200, 615, 132, -43, -28
-5945, 7200, 615, 124, -44, -27
-5145, 7200, 615, 114, -46, -26
-4345, 7200, 615, 105, -47, -25
-3545, 7200, 615, 95, -46, -24
-2745, 7200, 615, 87, -46, -23
-1945, 7200, 615, 78, -45, -21
-1145, 7200, 615, 71, -44, -21
-345, 7200, 615, 64, -42, -20
0, 6745, 615, 63, -41, -15
-55, 6000, 615, 59, -40, -9
-855, 6000, 615, 63, -41, -8
-1655, 6000, 615, 69, -42, -8
-2455, 6000, 615, 77, -43, -8
-3255, 6000, 615, 84, -43, -8
-4055, 6000, 615, 92, -44, -8
-4855, 6000, 615, 100, -43, -8
-5655, 6000, 615, 109, -42, -7
-6455, 6000, 615, 117, -41, -8
-7255, 6000, 615, 125, -40, -8
-8055, 6000, 615, 131, -37, -8
-8855, 6000, 615, 136, -34, -7
-9655, 6000, 615, 140, -31, -6
-10455, 6000, 615, 142, -26, -7
-11255, 6000, 615, 144, -23, -7
-12055, 6000, 615, 145, -19, -7
-12855, 6000, 615, 144, -14, -8
-13655, 6000, 615, 144, -11, -8
-14455, 6000, 615, 144, -8, -8
-15255, 6000, 615, 144, -4, -8
-16055, 6000, 615, 143, -2, -8
-16855, 6000, 615, 142, 1, -8
-17655, 6000, 615, 141, 4, -8
-18455, 6000, 615, 141, 5, -8
-19255, 6000, 615, 140, 8, -8
-20055, 6000, 615, 140, 9, -8
-20855, 6000, 615, 139, 10, -8
-21655, 6000, 615, 139, 11, -8
-22455, 6000, 615, 138, 13, -8
-23255, 6000, 615, 137, 13, -9
-24055, 6000, 615, 137, 14, -8
-24855, 6000, 615, 137, 15, -9
-25655, 6000, 615, 136, 15, -8
-26455, 6000, 615, 136, 16, -8
-27255, 6000, 615, 136, 17, -8
-28055, 6000, 615, 135, 17, -8
-28855, 6000, 615, 135, 18, -8
-29655, 6000, 615, 135, 18, -8
-30455, 6000, 615, 135, 18, -8
-31255, 6000, 615, 135, 19, -8
-32055, 6000, 615, 135, 20, -8
-32855, 6000, 615, 135, 20, -8
-33655, 6000, 615, 136, 20, -7
-34455, 6000, 615, 134, 20, -7
-35255, 6000, 615, 135, 21, -7
-36055, 6000, 615, 135, 21, -6
-36855, 6000, 615, 135, 21, -7
-37655, 6000, 615, 135, 22, -6
-38455, 6000, 615, 135, 22, -5
-39255, 6000, 615, 136, 23, -5
-40055, 6000, 615, 136, 23, -5
-40855, 6000, 615, 137, 24, -4
-41655, 6000, 615, 138, 24, -3
-42455, 6000, 615, 137, 25, -3
-43255, 6000, 615, 138, 26, -3
-44055, 6000, 615, 138, 26, -2
-44855, 6000, 615, 139, 27, -1
-45655, 6000, 615, 139, 28, -1
-46455, 6000, 615, 140, 28, 0
-47255, 6000, 615, 140, 30, 0
-48055, 6000, 615, 141, 31, 1
-48855, 6000, 615, 142, 32, 1
-49655, 6000, 615, 143, 33, 1
-50455, 6000, 615, 143, 35, 1
-51255, 6000, 615, 144, 36, 1
-52055, 6000, 615, 144, 38, 2
-52855, 6000, 615, 145, 40, 1
-53655, 6000, 615, 145, 42, 2
-54455, 6000, 615, 145, 44, 2
-55255, 6000, 615, 145, 47, 2
-56055, 6000, 615, 144, 51, 2
-56855, 6000, 615, 142, 54, 2
-57655, 6000, 615, 140, 56, 1
-58455, 6000, 615, 136, 59, 0
-59255, 6000, 615, 131, 63, 0
-60055, 6000, 615, 125, 66, 0
-60855, 6000, 615, 117, 69, -1
-61655, 6000, 615, 109, 72, -2
-62455, 6000, 615, 100, 74, -3
-63255, 6000, 615, 92, 75, -3
-64055, 6000, 615, 84, 76, -4
-64855, 6000, 615, 77, 77, -5
-65655, 6000, 615, 70, 76, -6
-66455, 6000, 615, 64, 75, -7
-67255, 6000, 615, 60, 73, -7
-68055, 6000, 615, 53, 71, -8
-68855, 6000, 615, 49, 69, -8
-69655, 6000, 615, 45, 67, -9
-70455, 6000, 615, 41, 64, -9
-71255, 6000, 615, 38, 62, -9
-72000, 5945, 615, 35, 60, -9
-72000, 5145, 615, 34, 57, -4
-71545, 4800, 615, 33, 54, -3
-70745, 4800, 615, 37, 57, -2
-69945, 4800, 615, 39, 60, -1
-69145, 4800, 615, 42, 61, 0
-68345, 4800, 615, 45, 63, 1
-67545, 4800, 615, 49, 64, 2
-66745, 4800, 615, 53, 66, 3
-65945, 4800, 615, 58, 66, 4
-65145, 4800, 615, 63, 67, 6
-64345, 4800, 615, 68, 67, 7
-63545, 4800, 615, 74, 67, 9
-62745, 4800, 615, 80, 66, 11
-61945, 4800, 615, 86, 65, 13
-61145, 4800, 615, 91, 62, 14
-60345, 4800, 615, 97, 60, 16
-59545, 4800, 615, 102, 58, 17
-58745, 4800, 615, 108, 55, 18
-57945, 4800, 615, 111, 52, 20
-57145, 4800, 615, 114, 50, 20
-56345, 4800, 615, 116, 47, 21
-55545, 4800, 615, 118, 45, 22
-54745, 4800, 615, 118, 42, 22
-53945, 4800, 615, 119, 40, 22
-53145, 4800, 615, 119, 38, 22
-52345, 4800, 615, 119, 37, 22
-51545, 4800, 615, 119, 34, 22
-50745, 4800, 615, 119, 33, 22
-49945, 4800, 615, 119, 32, 22
-49145, 4800, 615, 119, 31, 21
-48345, 4800, 615, 118, 29, 21
-47545, 4800, 615, 118, 28, 21
-46745, 4800, 615, 118, 27, 20
-45945, 4800, 615, 117, 27, 20
-45145, 4800, 615, 117, 25, 20
-44345, 4800, 615, 117, 24, 19
-43545, 4800, 615, 116, 23, 19
-42745, 4800, 615, 116, 23, 18
-41945, 4800, 615, 115, 22, 18
-41145, 4800, 615, 115, 22, 17
-40345, 4800, 615, 115, 21, 17
-39545, 4800, 615, 115, 21, 17
-38745, 4800, 615, 115, 20, 16
-37945, 4800, 615, 115, 19, 16
-37145, 4800, 615, 114, 19, 15
-36345, 4800, 615, 114, 19, 15
-35545, 4800, 615, 114, 18, 15
-34745, 4800, 615, 115, 17, 14
-33945, 4800, 615, 115, 18, 14
-33145, 4800, 615, 115, 17, 14
-32345, 4800, 615, 114, 17, 14
-31545, 4800, 615, 114, 16, 14
-30745, 4800, 615, 115, 16, 14
-29945, 4800, 615, 115, 16, 14
-29145, 4800, 615, 115, 15, 14
-28345, 4800, 615, 115, 14, 14
-27545, 4800, 615, 115, 15, 14
-26745, 4800, 615, 115, 13, 13
-25945, 4800, 615, 116, 13, 13
-25145, 4800, 615, 116, 12, 13
-24345, 4800, 615, 116, 11, 14
-23545, 4800, 615, 116, 10, 14
-22745, 4800, 615, 117, 10, 14
-21945, 4800, 615, 117, 8, 14
-21145, 4800, 615, 118, 7, 14
-20345, 4800, 615, 120, 6, 14
-19545, 4800, 615, 119, 5, 14
-18745, 4800, 615, 119, 3, 14
-17945, 4800, 615, 119, 1, 14
-17145, 4800, 615, 120, 0, 14
-16345, 4800, 615, 120, -2, 14
-15545, 4800, 615, 121, -5, 14
-14745, 4800, 615, 121, -7, 15
-13945, 4800, 615, 121, -10, 15
-13145, 4800, 615, 121, -14, 14
-12345, 4800, 615, 123, -17, 14
-11545, 4800, 615, 119, -20, 14
-10745, 4800, 615, 119, -23, 14
-9945, 4800, 615, 117, -27, 13
-9145, 4800, 615, 115, -30, 13
-8345, 4800, 615, 111, -33, 12
-7545, 4800, 615, 107, -35, 12
-6745, 4800, 615, 102, -37, 10
-5945, 4800, 615, 96, -38, 10
-5145, 4800, 615, 90, -40, 8
-4345, 4800, 615, 84, -40, 7
-3545, 4800, 615, 77, -39, 6
-2745, 4800, 615, 72, -40, 5
-1945, 4800, 615, 66, -40, 4
-1145, 4800, 615, 60, -39, 2
-345, 4800, 615, 57, -38, 2
0, 4345, 615, 52, -36, 4
-55, 3600, 615, 48, -34, 9
-855, 3600, 615, 50, -34, 10
-1655, 3600, 615, 54, -35, 12
-2455, 3600, 615, 58, -35, 14
-3255, 3600, 615, 62, -35, 17
-4055, 3600, 615, 66, -35, 17
-4855, 3600, 615, 70, -34, 20
-5655, 3600, 615, 74, -34, 21
-6455, 3600, 615, 78, -33, 23
-7255, 3600, 615, 82, -32, 25
-8055, 3600, 615, 85, -31, 26
-8855, 3600, 615, 89, -28, 28
-9655, 3600, 615, 91, -26, 29
-10455, 3600, 615, 92, -23, 29
-11255, 3600, 615, 94, -21, 30
-12055, 3600, 615, 95, -18, 30
-12855, 3600, 615, 97, -16, 31
-13655, 3600, 615, 97, -12, 32
-14455, 3600, 615, 97, -11, 32
-15255, 3600, 615, 97, -8, 32
-16055, 3600, 615, 97, -6, 32
-16855, 3600, 615, 97, -4, 32
-17655, 3600, 615, 97, -2, 32
-18455, 3600, 615, 97, -1, 32
-19255, 3600, 615, 97, 1, 32
-20055, 3600, 615, 97, 3, 32
-20855, 3600, 615, 96, 4, 31
-21655, 3600, 615, 96, 4, 31
-22455, 3600, 615, 96, 5, 31
-23255, 3600, 615, 96, 7, 31
-24055, 3600, 615, 96, 8, 31
-24855, 3600, 615, 95, 9, 31
-25655, 3600, 615, 95, 9, 31
-26455, 3600, 615, 95, 10, 31
-27255, 3600, 615, 94, 11, 31
-28055, 3600, 615, 94, 11, 31
-28855, 3600, 615, 94, 12, 31
-29655, 3600, 615, 94, 13, 31
-30455, 3600, 615, 94, 13, 30
-31255, 3600, 615, 94, 13, 31
-32055, 3600, 615, 94, 14, 31
-32855, 3600, 615, 94, 14, 31
-33655, 3600, 615, 94, 15, 31
-34455, 3600, 615, 94, 15, 31
-35255, 3600, 615, 94, 16, 32
-36055, 3600, 615, 94, 16, 32
-36855, 3600, 615, 93, 17, 32
-37655, 3600, 615, 94, 17, 33
-38455, 3600, 615, 94, 18, 32
-39255, 3600, 615, 94, 18, 33
-40055, 3600, 615, 94, 18, 33
-40855, 3600, 615, 94, 19, 34
-41655, 3600, 615, 94, 20, 34
-42455, 3600, 615, 94, 20, 34
-43255, 3600, 615, 94, 21, 34
-44055, 3600, 615, 95, 22, 35
-44855, 3600, 615, 95, 23, 35
-45655, 3600, 615, 95, 24, 36
-46455, 3600, 615, 95, 25, 36
-47255, 3600, 615, 95, 25, 36
-48055, 3600, 615, 96, 27, 37
-48855, 3600, 615, 96, 27, 36
-49655, 3600, 615, 95, 29, 37
-50455, 3600, 615, 95, 30, 37
-51255, 3600, 615, 94, 31, 37
-52055, 3600, 615, 95, 33, 37
-52855, 3600, 615, 95, 33, 37
-53655, 3600, 615, 94, 36, 37
-54455, 3600, 615, 94, 38, 37
-55255, 3600, 615, 93, 39, 36
-56055, 3600, 615, 92, 41, 37
-56855, 3600, 615, 90, 43, 35
-57655, 3600, 615, 88, 45, 34
-58455, 3600, 615, 85, 47, 33
-59255, 3600, 615, 83, 50, 32
-60055, 3600, 615, 79, 51, 30
-60855, 3600, 615, 76, 53, 28
-61655, 3600, 615, 72, 54, 26
-62455, 3600, 615, 68, 56, 24
-63255, 3600, 615, 64, 57, 21
-64055, 3600, 615, 60, 57, 19
-64855, 3600, 615, 57, 58, 17
-65655, 3600, 615, 53, 58, 15
-66455, 3600, 615, 49, 58, 13
-67255, 3600, 615, 46, 57, 11
-68055, 3600, 615, 43, 56, 9
-68855, 3600, 615, 40, 55, 8
-69655, 3600, 615, 37, 53, 7
-70455, 3600, 615, 35, 52, 5
-71255, 3600, 615, 33, 51, 4
-72000, 3545, 615, 31, 49, 3
-72000, 2745, 615, 29, 46, 6
-71545, 2400, 615, 28, 44, 7
-70745, 2400, 615, 30, 45, 9
-69945, 2400, 615, 32, 46, 10
-69145, 2400, 615, 33, 47, 12
-68345, 2400, 615, 36, 47, 13
-67545, 2400, 615, 38, 48, 15
-66745, 2400, 615, 40, 49, 17
-65945, 2400, 615, 43, 49, 19
-65145, 2400, 615, 45, 49, 21
-64345, 2400, 615, 47, 49, 23
-63545, 2400, 615, 51, 49, 25
-62745, 2400, 615, 53, 48, 27
-61945, 2400, 615, 55, 47, 30
-61145, 2400, 615, 58, 46, 32
-60345, 2400, 615, 61, 45, 34
-59545, 2400, 615, 63, 43, 36
-58745, 2400, 615, 65, 42, 37
-57945, 2400, 615, 67, 40, 39
-57145, 2400, 615, 68, 39, 40
-56345, 2400, 615, 70, 38, 42
-55545, 2400, 615, 71, 36, 43
-54745, 2400, 615, 72, 34, 43
-53945, 2400, 615, 73, 33, 43
-53145, 2400, 615, 74, 32, 44
-52345, 2400, 615, 74, 30, 44
-51545, 2400, 615, 75, 29, 44
-50745, 2400, 615, 75, 28, 44
-49945, 2400, 615, 75, 26, 44
-49145, 2400, 615, 76, 26, 44
-48345, 2400, 615, 76, 25, 44
-47545, 2400, 615, 76, 23, 44
-46745, 2400, 615, 77, 22, 44
-45945, 2400, 615, 76, 22, 44
-45145, 2400, 615, 76, 20, 44
-44345, 2400, 615, 76, 20, 43
-43545, 2400, 615, 76, 19, 43
-42745, 2400, 615, 76, 19, 44
-41945, 2400, 615, 76, 18, 43
-41145, 2400, 615, 76, 17, 42
-40345, 2400, 615, 76, 17, 42
-39545, 2400, 615, 76, 16, 42
-38745, 2400, 615, 76, 16, 42
-37945, 2400, 615, 76, 15, 42
-37145, 2400, 615, 76, 14, 41
-36345, 2400, 615, 76, 14, 41
-35545, 2400, 615, 76, 13, 41
-34745, 2400, 615, 76, 13, 41
-33945, 2400, 615, 76, 12, 41
-33145, 2400, 615, 76, 12, 41
-32345, 2400, 615, 76, 11, 40
-31545, 2400, 615, 76, 11, 40
-30745, 2400, 615, 76, 10, 40
-29945, 2400, 615, 76, 10, 41
-29145, 2400, 615, 76, 9, 40
-28345, 2400, 615, 76, 9, 40
-27545, 2400, 615, 76, 8, 40
-26745, 2400, 615, 76, 8, 40
-25945, 2400, 615, 76, 6, 41
-25145, 2400, 615, 76, 6, 40
-24345, 2400, 615, 77, 5, 41
-23545, 2400, 615, 77, 4, 41
-22745, 2400, 615, 77, 3, 41
-21945, 2400, 615, 77, 2, 41
-21145, 2400, 615, 77, 1, 41
-20345, 2400, 615, 77, 0, 41
-19545, 2400, 615, 77, -1, 41
-18745, 2400, 615, 77, -3, 41
-17945, 2400, 615, 77, -4, 41
-17145, 2400, 615, 77, -5, 41
-16345, 2400, 615, 77, -7, 41
-15545, 2400, 615, 77, -9, 41
-14745, 2400, 615, 76, -11, 41
-13945, 2400, 615, 76, -12, 40
-13145, 2400, 615, 75, -14, 41
-12345, 2400, 615, 75, -16, 40
-11545, 2400, 615, 74, -19, 39
-10745, 2400, 615, 73, -20, 39
-9945, 2400, 615, 71, -22, 37
-9145, 2400, 615, 70, -24, 36
-8345, 2400, 615, 68, -26, 35
-7545, 2400, 615, 66, -27, 33
-6745, 2400, 615, 63, -28, 31
-5945, 2400, 615, 61, -29, 30
-5145, 2400, 615, 59, -30, 29
-4345, 2400, 615, 56, -30, 26
-3545, 2400, 615, 53, -30, 24
-2745, 2400, 615, 50, -31, 22
-1945, 2400, 615, 47, -31, 20
-1145, 2400, 615, 45, -31, 18
-345, 2400, 615, 42, -31, 16
0, 1945, 615, 39, -29, 17
-55, 1200, 615, 35, -26, 19
-855, 1200, 615, 37, -27, 20
-1655, 1200, 615, 39, -27, 22
-2455, 1200, 615, 41, -27, 24
-3255, 1200, 615, 43, -26, 26
-4055, 1200, 615, 44, -26, 28
-4855, 1200, 615, 47, -25, 30
-5655, 1200, 615, 48, -25, 31
-6455, 1200, 615, 50, -25, 34
-7255, 1200, 615, 53, -24, 35
-8055, 1200, 615, 54, -23, 36
-8855, 1200, 615, 55, -22, 39
-9655, 1200, 615, 56, -20, 39
-10455, 1200, 615, 57, -19, 41
-11255, 1200, 615, 59, -18, 41
-12055, 1200, 615, 59, -16, 43
-12855, 1200, 615, 60, -15, 43
-13655, 1200, 615, 61, -13, 44
-14455, 1200, 615, 61, -12, 44
-15255, 1200, 615, 62, -10, 44
-16055, 1200, 615, 62, -9, 45
-16855, 1200, 615, 62, -7, 44
-17655, 1200, 615, 63, -6, 45
-18455, 1200, 615, 62, -4, 45
-19255, 1200, 615, 63, -4, 45
-20055, 1200, 615, 63, -2, 45
-20855, 1200, 615, 63, -1, 45
-21655, 1200, 615, 63, 0, 45
-22455, 1200, 615, 63, 1, 45
-23255, 1200, 615, 63, 2, 46
-24055, 1200, 615, 63, 2, 45
-24855, 1200, 615, 63, 3, 45
-25655, 1200, 615, 63, 4, 45
-26455, 1200, 615, 63, 5, 45
-27255, 1200, 615, 63, 6, 45
-28055, 1200, 615, 63, 6, 45
-28855, 1200, 615, 63, 7, 45
-29655, 1200, 615, 63, 7, 45
-30455, 1200, 615, 63, 8, 44
-31255, 1200, 615, 63, 9, 45
-32055, 1200, 615, 63, 9, 45
-32855, 1200, 615, 63, 10, 45
-33655, 1200, 615, 63, 11, 45
-34455, 1200, 615, 62, 12, 45
-35255, 1200, 615, 62, 11, 45
-36055, 1200, 615, 63, 12, 46
-36855, 1200, 615, 63, 13, 46
-37655, 1200, 615, 62, 13, 46
-38455, 1200, 615, 63, 13, 47
-39255, 1200, 615, 62, 14, 46
-40055, 1200, 615, 63, 15, 46
-40855, 1200, 615, 63, 15, 46
-41655, 1200, 615, 63, 16, 46
-42455, 1200, 615, 62, 16, 47
-43255, 1200, 615, 62, 17, 47
-44055, 1200, 615, 62, 18, 46
-44855, 1200, 615, 62, 18, 47
-45655, 1200, 615, 62, 19, 47
-46455, 1200, 615, 62, 20, 47
-47255, 1200, 615, 62, 20, 47
-48055, 1200, 615, 62, 22, 47
-48855, 1200, 615, 62, 23, 47
-49655, 1200, 615, 61, 24, 47
-50455, 1200, 615, 61, 24, 47
-51255, 1200, 615, 61, 25, 47
-52055, 1200, 615, 59, 27, 46
-52855, 1200, 615, 60, 28, 46
-53655, 1200, 615, 59, 29, 46
-54455, 1200, 615, 58, 30, 45
-55255, 1200, 615, 58, 31, 44
-56055, 1200, 615, 57, 32, 43
-56855, 1200, 615, 56, 34, 43
-57655, 1200, 615, 54, 35, 41
-58455, 1200, 615, 53, 36, 40
-59255, 1200, 615, 52, 37, 38
-60055, 1200, 615, 50, 38, 36
-60855, 1200, 615, 49, 39, 35
-61655, 1200, 615, 47, 40, 33
-62455, 1200, 615, 45, 41, 31
-63255, 1200, 615, 44, 41, 29
-64055, 1200, 615, 42, 43, 27
-64855, 1200, 615, 40, 42, 26
-65655, 1200, 615, 38, 43, 24
-66455, 1200, 615, 36, 42, 22
-67255, 1200, 615, 34, 42, 19
-68055, 1200, 615, 33, 41, 18
-68855, 1200, 615, 31, 42, 16
-69655, 1200, 615, 29, 41, 14
-70455, 1200, 615, 28, 40, 13
-71255, 1200, 615, 27, 40, 12
-72000, 1145, 615, 25, 39, 11
-72000, 345, 615, 24, 36, 12
-71545, 0, 615, 23, 34, 13
-70745, 0, 615, 24, 34, 14
-69945, 0, 615, 25, 35, 15
-69145, 0, 615, 26, 36, 17
-68345, 0, 615, 27, 36, 18
-67545, 0, 615, 29, 36, 20
-66745, 0, 615, 30, 36, 21
-65945, 0, 615, 31, 36, 23
-65145, 0, 615, 32, 36, 24
-64345, 0, 615, 33, 36, 26
-63545, 0, 615, 35, 36, 29
-62745, 0, 615, 36, 35, 30
-61945, 0, 615, 38, 35, 31
-61145, 0, 615, 39, 34, 33
-60345, 0, 615, 40, 33, 35
-59545, 0, 615, 41, 33, 36
-58745, 0, 615, 42, 32, 38
-57945, 0, 615, 45, 31, 40
-57145, 0, 615, 44, 30, 40
-56345, 0, 615, 45, 29, 41
-55545, 0, 615, 46, 28, 42
-54745, 0, 615, 47, 27, 43
-53945, 0, 615, 47, 26, 44
-53145, 0, 615, 47, 26, 44
-52345, 0, 615, 48, 26, 44
-51545, 0, 615, 49, 24, 45
-50745, 0, 615, 50, 22, 45
-49945, 0, 615, 50, 22, 46
-49145, 0, 615, 50, 21, 46
-48345, 0, 615, 50, 20, 46
-47545, 0, 615, 51, 19, 46
-46745, 0, 615, 51, 19, 46
-45945, 0, 615, 51, 18, 46
-45145, 0, 615, 51, 17, 46
-44345, 0, 615, 51, 16, 46
-43545, 0, 615, 51, 15, 46
-42745, 0, 615, 52, 15, 46
-41945, 0, 615, 51, 14, 46
-41145, 0, 615, 51, 14, 46
-40345, 0, 615, 52, 13, 46
-39545, 0, 615, 51, 13, 46
-38745, 0, 615, 53, 12, 46
-37945, 0, 615, 52, 11, 46
-37145, 0, 615, 52, 11, 46
-36345, 0, 615, 52, 10, 45
-35545, 0, 615, 52, 10, 45
-34745, 0, 615, 52, 10, 46
-33945, 0, 615, 52, 9, 46
-33145, 0, 615, 52, 8, 45
-32345, 0, 615, 52, 8, 45
-31545, 0, 615, 52, 7, 45
-30745, 0, 615, 52, 7, 45
-29945, 0, 615, 52, 5, 45
-29145, 0, 615, 52, 5, 45
-28345, 0, 615, 52, 5, 45
-27545, 0, 615, 52, 4, 45
-26745, 0, 615, 52, 3, 45
-25945, 0, 615, 52, 3, 45
-25145, 0, 615, 52, 2, 45
-24345, 0, 615, 52, 1, 45
-23545, 0, 615, 52, 0, 45
-22745, 0, 615, 52, -1, 45
-21945, 0, 615, 52, -1, 45
-21145, 0, 615, 52, -2, 45
-20345, 0, 615, 51, -3, 45
-19545, 0, 615, 51, -4, 45
-18745, 0, 615, 51, -5, 45
-17945, 0, 615, 51, -6, 44
-17145, 0, 615, 51, -7, 45
-16345, 0, 615, 51, -8, 44
-15545, 0, 615, 50, -9, 44
-14745, 0, 615, 50, -10, 44
-13945, 0, 615, 50, -12, 43
-13145, 0, 615, 49, -13, 43
-12345, 0, 615, 48, -14, 42
-11545, 0, 615, 48, -15, 41
-10745, 0, 615, 48, -16, 41
-9945, 0, 615, 46, -17, 40
-9145, 0, 615, 45, -18, 39
-8345, 0, 615, 45, -19, 37
-7545, 0, 615, 44, -20, 36
-6745, 0, 615, 42, -21, 34
-5945, 0, 615, 41, -22, 33
-5145, 0, 615, 40, -22, 31
-4345, 0, 615, 38, -23, 30
-3545, 0, 615, 37, -23, 28
-2745, 0, 615, 35, -23, 27
-1945, 0, 615, 34, -23, 24
-1145, 0, 615, 33, -24, 23
-345, 0, 615, 31, -23, 22
0, -455, 615, 29, -22, 21
-55, -1200, 615, 27, -20, 22
-855, -1200, 615, 28, -20, 22
-1655, -1200, 615, 29, -20, 24
-2455, -1200, 615, 30, -20, 26
-3255, -1200, 615, 30, -20, 27
-4055, -1200, 615, 32, -20, 28
-4855, -1200, 615, 33, -19, 29
-5655, -1200, 615, 34, -19, 31
-6455, -1200, 615, 34, -19, 32
-7255, -1200, 615, 36, -18, 34
-8055, -1200, 615, 36, -17, 35
-8855, -1200, 615, 37, -16, 36
-9655, -1200, 615, 38, -15, 37
-10455, -1200, 615, 39, -15, 39
-11255, -1200, 615, 39, -14, 39
-12055, -1200, 615, 40, -14, 39
-12855, -1200, 615, 40, -12, 40
-13655, -1200, 615, 42, -11, 41
-14455, -1200, 615, 41, -10, 41
-15255, -1200, 615, 41, -9, 42
-16055, -1200, 615, 43, -9, 42
-16855, -1200, 615, 42, -8, 43
-17655, -1200, 615, 43, -7, 43
-18455, -1200, 615, 43, -5, 43
-19255, -1200, 615, 44, -5, 43
-20055, -1200, 615, 43, -4, 44
-20855, -1200, 615, 43, -3, 44
-21655, -1200, 615, 44, -2, 44
-22455, -1200, 615, 44, -1, 44
-23255, -1200, 615, 44, -1, 44
-24055, -1200, 615, 44, 0, 44
-24855, -1200, 615, 44, 0, 44
-25655, -1200, 615, 44, 2, 45
-26455, -1200, 615, 44, 2, 45
-27255, -1200, 615, 44, 2, 44
-28055, -1200, 615, 44, 3, 44
-28855, -1200, 615, 44, 4, 44
-29655, -1200, 615, 44, 5, 44
-30455, -1200, 615, 44, 5, 44
-31255, -1200, 615, 45, 6, 45
-32055, -1200, 615, 44, 6, 44
-32855, -1200, 615, 44, 7, 44
-33655, -1200, 615, 44, 7, 45
-34455, -1200, 615, 44, 8, 44
-35255, -1200, 615, 44, 8, 44
-36055, -1200, 615, 44, 9, 44
-36855, -1200, 615, 44, 9, 44
-37655, -1200, 615, 44, 10, 45
-38455, -1200, 615, 44, 11, 44
-39255, -1200, 615, 44, 11, 45
-40055, -1200, 615, 44, 12, 44
-40855, -1200, 615, 46, 12, 45
-41655, -1200, 615, 43, 13, 45
-42455, -1200, 615, 44, 13, 44
-43255, -1200, 615, 43, 14, 45
-44055, -1200, 615, 43, 15, 44
-44855, -1200, 615, 43, 14, 45
-45655, -1200, 615, 43, 16, 44
-46455, -1200, 615, 43, 17, 44
-47255, -1200, 615, 43, 17, 44
-48055, -1200, 615, 43, 18, 44
-48855, -1200, 615, 42, 19, 44
-49655, -1200, 615, 42, 20, 44
-50455, -1200, 615, 41, 20, 43
-51255, -1200, 615, 41, 21, 43
-52055, -1200, 615, 41, 22, 43
-52855, -1200, 615, 40, 22, 42
-53655, -1200, 615, 40, 23, 41
-54455, -1200, 615, 39, 24, 41
-55255, -1200, 615, 39, 25, 40
-56055, -1200, 615, 38, 26, 39
-56855, -1200, 615, 37, 26, 38
-57655, -1200, 615, 37, 27, 38
-58455, -1200, 615, 36, 27, 36
-59255, -1200, 615, 35, 28, 35
-60055, -1200, 615, 35, 29, 34
-60855, -1200, 615, 34, 30, 33
-61655, -1200, 615, 33, 29, 31
-62455, -1200, 615, 32, 30, 30
-63255, -1200, 615, 31, 31, 28
-64055, -1200, 615, 29, 31, 27
-64855, -1200, 615, 29, 31, 25
-65655, -1200, 615, 28, 31, 24
-66455, -1200, 615, 27, 32, 23
-67255, -1200, 615, 26, 31, 21
-68055, -1200, 615, 25, 32, 20
-68855, -1200, 615, 24, 31, 18
-69655, -1200, 615, 23, 31, 18
-70455, -1200, 615, 22, 31, 16
-71255, -1200, 615, 21, 30, 15
-72000, -1255, 615, 21, 30, 14
-72000, -2055, 615, 19, 28, 14
-71545, -2400, 615, 19, 27, 15
-70745, -2400, 615, 19, 27, 15
-69945, -2400, 615, 20, 27, 16
-69145, -2400, 615, 20, 27, 18
-68345, -2400, 615, 21, 27, 19
-67545, -2400, 615, 22, 27, 20
-66745, -2400, 615, 23, 27, 21
-65945, -2400, 615, 24, 27, 22
-65145, -2400, 615, 24, 27, 23
-64345, -2400, 615, 25, 27, 24
-63545, -2400, 615, 25, 27, 26
-62745, -2400, 615, 26, 26, 27
-61945, -2400, 615, 27, 26, 28
-61145, -2400, 615, 28, 26, 29
-60345, -2400, 615, 28, 25, 31
-59545, -2400, 615, 29, 25, 32
-58745, -2400, 615, 30, 25, 34
-57945, -2400, 615, 31, 24, 34
-57145, -2400, 615, 31, 23, 35
-56345, -2400, 615, 31, 23, 35
-55545, -2400, 615, 32, 23, 36
-54745, -2400, 615, 32, 21, 37
-53945, -2400, 615, 33, 20, 38
-53145, -2400, 615, 33, 20, 38
-52345, -2400, 615, 34, 20, 39
-51545, -2400, 615, 34, 19, 40
-50745, -2400, 615, 34, 18, 40
-49945, -2400, 615, 35, 18, 40
-49145, -2400, 615, 35, 17, 40
-48345, -2400, 615, 35, 16, 41
-47545, -2400, 615, 36, 15, 41
-46745, -2400, 615, 36, 15, 41
-45945, -2400, 615, 36, 14, 41
-45145, -2400, 615, 36, 14, 41
-44345, -2400, 615, 37, 13, 42
-43545, -2400, 615, 36, 13, 42
-42745, -2400, 615, 36, 12, 42
-41945, -2400, 615, 37, 12, 42
-41145, -2400, 615, 37, 11, 42
-40345, -2400, 615, 37, 10, 42
-39545, -2400, 615, 37, 10, 42
-38745, -2400, 615, 37, 9, 42
-37945, -2400, 615, 37, 9, 42
-37145, -2400, 615, 37, 8, 42
-36345, -2400, 615, 37, 8, 42
-35545, -2400, 615, 37, 7, 42
-34745, -2400, 615, 37, 6, 42
-33945, -2400, 615, 37, 6, 42
-33145, -2400, 615, 37, 6, 42
-32345, -2400, 615, 37, 5, 42
-31545, -2400, 615, 37, 5, 42
-30745, -2400, 615, 37, 4, 42
-29945, -2400, 615, 37, 4, 42
-29145, -2400, 615, 37, 3, 42
-28345, -2400, 615, 37, 2, 42
-27545, -2400, 615, 37, 2, 42
-26745, -2400, 615, 37, 2, 41
-25945, -2400, 615, 37, 1, 43
-25145, -2400, 615, 37, 0, 42
-24345, -2400, 615, 37, -1, 42
-23545, -2400, 615, 37, -1, 42
-22745, -2400, 615, 37, -1, 41
-21945, -2400, 615, 36, -3, 42
-21145, -2400, 615, 37, -3, 41
-20345, -2400, 615, 36, -4, 41
-19545, -2400, 615, 36, -4, 40
-18745, -2400, 615, 36, -5, 40
-17945, -2400, 615, 36, -6, 40
-17145, -2400, 615, 35, -6, 40
-16345, -2400, 615, 35, -8, 40
-15545, -2400, 615, 35, -8, 40
-14745, -2400, 615, 35, -9, 39
-13945, -2400, 615, 35, -10, 38
-13145, -2400, 615, 34, -11, 37
-12345, -2400, 615, 33, -11, 37
-11545, -2400, 615, 33, -12, 36
-10745, -2400, 615, 33, -13, 36
-9945, -2400, 615, 32, -14, 35
-9145, -2400, 615, 31, -14, 34
-8345, -2400, 615, 31, -14, 33
-7545, -2400, 615, 31, -16, 32
-6745, -2400, 615, 30, -16, 30
-5945, -2400, 615, 29, -16, 30
-5145, -2400, 615, 29, -17, 28
-4345, -2400, 615, 28, -17, 28
-3545, -2400, 615, 27, -18, 27
-2745, -2400, 615, 26, -18, 25
-1945, -2400, 615, 25, -18, 24
-1145, -2400, 615, 25, -18, 23
-345, -2400, 615, 23, -18, 22
